센터코드,센터명,자치구,행정동,요금용도코드,요금용도명,등급,법적산정제외,수용가수
9001,자양,광진구,구의제1동,NCH20,,6.0,0,1
9001,자양,광진구,구의제1동,NCH20,,10.0,0,2
9001,자양,광진구,구의제1동,NCH20,,65.0,0,1
9001,자양,광진구,구의제1동,NFH80,,6.0,0,1
9001,자양,광진구,구의제1동,NRC10,,4.0,0,3
9001,자양,광진구,구의제1동,NRH11,,4.0,0,478
9001,자양,광진구,구의제1동,NRH11,,6.0,0,249
9001,자양,광진구,구의제1동,NWH41,,10.0,0,1
9001,자양,광진구,능동,NAH36,,4.0,0,3
9001,자양,광진구,능동,NAH36,,6.0,0,1
9001,자양,광진구,능동,NAH36,,10.0,0,2
9001,자양,광진구,능동,NAH36,,16.0,0,1
9001,자양,광진구,능동,NAH36,,65.0,0,3
9001,자양,광진구,능동,NAH36,,100.0,0,2
9001,자양,광진구,능동,NAH36,,400.0,0,1
9001,자양,광진구,능동,NCH20,,2.0,0,1
9001,자양,광진구,능동,NCH20,,2.5,0,22
9001,자양,광진구,능동,NCH20,,3.0,0,3
9001,자양,광진구,능동,NCH20,,4.0,0,44
9001,자양,광진구,능동,NCH20,,5.0,0,1
9001,자양,광진구,능동,NCH20,,6.0,0,52
9001,자양,광진구,능동,NCH20,,10.0,0,58
9001,자양,광진구,능동,NCH20,,16.0,0,42
9001,자양,광진구,능동,NCH20,,25.0,0,16
9001,자양,광진구,능동,NCH20,,40.0,0,6
9001,자양,광진구,능동,NCH20,,65.0,0,2
9001,자양,광진구,능동,NCH20,,100.0,0,2
9001,자양,광진구,능동,NCH20,,250.0,0,1
9001,자양,광진구,능동,NFH80,,65.0,0,1
9001,자양,광진구,능동,NIH40,,16.0,0,1
9001,자양,광진구,능동,NOH30,,2.0,0,1
9001,자양,광진구,능동,NOH30,,2.5,0,13
9001,자양,광진구,능동,NOH30,,3.0,0,2
9001,자양,광진구,능동,NOH30,,4.0,0,12
9001,자양,광진구,능동,NOH30,,5.0,0,1
9001,자양,광진구,능동,NOH30,,6.0,0,15
9001,자양,광진구,능동,NOH30,,10.0,0,3
9001,자양,광진구,능동,NOH30,,16.0,0,2
9001,자양,광진구,능동,NOH30,,25.0,0,3
9001,자양,광진구,능동,NOH30,,40.0,0,1
9001,자양,광진구,능동,NOH30,,65.0,0,2
9001,자양,광진구,능동,NOH30,,100.0,0,1
9001,자양,광진구,능동,NOH30,,1000.0,0,1
9001,자양,광진구,능동,NRC10,,3.0,0,2
9001,자양,광진구,능동,NRC10,,4.0,0,2
9001,자양,광진구,능동,NRC10,,6.0,0,1
9001,자양,광진구,능동,NRH11,,2.0,0,1
9001,자양,광진구,능동,NRH11,,2.5,0,970
9001,자양,광진구,능동,NRH11,,3.0,0,10
9001,자양,광진구,능동,NRH11,,4.0,0,4006
9001,자양,광진구,능동,NRH11,,6.0,0,454
9001,자양,광진구,능동,NRH11,,10.0,0,8
9001,자양,광진구,능동,NRH12,,2.5,0,1483
9001,자양,광진구,능동,NRH12,,4.0,0,42
9001,자양,광진구,능동,NRH12,,6.0,0,11
9001,자양,광진구,능동,NRH12,,10.0,0,1
9001,자양,광진구,능동,NRH15,,6.0,0,1
9001,자양,광진구,능동,NWH41,,4.0,0,3
9001,자양,광진구,능동,NWH41,,6.0,0,3
9001,자양,광진구,능동,NWH41,,16.0,0,1
9001,자양,광진구,능동,NWH41,,25.0,0,1
9001,자양,광진구,자양제1동,NAH36,,6.0,0,1
9001,자양,광진구,자양제1동,NAH36,,10.0,0,4
9001,자양,광진구,자양제1동,NAH36,,100.0,0,2
9001,자양,광진구,자양제1동,NCH20,,2.5,0,20
9001,자양,광진구,자양제1동,NCH20,,4.0,0,20
9001,자양,광진구,자양제1동,NCH20,,5.0,0,1
9001,자양,광진구,자양제1동,NCH20,,6.0,0,28
9001,자양,광진구,자양제1동,NCH20,,10.0,0,33
9001,자양,광진구,자양제1동,NCH20,,16.0,0,16
9001,자양,광진구,자양제1동,NCH20,,25.0,0,5
9001,자양,광진구,자양제1동,NCH20,,40.0,0,3
9001,자양,광진구,자양제1동,NCH20,,65.0,0,2
9001,자양,광진구,자양제1동,NCH20,,100.0,0,1
9001,자양,광진구,자양제1동,NCH20,,160.0,0,1
9001,자양,광진구,자양제1동,NCH34,,6.0,0,1
9001,자양,광진구,자양제1동,NCH34,,160.0,0,1
9001,자양,광진구,자양제1동,NFH80,,4.0,0,1
9001,자양,광진구,자양제1동,NOH30,,2.5,0,2
9001,자양,광진구,자양제1동,NOH30,,4.0,0,4
9001,자양,광진구,자양제1동,NOH30,,6.0,0,5
9001,자양,광진구,자양제1동,NOH30,,10.0,0,2
9001,자양,광진구,자양제1동,NOH30,,16.0,0,2
9001,자양,광진구,자양제1동,NOH30,,65.0,0,1
9001,자양,광진구,자양제1동,NOH30,,250.0,0,1
9001,자양,광진구,자양제1동,NOH30,,400.0,0,2
9001,자양,광진구,자양제1동,NRC10,,4.0,0,1
9001,자양,광진구,자양제1동,NRH11,,2.5,0,154
9001,자양,광진구,자양제1동,NRH11,,4.0,0,2244
9001,자양,광진구,자양제1동,NRH11,,6.0,0,234
9001,자양,광진구,자양제1동,NRH11,,10.0,0,4
9001,자양,광진구,자양제1동,NRH11,,16.0,0,1
9001,자양,광진구,자양제1동,NRH12,,2.5,0,289
9001,자양,광진구,자양제1동,NRH12,,4.0,0,17
9001,자양,광진구,자양제1동,NRH12,,6.0,0,3
9001,자양,광진구,자양제1동,NRH12,,10.0,0,2
9001,자양,광진구,자양제1동,NRH12,,16.0,0,1
9001,자양,광진구,자양제3동,NAH36,,25.0,0,1
9001,자양,광진구,자양제3동,NAH36,,65.0,0,3
9001,자양,광진구,자양제3동,NAH36,,250.0,0,1
9001,자양,광진구,자양제3동,NAH36,,400.0,0,2
9001,자양,광진구,자양제3동,NCH20,,2.0,0,1
9001,자양,광진구,자양제3동,NCH20,,2.5,0,14
9001,자양,광진구,자양제3동,NCH20,,3.0,0,1
9001,자양,광진구,자양제3동,NCH20,,4.0,0,67
9001,자양,광진구,자양제3동,NCH20,,6.0,0,92
9001,자양,광진구,자양제3동,NCH20,,7.0,0,2
9001,자양,광진구,자양제3동,NCH20,,10.0,0,90
9001,자양,광진구,자양제3동,NCH20,,16.0,0,46
9001,자양,광진구,자양제3동,NCH20,,25.0,0,14
9001,자양,광진구,자양제3동,NCH20,,40.0,0,13
9001,자양,광진구,자양제3동,NCH20,,65.0,0,3
9001,자양,광진구,자양제3동,NCH20,,100.0,0,3
9001,자양,광진구,자양제3동,NCH20,,160.0,0,3
9001,자양,광진구,자양제3동,NCH20,,250.0,0,4
9001,자양,광진구,자양제3동,NCH20,,400.0,0,2
9001,자양,광진구,자양제3동,NCH34,,160.0,0,2
9001,자양,광진구,자양제3동,NCH34,,250.0,0,3
9001,자양,광진구,자양제3동,NOH30,,2.0,0,1
9001,자양,광진구,자양제3동,NOH30,,2.5,0,7
9001,자양,광진구,자양제3동,NOH30,,3.0,0,1
9001,자양,광진구,자양제3동,NOH30,,4.0,0,16
9001,자양,광진구,자양제3동,NOH30,,5.0,0,1
9001,자양,광진구,자양제3동,NOH30,,6.0,0,24
9001,자양,광진구,자양제3동,NOH30,,10.0,0,1
9001,자양,광진구,자양제3동,NOH30,,16.0,0,2
9001,자양,광진구,자양제3동,NOH30,,25.0,0,2
9001,자양,광진구,자양제3동,NOH30,,40.0,0,3
9001,자양,광진구,자양제3동,NOH30,,65.0,0,2
9001,자양,광진구,자양제3동,NOH30,,100.0,0,3
9001,자양,광진구,자양제3동,NOH30,,160.0,0,1
9001,자양,광진구,자양제3동,NOH30,,250.0,0,3
9001,자양,광진구,자양제3동,NOH30,,400.0,0,1
9001,자양,광진구,자양제3동,NOH32,,250.0,0,5
9001,자양,광진구,자양제3동,NRC10,,2.0,0,7
9001,자양,광진구,자양제3동,NRC10,,2.5,0,7
9001,자양,광진구,자양제3동,NRC10,,3.0,0,8
9001,자양,광진구,자양제3동,NRC10,,4.0,0,3
9001,자양,광진구,자양제3동,NRH11,,2.5,0,298
9001,자양,광진구,자양제3동,NRH11,,3.0,0,13
9001,자양,광진구,자양제3동,NRH11,,4.0,0,6816
9001,자양,광진구,자양제3동,NRH11,,5.0,0,1
9001,자양,광진구,자양제3동,NRH11,,6.0,0,3218
9001,자양,광진구,자양제3동,NRH11,,10.0,0,55
9001,자양,광진구,자양제3동,NRH12,,2.5,0,401
9001,자양,광진구,자양제3동,NRH12,,4.0,0,12
9001,자양,광진구,자양제3동,NRH12,,6.0,0,4
9001,자양,광진구,자양제3동,NRH12,,10.0,0,4
9001,자양,광진구,자양제3동,NRH12,,16.0,0,1
9001,자양,광진구,자양제3동,NWH41,,4.0,0,15
9001,자양,광진구,자양제3동,NWH41,,6.0,0,7
9001,자양,광진구,자양제3동,NWH41,,10.0,0,3
9001,자양,광진구,자양제3동,NWH41,,16.0,0,2
9001,자양,광진구,자양제4동,NAH36,,4.0,0,2
9001,자양,광진구,자양제4동,NAH36,,6.0,0,2
9001,자양,광진구,자양제4동,NAH36,,10.0,0,1
9001,자양,광진구,자양제4동,NAH36,,25.0,0,1
9001,자양,광진구,자양제4동,NAH36,,65.0,0,1
9001,자양,광진구,자양제4동,NAH36,,100.0,0,1
9001,자양,광진구,자양제4동,NCH20,,2.5,0,36
9001,자양,광진구,자양제4동,NCH20,,3.0,0,9
9001,자양,광진구,자양제4동,NCH20,,4.0,0,138
9001,자양,광진구,자양제4동,NCH20,,5.0,0,5
9001,자양,광진구,자양제4동,NCH20,,6.0,0,180
9001,자양,광진구,자양제4동,NCH20,,7.0,0,3
9001,자양,광진구,자양제4동,NCH20,,10.0,0,187
9001,자양,광진구,자양제4동,NCH20,,16.0,0,69
9001,자양,광진구,자양제4동,NCH20,,25.0,0,42
9001,자양,광진구,자양제4동,NCH20,,40.0,0,7
9001,자양,광진구,자양제4동,NCH20,,100.0,0,2
9001,자양,광진구,자양제4동,NCH20,,160.0,0,2
9001,자양,광진구,자양제4동,NCH34,,250.0,0,1
9001,자양,광진구,자양제4동,NFH80,,2.5,0,1
9001,자양,광진구,자양제4동,NFH80,,4.0,0,3
9001,자양,광진구,자양제4동,NFH80,,6.0,0,1
9001,자양,광진구,자양제4동,NOH30,,2.5,0,4
9001,자양,광진구,자양제4동,NOH30,,3.0,0,6
9001,자양,광진구,자양제4동,NOH30,,4.0,0,21
9001,자양,광진구,자양제4동,NOH30,,5.0,0,1
9001,자양,광진구,자양제4동,NOH30,,6.0,0,17
9001,자양,광진구,자양제4동,NOH30,,10.0,0,2
9001,자양,광진구,자양제4동,NOH30,,25.0,0,2
9001,자양,광진구,자양제4동,NOH30,,40.0,0,2
9001,자양,광진구,자양제4동,NOH30,,100.0,0,1
9001,자양,광진구,자양제4동,NOH30,,160.0,0,1
9001,자양,광진구,자양제4동,NRC10,,2.5,0,3
9001,자양,광진구,자양제4동,NRC10,,3.0,0,7
9001,자양,광진구,자양제4동,NRC10,,4.0,0,6
9001,자양,광진구,자양제4동,NRH11,,2.5,0,1017
9001,자양,광진구,자양제4동,NRH11,,3.0,0,46
9001,자양,광진구,자양제4동,NRH11,,4.0,0,11224
9001,자양,광진구,자양제4동,NRH11,,5.0,0,1
9001,자양,광진구,자양제4동,NRH11,,6.0,0,428
9001,자양,광진구,자양제4동,NRH11,,10.0,0,13
9001,자양,광진구,자양제4동,NRH11,,16.0,0,1
9001,자양,광진구,자양제4동,NRH11,,25.0,0,1
9001,자양,광진구,자양제4동,NRH12,,2.5,0,2765
9001,자양,광진구,자양제4동,NRH12,,3.0,0,1
9001,자양,광진구,자양제4동,NRH12,,4.0,0,25
9001,자양,광진구,자양제4동,NRH12,,6.0,0,1
9001,자양,광진구,자양제4동,NRH12,,10.0,0,1
9001,자양,광진구,자양제4동,NRH12,,16.0,0,1
9001,자양,광진구,자양제4동,NWH41,,4.0,0,22
9001,자양,광진구,자양제4동,NWH41,,6.0,0,1
9001,자양,광진구,자양제4동,NWH41,,10.0,0,2
9001,자양,광진구,자양제4동,NWH41,,16.0,0,2
9001,자양,광진구,자양제4동,NWH41,,40.0,0,1
9001,자양,광진구,화양동,NAH36,,6.0,0,1
9001,자양,광진구,화양동,NAH36,,16.0,0,3
9001,자양,광진구,화양동,NAH36,,25.0,0,3
9001,자양,광진구,화양동,NAH36,,40.0,0,3
9001,자양,광진구,화양동,NAH36,,65.0,0,2
9001,자양,광진구,화양동,NAH36,,100.0,0,2
9001,자양,광진구,화양동,NAH36,,160.0,0,8
9001,자양,광진구,화양동,NAH36,,250.0,0,5
9001,자양,광진구,화양동,NAH36,,400.0,0,2
9001,자양,광진구,화양동,NAH36,,650.0,0,2
9001,자양,광진구,화양동,NAH36,,1000.0,0,1
9001,자양,광진구,화양동,NCH20,,2.5,0,96
9001,자양,광진구,화양동,NCH20,,3.0,0,3
9001,자양,광진구,화양동,NCH20,,4.0,0,177
9001,자양,광진구,화양동,NCH20,,5.0,0,3
9001,자양,광진구,화양동,NCH20,,6.0,0,309
9001,자양,광진구,화양동,NCH20,,7.0,0,2
9001,자양,광진구,화양동,NCH20,,10.0,0,402
9001,자양,광진구,화양동,NCH20,,16.0,0,188
9001,자양,광진구,화양동,NCH20,,25.0,0,83
9001,자양,광진구,화양동,NCH20,,40.0,0,24
9001,자양,광진구,화양동,NCH20,,65.0,0,19
9001,자양,광진구,화양동,NCH20,,100.0,0,6
9001,자양,광진구,화양동,NCH20,,160.0,0,4
9001,자양,광진구,화양동,NCH20,,250.0,0,2
9001,자양,광진구,화양동,NCH20,,400.0,0,1
9001,자양,광진구,화양동,NCH20,,650.0,0,3
9001,자양,광진구,화양동,NCH34,,7.0,0,1
9001,자양,광진구,화양동,NCH34,,100.0,0,1
9001,자양,광진구,화양동,NCH34,,160.0,0,2
9001,자양,광진구,화양동,NFH80,,2.5,0,1
9001,자양,광진구,화양동,NFH80,,4.0,0,3
9001,자양,광진구,화양동,NFH80,,6.0,0,2
9001,자양,광진구,화양동,NOH30,,2.5,0,16
9001,자양,광진구,화양동,NOH30,,3.0,0,5
9001,자양,광진구,화양동,NOH30,,4.0,0,31
9001,자양,광진구,화양동,NOH30,,5.0,0,3
9001,자양,광진구,화양동,NOH30,,6.0,0,16
9001,자양,광진구,화양동,NOH30,,7.0,0,1
9001,자양,광진구,화양동,NOH30,,10.0,0,3
9001,자양,광진구,화양동,NOH30,,16.0,0,4
9001,자양,광진구,화양동,NOH30,,25.0,0,4
9001,자양,광진구,화양동,NOH30,,40.0,0,4
9001,자양,광진구,화양동,NOH30,,65.0,0,8
9001,자양,광진구,화양동,NOH30,,100.0,0,6
9001,자양,광진구,화양동,NOH30,,160.0,0,3
9001,자양,광진구,화양동,NOH30,,250.0,0,1
9001,자양,광진구,화양동,NOH30,,400.0,0,1
9001,자양,광진구,화양동,NRC10,,2.0,0,11
9001,자양,광진구,화양동,NRC10,,2.5,0,100
9001,자양,광진구,화양동,NRC10,,3.0,0,8
9001,자양,광진구,화양동,NRC10,,4.0,0,7
9001,자양,광진구,화양동,NRH11,,2.5,0,3899
9001,자양,광진구,화양동,NRH11,,3.0,0,9
9001,자양,광진구,화양동,NRH11,,4.0,0,9496
9001,자양,광진구,화양동,NRH11,,6.0,0,528
9001,자양,광진구,화양동,NRH11,,10.0,0,18
9001,자양,광진구,화양동,NRH11,,16.0,0,6
9001,자양,광진구,화양동,NRH11,,25.0,0,1
9001,자양,광진구,화양동,NRH12,,2.5,0,8833
9001,자양,광진구,화양동,NRH12,,4.0,0,72
9001,자양,광진구,화양동,NRH12,,6.0,0,12
9001,자양,광진구,화양동,NRH12,,10.0,0,6
9001,자양,광진구,화양동,NRH12,,16.0,0,2
9001,자양,광진구,화양동,NRH12,,25.0,0,16
9001,자양,광진구,화양동,NWH41,,4.0,0,2
9001,자양,광진구,화양동,NWH41,,6.0,0,3
9001,자양,광진구,화양동,NWH41,,10.0,0,1
9001,자양,광진구,화양동,NWH41,,16.0,0,1
9002,휘경,성북구,석관동,NAH36,,40.0,0,1
9002,휘경,성북구,석관동,NAH36,,650.0,0,1
9002,휘경,성북구,석관동,NCH20,,6.0,0,1
9002,휘경,성북구,석관동,NCH20,,25.0,0,1
9002,휘경,성북구,석관동,NCH20,,65.0,0,1
9002,휘경,성북구,석관동,NCH20,,100.0,0,1
9002,휘경,동대문구,이문제1동,NAH36,,6.0,0,1
9002,휘경,동대문구,이문제1동,NAH36,,160.0,0,2
9002,휘경,동대문구,이문제1동,NAH36,,250.0,0,1
9002,휘경,동대문구,이문제1동,NCH20,,2.5,0,11
9002,휘경,동대문구,이문제1동,NCH20,,4.0,0,39
9002,휘경,동대문구,이문제1동,NCH20,,6.0,0,39
9002,휘경,동대문구,이문제1동,NCH20,,7.0,0,1
9002,휘경,동대문구,이문제1동,NCH20,,10.0,0,47
9002,휘경,동대문구,이문제1동,NCH20,,16.0,0,16
9002,휘경,동대문구,이문제1동,NCH20,,25.0,0,11
9002,휘경,동대문구,이문제1동,NCH20,,40.0,0,4
9002,휘경,동대문구,이문제1동,NCH20,,65.0,0,4
9002,휘경,동대문구,이문제1동,NCH20,,100.0,0,1
9002,휘경,동대문구,이문제1동,NCH20,,160.0,0,1
9002,휘경,동대문구,이문제1동,NCH20,,250.0,0,1
9002,휘경,동대문구,이문제1동,NFH80,,6.0,0,1
9002,휘경,동대문구,이문제1동,NOH30,,2.5,0,4
9002,휘경,동대문구,이문제1동,NOH30,,4.0,0,9
9002,휘경,동대문구,이문제1동,NOH30,,6.0,0,1
9002,휘경,동대문구,이문제1동,NOH30,,10.0,0,2
9002,휘경,동대문구,이문제1동,NOH30,,25.0,0,1
9002,휘경,동대문구,이문제1동,NOH30,,40.0,0,1
9002,휘경,동대문구,이문제1동,NOH30,,65.0,0,1
9002,휘경,동대문구,이문제1동,NOH30,,160.0,0,1
9002,휘경,동대문구,이문제1동,NOH30,,400.0,0,2
9002,휘경,동대문구,이문제1동,NOH30,,650.0,0,1
9002,휘경,동대문구,이문제1동,NOH30,,1000.0,0,1
9002,휘경,동대문구,이문제1동,NRC10,,2.5,0,1
9002,휘경,동대문구,이문제1동,NRC10,,4.0,0,4
9002,휘경,동대문구,이문제1동,NRH11,,2.5,0,1054
9002,휘경,동대문구,이문제1동,NRH11,,3.0,0,12
9002,휘경,동대문구,이문제1동,NRH11,,4.0,0,6165
9002,휘경,동대문구,이문제1동,NRH11,,6.0,0,447
9002,휘경,동대문구,이문제1동,NRH11,,10.0,0,5
9002,휘경,동대문구,이문제1동,NRH11,,25.0,0,4
9002,휘경,동대문구,이문제1동,NRH12,,2.5,0,2505
9002,휘경,동대문구,이문제1동,NRH12,,4.0,0,335
9002,휘경,동대문구,이문제1동,NRH12,,6.0,0,18
9002,휘경,동대문구,이문제1동,NRH12,,10.0,0,1
9002,휘경,동대문구,이문제1동,NWH41,,4.0,0,3
9002,휘경,동대문구,이문제1동,NWH41,,6.0,0,2
9002,휘경,동대문구,이문제1동,NWH41,,10.0,0,1
9002,휘경,동대문구,이문제1동,NWH41,,16.0,0,2
9002,휘경,동대문구,전농제2동,NAH36,,16.0,0,1
9002,휘경,동대문구,전농제2동,NAH36,,25.0,0,1
9002,휘경,동대문구,전농제2동,NAH36,,65.0,0,4
9002,휘경,동대문구,전농제2동,NAH36,,100.0,0,1
9002,휘경,동대문구,전농제2동,NAH36,,160.0,0,3
9002,휘경,동대문구,전농제2동,NAH36,,250.0,0,1
9002,휘경,동대문구,전농제2동,NCH20,,2.5,0,16
9002,휘경,동대문구,전농제2동,NCH20,,4.0,0,50
9002,휘경,동대문구,전농제2동,NCH20,,5.0,0,1
9002,휘경,동대문구,전농제2동,NCH20,,6.0,0,65
9002,휘경,동대문구,전농제2동,NCH20,,7.0,0,1
9002,휘경,동대문구,전농제2동,NCH20,,10.0,0,51
9002,휘경,동대문구,전농제2동,NCH20,,16.0,0,31
9002,휘경,동대문구,전농제2동,NCH20,,25.0,0,21
9002,휘경,동대문구,전농제2동,NCH20,,40.0,0,12
9002,휘경,동대문구,전농제2동,NCH20,,65.0,0,10
9002,휘경,동대문구,전농제2동,NCH20,,100.0,0,3
9002,휘경,동대문구,전농제2동,NCH20,,160.0,0,1
9002,휘경,동대문구,전농제2동,NCH20,,250.0,0,1
9002,휘경,동대문구,전농제2동,NCH20,,400.0,0,1
9002,휘경,동대문구,전농제2동,NCH34,,10.0,0,1
9002,휘경,동대문구,전농제2동,NCH34,,65.0,0,2
9002,휘경,동대문구,전농제2동,NCH34,,160.0,0,3
9002,휘경,동대문구,전농제2동,NCH34,,250.0,0,2
9002,휘경,동대문구,전농제2동,NCH34,,400.0,0,1
9002,휘경,동대문구,전농제2동,NFH80,,2.5,0,1
9002,휘경,동대문구,전농제2동,NFH80,,10.0,0,1
9002,휘경,동대문구,전농제2동,NIH40,,25.0,0,1
9002,휘경,동대문구,전농제2동,NOH30,,2.5,0,5
9002,휘경,동대문구,전농제2동,NOH30,,4.0,0,17
9002,휘경,동대문구,전농제2동,NOH30,,6.0,0,6
9002,휘경,동대문구,전농제2동,NOH30,,10.0,0,5
9002,휘경,동대문구,전농제2동,NOH30,,16.0,0,2
9002,휘경,동대문구,전농제2동,NOH30,,25.0,0,5
9002,휘경,동대문구,전농제2동,NOH30,,40.0,0,2
9002,휘경,동대문구,전농제2동,NOH30,,65.0,0,4
9002,휘경,동대문구,전농제2동,NOH30,,100.0,0,1
9002,휘경,동대문구,전농제2동,NOH30,,160.0,0,2
9002,휘경,동대문구,전농제2동,NOH30,,400.0,0,1
9002,휘경,동대문구,전농제2동,NOH30,,650.0,0,1
9002,휘경,동대문구,전농제2동,NOH30,,1000.0,0,1
9002,휘경,동대문구,전농제2동,NRC10,,3.0,0,1
9002,휘경,동대문구,전농제2동,NRC10,,4.0,0,6
9002,휘경,동대문구,전농제2동,NRH11,,2.5,0,65
9002,휘경,동대문구,전농제2동,NRH11,,3.0,0,6
9002,휘경,동대문구,전농제2동,NRH11,,4.0,0,6390
9002,휘경,동대문구,전농제2동,NRH11,,5.0,0,1
9002,휘경,동대문구,전농제2동,NRH11,,6.0,0,899
9002,휘경,동대문구,전농제2동,NRH11,,10.0,0,4
9002,휘경,동대문구,전농제2동,NRH11,,16.0,0,4
9002,휘경,동대문구,전농제2동,NRH12,,2.5,0,78
9002,휘경,동대문구,전농제2동,NRH12,,4.0,0,25
9002,휘경,동대문구,전농제2동,NRH12,,6.0,0,48
9002,휘경,동대문구,전농제2동,NRH12,,250.0,0,1
9002,휘경,동대문구,전농제2동,NWH41,,4.0,0,11
9002,휘경,동대문구,전농제2동,NWH41,,6.0,0,6
9002,휘경,동대문구,전농제2동,NWH41,,10.0,0,2
9002,휘경,동대문구,전농제2동,NWH41,,25.0,0,1
9002,휘경,동대문구,전농제2동,NWH42,,25.0,0,1
9002,휘경,동대문구,청량리동,NAH36,,10.0,0,2
9002,휘경,동대문구,청량리동,NAH36,,16.0,0,2
9002,휘경,동대문구,청량리동,NAH36,,25.0,0,2
9002,휘경,동대문구,청량리동,NAH36,,40.0,0,4
9002,휘경,동대문구,청량리동,NAH36,,65.0,0,4
9002,휘경,동대문구,청량리동,NAH36,,100.0,0,4
9002,휘경,동대문구,청량리동,NAH36,,400.0,0,1
9002,휘경,동대문구,청량리동,NAH36,,650.0,0,1
9002,휘경,동대문구,청량리동,NCH20,,2.5,0,72
9002,휘경,동대문구,청량리동,NCH20,,4.0,0,35
9002,휘경,동대문구,청량리동,NCH20,,6.0,0,34
9002,휘경,동대문구,청량리동,NCH20,,10.0,0,33
9002,휘경,동대문구,청량리동,NCH20,,16.0,0,14
9002,휘경,동대문구,청량리동,NCH20,,25.0,0,11
9002,휘경,동대문구,청량리동,NCH20,,40.0,0,3
9002,휘경,동대문구,청량리동,NCH20,,65.0,0,4
9002,휘경,동대문구,청량리동,NCH20,,100.0,0,1
9002,휘경,동대문구,청량리동,NCH34,,6.0,0,1
9002,휘경,동대문구,청량리동,NCH34,,250.0,0,1
9002,휘경,동대문구,청량리동,NOH30,,2.5,0,6
9002,휘경,동대문구,청량리동,NOH30,,4.0,0,15
9002,휘경,동대문구,청량리동,NOH30,,6.0,0,10
9002,휘경,동대문구,청량리동,NOH30,,7.0,0,1
9002,휘경,동대문구,청량리동,NOH30,,10.0,0,1
9002,휘경,동대문구,청량리동,NOH30,,16.0,0,4
9002,휘경,동대문구,청량리동,NOH30,,25.0,0,2
9002,휘경,동대문구,청량리동,NOH30,,100.0,0,1
9002,휘경,동대문구,청량리동,NOH30,,160.0,0,1
9002,휘경,동대문구,청량리동,NOH30,,1000.0,0,1
9002,휘경,동대문구,청량리동,NRC10,,2.5,0,1
9002,휘경,동대문구,청량리동,NRC10,,3.0,0,1
9002,휘경,동대문구,청량리동,NRC10,,4.0,0,12
9002,휘경,동대문구,청량리동,NRH11,,2.5,0,136
9002,휘경,동대문구,청량리동,NRH11,,3.0,0,2
9002,휘경,동대문구,청량리동,NRH11,,4.0,0,5338
9002,휘경,동대문구,청량리동,NRH11,,6.0,0,113
9002,휘경,동대문구,청량리동,NRH11,,7.0,0,1
9002,휘경,동대문구,청량리동,NRH11,,10.0,0,6
9002,휘경,동대문구,청량리동,NRH11,,16.0,0,2
9002,휘경,동대문구,청량리동,NRH12,,2.5,0,267
9002,휘경,동대문구,청량리동,NRH12,,4.0,0,5
9002,휘경,동대문구,청량리동,NRH12,,6.0,0,2
9002,휘경,동대문구,청량리동,NRH12,,10.0,0,1
9002,휘경,동대문구,청량리동,NWH41,,4.0,0,2
9002,휘경,동대문구,청량리동,NWH41,,6.0,0,6
9002,휘경,동대문구,청량리동,NWH41,,16.0,0,1
9002,휘경,동대문구,청량리동,NWH41,,40.0,0,2
9002,휘경,동대문구,회기동,NAH36,,4.0,0,2
9002,휘경,동대문구,회기동,NAH36,,6.0,0,6
9002,휘경,동대문구,회기동,NAH36,,10.0,0,6
9002,휘경,동대문구,회기동,NAH36,,16.0,0,1
9002,휘경,동대문구,회기동,NAH36,,25.0,0,3
9002,휘경,동대문구,회기동,NAH36,,40.0,0,9
9002,휘경,동대문구,회기동,NAH36,,65.0,0,4
9002,휘경,동대문구,회기동,NAH36,,100.0,0,7
9002,휘경,동대문구,회기동,NAH36,,160.0,0,3
9002,휘경,동대문구,회기동,NAH36,,250.0,0,5
9002,휘경,동대문구,회기동,NCH20,,2.5,0,24
9002,휘경,동대문구,회기동,NCH20,,3.0,0,1
9002,휘경,동대문구,회기동,NCH20,,4.0,0,78
9002,휘경,동대문구,회기동,NCH20,,5.0,0,2
9002,휘경,동대문구,회기동,NCH20,,6.0,0,185
9002,휘경,동대문구,회기동,NCH20,,7.0,0,1
9002,휘경,동대문구,회기동,NCH20,,10.0,0,176
9002,휘경,동대문구,회기동,NCH20,,16.0,0,91
9002,휘경,동대문구,회기동,NCH20,,25.0,0,36
9002,휘경,동대문구,회기동,NCH20,,40.0,0,8
9002,휘경,동대문구,회기동,NCH20,,65.0,0,6
9002,휘경,동대문구,회기동,NCH20,,100.0,0,9
9002,휘경,동대문구,회기동,NCH20,,160.0,0,2
9002,휘경,동대문구,회기동,NCH20,,250.0,0,1
9002,휘경,동대문구,회기동,NCH20,,400.0,0,1
9002,휘경,동대문구,회기동,NCH20,,650.0,0,1
9002,휘경,동대문구,회기동,NCH34,,25.0,0,1
9002,휘경,동대문구,회기동,NCH34,,40.0,0,1
9002,휘경,동대문구,회기동,NCH34,,65.0,0,1
9002,휘경,동대문구,회기동,NOH30,,2.5,0,5
9002,휘경,동대문구,회기동,NOH30,,3.0,0,1
9002,휘경,동대문구,회기동,NOH30,,4.0,0,16
9002,휘경,동대문구,회기동,NOH30,,6.0,0,3
9002,휘경,동대문구,회기동,NOH30,,10.0,0,3
9002,휘경,동대문구,회기동,NOH30,,16.0,0,1
9002,휘경,동대문구,회기동,NOH30,,25.0,0,1
9002,휘경,동대문구,회기동,NOH30,,40.0,0,3
9002,휘경,동대문구,회기동,NOH30,,65.0,0,4
9002,휘경,동대문구,회기동,NOH30,,100.0,0,1
9002,휘경,동대문구,회기동,NOH32,,1600.0,0,1
9002,휘경,동대문구,회기동,NRC10,,2.5,0,2
9002,휘경,동대문구,회기동,NRC10,,4.0,0,7
9002,휘경,동대문구,회기동,NRH11,,2.5,0,1238
9002,휘경,동대문구,회기동,NRH11,,3.0,0,2
9002,휘경,동대문구,회기동,NRH11,,4.0,0,4410
9002,휘경,동대문구,회기동,NRH11,,5.0,0,1
9002,휘경,동대문구,회기동,NRH11,,6.0,0,433
9002,휘경,동대문구,회기동,NRH11,,7.0,0,1
9002,휘경,동대문구,회기동,NRH11,,10.0,0,6
9002,휘경,동대문구,회기동,NRH11,,16.0,0,1
9002,휘경,동대문구,회기동,NRH11,,25.0,0,5
9002,휘경,동대문구,회기동,NRH12,,2.5,0,2961
9002,휘경,동대문구,회기동,NRH12,,4.0,0,50
9002,휘경,동대문구,회기동,NRH12,,6.0,0,10
9002,휘경,동대문구,회기동,NRH12,,10.0,0,5
9002,휘경,동대문구,회기동,NRH12,,16.0,0,1
9002,휘경,동대문구,회기동,NRH12,,25.0,0,1
9002,휘경,동대문구,회기동,NWH41,,4.0,0,3
9002,휘경,동대문구,회기동,NWH41,,6.0,0,3
9002,휘경,동대문구,회기동,NWH41,,16.0,0,1
9002,휘경,동대문구,회기동,NWH41,,25.0,0,1
9002,휘경,동대문구,휘경제1동,NAH36,,16.0,0,1
9002,휘경,동대문구,휘경제1동,NAH36,,100.0,0,1
9002,휘경,동대문구,휘경제1동,NCH20,,2.5,0,148
9002,휘경,동대문구,휘경제1동,NCH20,,3.0,0,1
9002,휘경,동대문구,휘경제1동,NCH20,,4.0,0,53
9002,휘경,동대문구,휘경제1동,NCH20,,6.0,0,49
9002,휘경,동대문구,휘경제1동,NCH20,,10.0,0,61
9002,휘경,동대문구,휘경제1동,NCH20,,16.0,0,33
9002,휘경,동대문구,휘경제1동,NCH20,,25.0,0,17
9002,휘경,동대문구,휘경제1동,NCH20,,40.0,0,6
9002,휘경,동대문구,휘경제1동,NCH20,,65.0,0,3
9002,휘경,동대문구,휘경제1동,NCH20,,100.0,0,1
9002,휘경,동대문구,휘경제1동,NCH34,,6.0,0,1
9002,휘경,동대문구,휘경제1동,NCH34,,400.0,0,1
9002,휘경,동대문구,휘경제1동,NFH80,,2.5,0,1
9002,휘경,동대문구,휘경제1동,NFH80,,4.0,0,2
9002,휘경,동대문구,휘경제1동,NOH30,,2.5,0,9
9002,휘경,동대문구,휘경제1동,NOH30,,4.0,0,8
9002,휘경,동대문구,휘경제1동,NOH30,,6.0,0,4
9002,휘경,동대문구,휘경제1동,NOH30,,10.0,0,1
9002,휘경,동대문구,휘경제1동,NOH30,,16.0,0,3
9002,휘경,동대문구,휘경제1동,NOH30,,25.0,0,5
9002,휘경,동대문구,휘경제1동,NOH30,,40.0,0,1
9002,휘경,동대문구,휘경제1동,NOH30,,400.0,0,2
9002,휘경,동대문구,휘경제1동,NRC10,,2.5,0,3
9002,휘경,동대문구,휘경제1동,NRC10,,4.0,0,9
9002,휘경,동대문구,휘경제1동,NRC10,,10.0,0,1
9002,휘경,동대문구,휘경제1동,NRH11,,2.5,0,659
9002,휘경,동대문구,휘경제1동,NRH11,,3.0,0,1
9002,휘경,동대문구,휘경제1동,NRH11,,4.0,0,5252
9002,휘경,동대문구,휘경제1동,NRH11,,6.0,0,1537
9002,휘경,동대문구,휘경제1동,NRH11,,10.0,0,7
9002,휘경,동대문구,휘경제1동,NRH11,,16.0,0,3
9002,휘경,동대문구,휘경제1동,NRH12,,2.5,0,3908
9002,휘경,동대문구,휘경제1동,NRH12,,4.0,0,247
9002,휘경,동대문구,휘경제1동,NRH12,,6.0,0,8
9002,휘경,동대문구,휘경제1동,NRH12,,10.0,0,2
9002,휘경,동대문구,휘경제1동,NRH12,,40.0,0,1
9002,휘경,동대문구,휘경제1동,NWH41,,4.0,0,2
9002,휘경,동대문구,휘경제1동,NWH41,,6.0,0,5
9002,휘경,동대문구,휘경제1동,NWH41,,10.0,0,4
9002,휘경,동대문구,휘경제1동,NWH41,,16.0,0,2
9002,휘경,동대문구,휘경제1동,NWH41,,40.0,0,1
9002,휘경,동대문구,휘경제1동,NWH41,,65.0,0,1
9002,휘경,동대문구,휘경제1동,NWH41,,100.0,0,1
9002,휘경,동대문구,휘경제2동,NAH36,,6.0,0,1
9002,휘경,동대문구,휘경제2동,NAH36,,16.0,0,2
9002,휘경,동대문구,휘경제2동,NAH36,,40.0,0,2
9002,휘경,동대문구,휘경제2동,NAH36,,65.0,0,4
9002,휘경,동대문구,휘경제2동,NAH36,,100.0,0,1
9002,휘경,동대문구,휘경제2동,NCH20,,2.5,0,30
9002,휘경,동대문구,휘경제2동,NCH20,,4.0,0,45
9002,휘경,동대문구,휘경제2동,NCH20,,5.0,0,1
9002,휘경,동대문구,휘경제2동,NCH20,,6.0,0,98
9002,휘경,동대문구,휘경제2동,NCH20,,10.0,0,79
9002,휘경,동대문구,휘경제2동,NCH20,,16.0,0,54
9002,휘경,동대문구,휘경제2동,NCH20,,25.0,0,5
9002,휘경,동대문구,휘경제2동,NCH20,,40.0,0,11
9002,휘경,동대문구,휘경제2동,NCH20,,65.0,0,7
9002,휘경,동대문구,휘경제2동,NCH20,,100.0,0,2
9002,휘경,동대문구,휘경제2동,NCH20,,160.0,0,3
9002,휘경,동대문구,휘경제2동,NCH20,,650.0,0,1
9002,휘경,동대문구,휘경제2동,NOH30,,2.5,0,4
9002,휘경,동대문구,휘경제2동,NOH30,,4.0,0,16
9002,휘경,동대문구,휘경제2동,NOH30,,6.0,0,12
9002,휘경,동대문구,휘경제2동,NOH30,,10.0,0,3
9002,휘경,동대문구,휘경제2동,NOH30,,16.0,0,6
9002,휘경,동대문구,휘경제2동,NOH30,,25.0,0,5
9002,휘경,동대문구,휘경제2동,NOH30,,40.0,0,2
9002,휘경,동대문구,휘경제2동,NOH30,,65.0,0,1
9002,휘경,동대문구,휘경제2동,NOH30,,100.0,0,1
9002,휘경,동대문구,휘경제2동,NOH30,,160.0,0,1
9002,휘경,동대문구,휘경제2동,NRC10,,2.5,0,584
9002,휘경,동대문구,휘경제2동,NRC10,,4.0,0,14
9002,휘경,동대문구,휘경제2동,NRC10,,6.0,0,1
9002,휘경,동대문구,휘경제2동,NRH11,,2.5,0,1117
9002,휘경,동대문구,휘경제2동,NRH11,,3.0,0,3
9002,휘경,동대문구,휘경제2동,NRH11,,4.0,0,7838
9002,휘경,동대문구,휘경제2동,NRH11,,5.0,0,2
9002,휘경,동대문구,휘경제2동,NRH11,,6.0,0,1175
9002,휘경,동대문구,휘경제2동,NRH11,,10.0,0,1
9002,휘경,동대문구,휘경제2동,NRH11,,25.0,0,1
9002,휘경,동대문구,휘경제2동,NRH12,,2.5,0,3048
9002,휘경,동대문구,휘경제2동,NRH12,,4.0,0,140
9002,휘경,동대문구,휘경제2동,NRH12,,6.0,0,14
9002,휘경,동대문구,휘경제2동,NRH12,,10.0,0,42
9002,휘경,동대문구,휘경제2동,NWH41,,2.5,0,5
9002,휘경,동대문구,휘경제2동,NWH41,,4.0,0,14
9002,휘경,동대문구,휘경제2동,NWH41,,6.0,0,3
9002,휘경,동대문구,휘경제2동,NWH41,,10.0,0,3
9002,휘경,동대문구,휘경제2동,NWH41,,16.0,0,4
9002,휘경,동대문구,휘경제2동,NWH41,,25.0,0,1
9002,휘경,동대문구,휘경제2동,NWH41,,65.0,0,1
9003,중부,중구,광희동,NAH36,,6.0,0,21
9003,중부,중구,광희동,NAH36,,10.0,0,1
9003,중부,중구,광희동,NAH36,,25.0,0,5
9003,중부,중구,광희동,NAH36,,40.0,0,37
9003,중부,중구,광희동,NAH36,,65.0,0,7
9003,중부,중구,광희동,NAH36,,100.0,0,6
9003,중부,중구,광희동,NAH36,,160.0,0,10
9003,중부,중구,광희동,NAH36,,250.0,0,6
9003,중부,중구,광희동,NAH36,,400.0,0,6
9003,중부,중구,광희동,NAH36,,650.0,0,1
9003,중부,중구,광희동,NAH36,,1000.0,0,2
9003,중부,중구,광희동,NCH20,,2.0,0,24
9003,중부,중구,광희동,NCH20,,2.5,0,1053
9003,중부,중구,광희동,NCH20,,3.0,0,7
9003,중부,중구,광희동,NCH20,,4.0,0,296
9003,중부,중구,광희동,NCH20,,5.0,0,4
9003,중부,중구,광희동,NCH20,,6.0,0,166
9003,중부,중구,광희동,NCH20,,7.0,0,1
9003,중부,중구,광희동,NCH20,,10.0,0,184
9003,중부,중구,광희동,NCH20,,16.0,0,134
9003,중부,중구,광희동,NCH20,,25.0,0,80
9003,중부,중구,광희동,NCH20,,40.0,0,37
9003,중부,중구,광희동,NCH20,,65.0,0,19
9003,중부,중구,광희동,NCH20,,100.0,0,8
9003,중부,중구,광희동,NCH20,,160.0,0,8
9003,중부,중구,광희동,NCH20,,250.0,0,5
9003,중부,중구,광희동,NCH20,,400.0,0,4
9003,중부,중구,광희동,NCH20,,650.0,0,2
9003,중부,중구,광희동,NCH21,,6.0,0,1
9003,중부,중구,광희동,NCH21,,16.0,0,1
9003,중부,중구,광희동,NCH21,,40.0,0,1
9003,중부,중구,광희동,NCH21,,100.0,0,2
9003,중부,중구,광희동,NCH21,,160.0,0,1
9003,중부,중구,광희동,NCH21,,400.0,0,1
9003,중부,중구,광희동,NCH34,,40.0,0,1
9003,중부,중구,광희동,NCH34,,100.0,0,1
9003,중부,중구,광희동,NCH34,,160.0,0,2
9003,중부,중구,광희동,NCH34,,400.0,0,1
9003,중부,중구,광희동,NFH80,,2.5,0,2
9003,중부,중구,광희동,NFH80,,10.0,0,2
9003,중부,중구,광희동,NFH80,,16.0,0,1
9003,중부,중구,광희동,NHO47,,160.0,0,1
9003,중부,중구,광희동,NHO47,,250.0,0,2
9003,중부,중구,광희동,NHO47,,400.0,0,1
9003,중부,중구,광희동,NIH40,,16.0,0,1
9003,중부,중구,광희동,NIH40,,40.0,0,2
9003,중부,중구,광희동,NOG33,,160.0,0,2
9003,중부,중구,광희동,NOH30,,2.0,0,1
9003,중부,중구,광희동,NOH30,,2.5,0,42
9003,중부,중구,광희동,NOH30,,3.0,0,2
9003,중부,중구,광희동,NOH30,,4.0,0,155
9003,중부,중구,광희동,NOH30,,6.0,0,37
9003,중부,중구,광희동,NOH30,,10.0,0,5
9003,중부,중구,광희동,NOH30,,16.0,0,5
9003,중부,중구,광희동,NOH30,,25.0,0,4
9003,중부,중구,광희동,NOH30,,40.0,0,2
9003,중부,중구,광희동,NOH30,,65.0,0,3
9003,중부,중구,광희동,NOH30,,100.0,0,1
9003,중부,중구,광희동,NOH30,,160.0,0,3
9003,중부,중구,광희동,NOH30,,283.0,0,1
9003,중부,중구,광희동,NOH30,,400.0,0,6
9003,중부,중구,광희동,NOH30,,650.0,0,1
9003,중부,중구,광희동,NOH32,,400.0,0,4
9003,중부,중구,광희동,NRC10,,2.5,0,2
9003,중부,중구,광희동,NRC10,,3.0,0,1
9003,중부,중구,광희동,NRC10,,4.0,0,9
9003,중부,중구,광희동,NRH11,,2.5,0,196
9003,중부,중구,광희동,NRH11,,3.0,0,3
9003,중부,중구,광희동,NRH11,,4.0,0,1715
9003,중부,중구,광희동,NRH11,,5.0,0,2
9003,중부,중구,광희동,NRH11,,6.0,0,276
9003,중부,중구,광희동,NRH11,,10.0,0,5
9003,중부,중구,광희동,NRH11,,16.0,0,1
9003,중부,중구,광희동,NRH11,,25.0,0,1
9003,중부,중구,광희동,NRH12,,2.0,0,1
9003,중부,중구,광희동,NRH12,,2.5,0,1976
9003,중부,중구,광희동,NRH12,,3.0,0,1
9003,중부,중구,광희동,NRH12,,4.0,0,142
9003,중부,중구,광희동,NRH12,,6.0,0,2
9003,중부,중구,광희동,NRH12,,7.0,0,1
9003,중부,중구,광희동,NRH12,,10.0,0,4
9003,중부,중구,광희동,NRH12,,16.0,0,2
9003,중부,중구,광희동,NRH50,,160.0,0,1
9003,중부,중구,광희동,NWH41,,2.5,0,1
9003,중부,중구,광희동,NWH41,,4.0,0,1
9003,중부,중구,광희동,NWH41,,10.0,0,1
9003,중부,중구,광희동,NWH41,,16.0,0,1
9003,중부,중구,다산동,NAH36,,16.0,0,3
9003,중부,중구,다산동,NAH36,,40.0,0,1
9003,중부,중구,다산동,NAH36,,160.0,0,1
9003,중부,중구,다산동,NCH20,,2.0,0,1
9003,중부,중구,다산동,NCH20,,2.5,0,32
9003,중부,중구,다산동,NCH20,,4.0,0,72
9003,중부,중구,다산동,NCH20,,5.0,0,2
9003,중부,중구,다산동,NCH20,,6.0,0,101
9003,중부,중구,다산동,NCH20,,10.0,0,82
9003,중부,중구,다산동,NCH20,,16.0,0,44
9003,중부,중구,다산동,NCH20,,25.0,0,23
9003,중부,중구,다산동,NCH20,,40.0,0,7
9003,중부,중구,다산동,NCH20,,65.0,0,3
9003,중부,중구,다산동,NCH20,,100.0,0,1
9003,중부,중구,다산동,NCH20,,160.0,0,1
9003,중부,중구,다산동,NCH34,,40.0,0,1
9003,중부,중구,다산동,NCH34,,100.0,0,1
9003,중부,중구,다산동,NIH40,,40.0,0,1
9003,중부,중구,다산동,NIH40,,100.0,0,1
9003,중부,중구,다산동,NOH30,,2.0,0,1
9003,중부,중구,다산동,NOH30,,2.5,0,26
9003,중부,중구,다산동,NOH30,,3.0,0,5
9003,중부,중구,다산동,NOH30,,4.0,0,60
9003,중부,중구,다산동,NOH30,,6.0,0,37
9003,중부,중구,다산동,NOH30,,10.0,0,10
9003,중부,중구,다산동,NOH30,,16.0,0,5
9003,중부,중구,다산동,NOH30,,25.0,0,4
9003,중부,중구,다산동,NOH30,,40.0,0,8
9003,중부,중구,다산동,NOH30,,65.0,0,2
9003,중부,중구,다산동,NOH30,,400.0,0,1
9003,중부,중구,다산동,NRC10,,4.0,0,21
9003,중부,중구,다산동,NRC10,,10.0,0,1
9003,중부,중구,다산동,NRH11,,2.5,0,234
9003,중부,중구,다산동,NRH11,,3.0,0,2
9003,중부,중구,다산동,NRH11,,4.0,0,5377
9003,중부,중구,다산동,NRH11,,6.0,0,743
9003,중부,중구,다산동,NRH11,,10.0,0,73
9003,중부,중구,다산동,NRH11,,16.0,0,12
9003,중부,중구,다산동,NRH11,,25.0,0,1
9003,중부,중구,다산동,NRH12,,2.5,0,622
9003,중부,중구,다산동,NRH12,,4.0,0,57
9003,중부,중구,다산동,NRH12,,6.0,0,7
9003,중부,중구,다산동,NRH12,,10.0,0,5
9003,중부,중구,다산동,NRH12,,25.0,0,1
9003,중부,중구,다산동,NWH41,,4.0,0,5
9003,중부,중구,다산동,NWH41,,6.0,0,8
9003,중부,중구,다산동,NWH41,,10.0,0,1
9003,중부,중구,다산동,NWH41,,16.0,0,2
9003,중부,중구,다산동,NWH41,,25.0,0,2
9003,중부,중구,다산동,NWH41,,40.0,0,2
9003,중부,중구,다산동,NWH41,,65.0,0,1
9003,중부,중구,동화동,NAH36,,10.0,0,1
9003,중부,중구,동화동,NAH36,,25.0,0,3
9003,중부,중구,동화동,NAH36,,40.0,0,2
9003,중부,중구,동화동,NAH36,,65.0,0,1
9003,중부,중구,동화동,NAH36,,160.0,0,1
9003,중부,중구,동화동,NCH20,,2.5,0,20
9003,중부,중구,동화동,NCH20,,3.0,0,2
9003,중부,중구,동화동,NCH20,,4.0,0,58
9003,중부,중구,동화동,NCH20,,6.0,0,60
9003,중부,중구,동화동,NCH20,,10.0,0,48
9003,중부,중구,동화동,NCH20,,16.0,0,25
9003,중부,중구,동화동,NCH20,,25.0,0,8
9003,중부,중구,동화동,NCH20,,40.0,0,1
9003,중부,중구,동화동,NCH20,,65.0,0,2
9003,중부,중구,동화동,NFH80,,2.5,0,2
9003,중부,중구,동화동,NOH30,,2.5,0,12
9003,중부,중구,동화동,NOH30,,3.0,0,1
9003,중부,중구,동화동,NOH30,,4.0,0,44
9003,중부,중구,동화동,NOH30,,6.0,0,11
9003,중부,중구,동화동,NOH30,,10.0,0,1
9003,중부,중구,동화동,NOH30,,16.0,0,1
9003,중부,중구,동화동,NOH30,,25.0,0,5
9003,중부,중구,동화동,NOH30,,400.0,0,1
9003,중부,중구,동화동,NRC10,,2.5,0,1
9003,중부,중구,동화동,NRC10,,4.0,0,2
9003,중부,중구,동화동,NRH11,,2.5,0,128
9003,중부,중구,동화동,NRH11,,3.0,0,4
9003,중부,중구,동화동,NRH11,,4.0,0,2207
9003,중부,중구,동화동,NRH11,,6.0,0,1585
9003,중부,중구,동화동,NRH11,,10.0,0,5
9003,중부,중구,동화동,NRH11,,16.0,0,1
9003,중부,중구,동화동,NRH11,,25.0,0,1
9003,중부,중구,동화동,NRH12,,2.5,0,57
9003,중부,중구,동화동,NRH12,,4.0,0,3
9003,중부,중구,동화동,NRH12,,10.0,0,1
9003,중부,중구,동화동,NWH41,,4.0,0,5
9003,중부,중구,동화동,NWH41,,6.0,0,5
9003,중부,중구,동화동,NWH41,,40.0,0,1
9003,중부,중구,동화동,NWH42,,16.0,0,1
9003,중부,중구,명동,NRH12,,2.5,0,300
9003,중부,중구,신당동,NAH36,,4.0,0,1
9003,중부,중구,신당동,NAH36,,10.0,0,1
9003,중부,중구,신당동,NAH36,,25.0,0,3
9003,중부,중구,신당동,NAH36,,40.0,0,2
9003,중부,중구,신당동,NAH36,,65.0,0,2
9003,중부,중구,신당동,NAH36,,100.0,0,5
9003,중부,중구,신당동,NAH36,,160.0,0,4
9003,중부,중구,신당동,NAH36,,250.0,0,4
9003,중부,중구,신당동,NAH36,,400.0,0,8
9003,중부,중구,신당동,NCH20,,2.5,0,137
9003,중부,중구,신당동,NCH20,,3.0,0,5
9003,중부,중구,신당동,NCH20,,4.0,0,95
9003,중부,중구,신당동,NCH20,,6.0,0,124
9003,중부,중구,신당동,NCH20,,10.0,0,131
9003,중부,중구,신당동,NCH20,,16.0,0,64
9003,중부,중구,신당동,NCH20,,25.0,0,28
9003,중부,중구,신당동,NCH20,,40.0,0,8
9003,중부,중구,신당동,NCH20,,65.0,0,4
9003,중부,중구,신당동,NCH20,,100.0,0,2
9003,중부,중구,신당동,NCH20,,160.0,0,1
9003,중부,중구,신당동,NCH20,,650.0,0,1
9003,중부,중구,신당동,NCH21,,250.0,0,1
9003,중부,중구,신당동,NCH34,,400.0,0,2
9003,중부,중구,신당동,NFH80,,2.5,0,1
9003,중부,중구,신당동,NOH30,,2.0,0,22
9003,중부,중구,신당동,NOH30,,2.5,0,21
9003,중부,중구,신당동,NOH30,,3.0,0,37
9003,중부,중구,신당동,NOH30,,4.0,0,175
9003,중부,중구,신당동,NOH30,,6.0,0,10
9003,중부,중구,신당동,NOH30,,10.0,0,4
9003,중부,중구,신당동,NOH30,,16.0,0,2
9003,중부,중구,신당동,NOH30,,25.0,0,9
9003,중부,중구,신당동,NOH30,,40.0,0,3
9003,중부,중구,신당동,NOH30,,65.0,0,5
9003,중부,중구,신당동,NOH30,,160.0,0,2
9003,중부,중구,신당동,NOH30,,250.0,0,1
9003,중부,중구,신당동,NOH30,,400.0,0,3
9003,중부,중구,신당동,NRC10,,2.5,0,1
9003,중부,중구,신당동,NRC10,,3.0,0,1
9003,중부,중구,신당동,NRC10,,4.0,0,13
9003,중부,중구,신당동,NRC10,,6.0,0,1
9003,중부,중구,신당동,NRH11,,2.5,0,544
9003,중부,중구,신당동,NRH11,,3.0,0,2
9003,중부,중구,신당동,NRH11,,4.0,0,3561
9003,중부,중구,신당동,NRH11,,6.0,0,491
9003,중부,중구,신당동,NRH11,,10.0,0,10
9003,중부,중구,신당동,NRH12,,2.0,0,8
9003,중부,중구,신당동,NRH12,,2.5,0,1587
9003,중부,중구,신당동,NRH12,,4.0,0,173
9003,중부,중구,신당동,NRH12,,6.0,0,2
9003,중부,중구,신당동,NRH12,,10.0,0,2
9003,중부,중구,신당동,NRH12,,16.0,0,1
9003,중부,중구,신당동,NWH41,,4.0,0,1
9003,중부,중구,신당동,NWH41,,6.0,0,1
9003,중부,중구,신당동,NWH41,,10.0,0,1
9003,중부,중구,신당동,NWH41,,16.0,0,1
9003,중부,중구,신당동,NWH41,,25.0,0,2
9003,중부,중구,신당동,NWH41,,40.0,0,1
9003,중부,중구,신당제5동,NAH36,,10.0,0,1
9003,중부,중구,신당제5동,NAH36,,65.0,0,2
9003,중부,중구,신당제5동,NAH36,,100.0,0,1
9003,중부,중구,신당제5동,NAH36,,160.0,0,1
9003,중부,중구,신당제5동,NCH20,,2.5,0,23
9003,중부,중구,신당제5동,NCH20,,4.0,0,95
9003,중부,중구,신당제5동,NCH20,,6.0,0,92
9003,중부,중구,신당제5동,NCH20,,10.0,0,92
9003,중부,중구,신당제5동,NCH20,,16.0,0,38
9003,중부,중구,신당제5동,NCH20,,25.0,0,23
9003,중부,중구,신당제5동,NCH20,,40.0,0,2
9003,중부,중구,신당제5동,NCH20,,65.0,0,2
9003,중부,중구,신당제5동,NCH20,,100.0,0,2
9003,중부,중구,신당제5동,NCH20,,250.0,0,1
9003,중부,중구,신당제5동,NOH30,,2.5,0,6
9003,중부,중구,신당제5동,NOH30,,4.0,0,25
9003,중부,중구,신당제5동,NOH30,,6.0,0,11
9003,중부,중구,신당제5동,NOH30,,10.0,0,2
9003,중부,중구,신당제5동,NOH30,,16.0,0,1
9003,중부,중구,신당제5동,NOH30,,25.0,0,1
9003,중부,중구,신당제5동,NOH30,,40.0,0,1
9003,중부,중구,신당제5동,NRC10,,2.5,0,2
9003,중부,중구,신당제5동,NRC10,,4.0,0,7
9003,중부,중구,신당제5동,NRH11,,2.5,0,176
9003,중부,중구,신당제5동,NRH11,,3.0,0,1
9003,중부,중구,신당제5동,NRH11,,4.0,0,3453
9003,중부,중구,신당제5동,NRH11,,6.0,0,278
9003,중부,중구,신당제5동,NRH11,,10.0,0,4
9003,중부,중구,신당제5동,NRH12,,2.5,0,1380
9003,중부,중구,신당제5동,NRH12,,4.0,0,18
9003,중부,중구,신당제5동,NRH12,,6.0,0,4
9003,중부,중구,신당제5동,NRH12,,10.0,0,1
9003,중부,중구,신당제5동,NWH41,,4.0,0,6
9003,중부,중구,신당제5동,NWH41,,6.0,0,8
9003,중부,중구,신당제5동,NWH41,,25.0,0,2
9003,중부,중구,신당제5동,NWH41,,40.0,0,1
9003,중부,중구,신당제5동,NWH41,,100.0,0,1
9003,중부,중구,신당제5동,NWH42,,65.0,0,2
9003,중부,중구,약수동,NAH36,,4.0,0,1
9003,중부,중구,약수동,NAH36,,25.0,0,1
9003,중부,중구,약수동,NAH36,,100.0,0,1
9003,중부,중구,약수동,NCH20,,2.5,0,27
9003,중부,중구,약수동,NCH20,,4.0,0,63
9003,중부,중구,약수동,NCH20,,6.0,0,83
9003,중부,중구,약수동,NCH20,,10.0,0,47
9003,중부,중구,약수동,NCH20,,16.0,0,24
9003,중부,중구,약수동,NCH20,,25.0,0,12
9003,중부,중구,약수동,NCH20,,40.0,0,4
9003,중부,중구,약수동,NCH20,,100.0,0,2
9003,중부,중구,약수동,NCH20,,400.0,0,1
9003,중부,중구,약수동,NFH80,,2.5,0,1
9003,중부,중구,약수동,NIH40,,6.0,0,1
9003,중부,중구,약수동,NOH30,,2.0,0,1
9003,중부,중구,약수동,NOH30,,2.5,0,15
9003,중부,중구,약수동,NOH30,,3.0,0,2
9003,중부,중구,약수동,NOH30,,4.0,0,48
9003,중부,중구,약수동,NOH30,,6.0,0,23
9003,중부,중구,약수동,NOH30,,10.0,0,2
9003,중부,중구,약수동,NOH30,,25.0,0,4
9003,중부,중구,약수동,NOH30,,40.0,0,2
9003,중부,중구,약수동,NOH30,,400.0,0,1
9003,중부,중구,약수동,NRC10,,4.0,0,5
9003,중부,중구,약수동,NRH11,,2.5,0,104
9003,중부,중구,약수동,NRH11,,4.0,0,5826
9003,중부,중구,약수동,NRH11,,6.0,0,1206
9003,중부,중구,약수동,NRH11,,10.0,0,2
9003,중부,중구,약수동,NRH12,,2.5,0,274
9003,중부,중구,약수동,NRH12,,4.0,0,21
9003,중부,중구,약수동,NRH12,,6.0,0,1
9003,중부,중구,약수동,NRH12,,10.0,0,2
9003,중부,중구,약수동,NWH41,,4.0,0,4
9003,중부,중구,약수동,NWH41,,6.0,0,4
9003,중부,중구,약수동,NWH41,,10.0,0,5
9003,중부,중구,약수동,NWH41,,16.0,0,1
9003,중부,중구,약수동,NWH41,,25.0,0,3
9003,중부,중구,을지로동,NAH36,,25.0,0,1
9003,중부,중구,을지로동,NAH36,,40.0,0,3
9003,중부,중구,을지로동,NAH36,,65.0,0,1
9003,중부,중구,을지로동,NAH36,,100.0,0,3
9003,중부,중구,을지로동,NAH36,,160.0,0,4
9003,중부,중구,을지로동,NAH36,,250.0,0,2
9003,중부,중구,을지로동,NAH36,,400.0,0,3
9003,중부,중구,을지로동,NCH20,,2.5,0,874
9003,중부,중구,을지로동,NCH20,,4.0,0,96
9003,중부,중구,을지로동,NCH20,,5.0,0,2
9003,중부,중구,을지로동,NCH20,,6.0,0,107
9003,중부,중구,을지로동,NCH20,,10.0,0,167
9003,중부,중구,을지로동,NCH20,,16.0,0,113
9003,중부,중구,을지로동,NCH20,,25.0,0,60
9003,중부,중구,을지로동,NCH20,,40.0,0,22
9003,중부,중구,을지로동,NCH20,,65.0,0,6
9003,중부,중구,을지로동,NCH20,,100.0,0,1
9003,중부,중구,을지로동,NCH20,,160.0,0,2
9003,중부,중구,을지로동,NCH20,,250.0,0,2
9003,중부,중구,을지로동,NCH20,,400.0,0,4
9003,중부,중구,을지로동,NCH20,,1000.0,0,1
9003,중부,중구,을지로동,NCH21,,65.0,0,1
9003,중부,중구,을지로동,NCH21,,250.0,0,1
9003,중부,중구,을지로동,NCH21,,400.0,0,1
9003,중부,중구,을지로동,NCH34,,65.0,0,1
9003,중부,중구,을지로동,NCH34,,100.0,0,1
9003,중부,중구,을지로동,NFH80,,2.5,0,1
9003,중부,중구,을지로동,NFH80,,4.0,0,3
9003,중부,중구,을지로동,NFH80,,10.0,0,1
9003,중부,중구,을지로동,NFH80,,16.0,0,1
9003,중부,중구,을지로동,NFH80,,40.0,0,2
9003,중부,중구,을지로동,NIH40,,10.0,0,2
9003,중부,중구,을지로동,NIH40,,16.0,0,2
9003,중부,중구,을지로동,NIH40,,25.0,0,1
9003,중부,중구,을지로동,NIH40,,40.0,0,1
9003,중부,중구,을지로동,NIH40,,65.0,0,2
9003,중부,중구,을지로동,NOH30,,2.5,0,11
9003,중부,중구,을지로동,NOH30,,3.0,0,2
9003,중부,중구,을지로동,NOH30,,4.0,0,96
9003,중부,중구,을지로동,NOH30,,5.0,0,1
9003,중부,중구,을지로동,NOH30,,6.0,0,25
9003,중부,중구,을지로동,NOH30,,10.0,0,6
9003,중부,중구,을지로동,NOH30,,16.0,0,4
9003,중부,중구,을지로동,NOH30,,25.0,0,4
9003,중부,중구,을지로동,NOH30,,40.0,0,2
9003,중부,중구,을지로동,NOH30,,65.0,0,2
9003,중부,중구,을지로동,NOH30,,100.0,0,9
9003,중부,중구,을지로동,NOH30,,160.0,0,1
9003,중부,중구,을지로동,NOH30,,250.0,0,2
9003,중부,중구,을지로동,NOH30,,400.0,0,2
9003,중부,중구,을지로동,NOH30,,650.0,0,1
9003,중부,중구,을지로동,NOH30,,1000.0,0,1
9003,중부,중구,을지로동,NRC10,,2.5,0,1
9003,중부,중구,을지로동,NRC10,,3.0,0,1
9003,중부,중구,을지로동,NRH11,,2.5,0,63
9003,중부,중구,을지로동,NRH11,,3.0,0,6
9003,중부,중구,을지로동,NRH11,,4.0,0,1258
9003,중부,중구,을지로동,NRH11,,6.0,0,10
9003,중부,중구,을지로동,NRH11,,10.0,0,1
9003,중부,중구,을지로동,NRH12,,2.5,0,508
9003,중부,중구,을지로동,NRH12,,4.0,0,370
9003,중부,중구,을지로동,NRH12,,6.0,0,2
9003,중부,중구,을지로동,NRH12,,10.0,0,2
9003,중부,중구,을지로동,NWH41,,16.0,0,1
9003,중부,중구,장충동,NAH36,,4.0,0,3
9003,중부,중구,장충동,NAH36,,6.0,0,1
9003,중부,중구,장충동,NAH36,,16.0,0,2
9003,중부,중구,장충동,NAH36,,40.0,0,6
9003,중부,중구,장충동,NAH36,,65.0,0,1
9003,중부,중구,장충동,NAH36,,100.0,0,5
9003,중부,중구,장충동,NAH36,,160.0,0,3
9003,중부,중구,장충동,NAH36,,400.0,0,2
9003,중부,중구,장충동,NCH20,,2.5,0,22
9003,중부,중구,장충동,NCH20,,4.0,0,47
9003,중부,중구,장충동,NCH20,,6.0,0,71
9003,중부,중구,장충동,NCH20,,10.0,0,67
9003,중부,중구,장충동,NCH20,,16.0,0,57
9003,중부,중구,장충동,NCH20,,25.0,0,33
9003,중부,중구,장충동,NCH20,,40.0,0,18
9003,중부,중구,장충동,NCH20,,65.0,0,8
9003,중부,중구,장충동,NCH20,,160.0,0,6
9003,중부,중구,장충동,NCH20,,250.0,0,3
9003,중부,중구,장충동,NCH20,,400.0,0,2
9003,중부,중구,장충동,NCH20,,650.0,0,3
9003,중부,중구,장충동,NCH20,,1000.0,0,1
9003,중부,중구,장충동,NCH21,,100.0,0,1
9003,중부,중구,장충동,NCH22,,650.0,0,2
9003,중부,중구,장충동,NFH80,,6.0,0,1
9003,중부,중구,장충동,NOH30,,2.5,0,19
9003,중부,중구,장충동,NOH30,,4.0,0,71
9003,중부,중구,장충동,NOH30,,6.0,0,22
9003,중부,중구,장충동,NOH30,,10.0,0,7
9003,중부,중구,장충동,NOH30,,16.0,0,4
9003,중부,중구,장충동,NOH30,,25.0,0,4
9003,중부,중구,장충동,NOH30,,40.0,0,4
9003,중부,중구,장충동,NOH30,,65.0,0,3
9003,중부,중구,장충동,NOH30,,100.0,0,2
9003,중부,중구,장충동,NOH30,,400.0,0,3
9003,중부,중구,장충동,NRC10,,2.5,0,285
9003,중부,중구,장충동,NRC10,,4.0,0,12
9003,중부,중구,장충동,NRC10,,6.0,0,2
9003,중부,중구,장충동,NRC10,,16.0,0,1
9003,중부,중구,장충동,NRH11,,2.5,0,318
9003,중부,중구,장충동,NRH11,,3.0,0,1
9003,중부,중구,장충동,NRH11,,4.0,0,2955
9003,중부,중구,장충동,NRH11,,5.0,0,1
9003,중부,중구,장충동,NRH11,,6.0,0,254
9003,중부,중구,장충동,NRH11,,10.0,0,29
9003,중부,중구,장충동,NRH11,,16.0,0,6
9003,중부,중구,장충동,NRH11,,25.0,0,3
9003,중부,중구,장충동,NRH11,,65.0,0,1
9003,중부,중구,장충동,NRH12,,2.5,0,629
9003,중부,중구,장충동,NRH12,,4.0,0,50
9003,중부,중구,장충동,NRH12,,6.0,0,6
9003,중부,중구,장충동,NRH12,,10.0,0,1
9003,중부,중구,장충동,NRH12,,16.0,0,6
9003,중부,중구,장충동,NRH12,,40.0,0,2
9003,중부,중구,장충동,NWH41,,4.0,0,1
9003,중부,중구,장충동,NWH41,,10.0,0,1
9003,중부,중구,장충동,NWH41,,40.0,0,1
9003,중부,중구,청구동,NAH36,,25.0,0,2
9003,중부,중구,청구동,NAH36,,40.0,0,1
9003,중부,중구,청구동,NAH36,,100.0,0,1
9003,중부,중구,청구동,NCH20,,2.5,0,12
9003,중부,중구,청구동,NCH20,,4.0,0,41
9003,중부,중구,청구동,NCH20,,5.0,0,2
9003,중부,중구,청구동,NCH20,,6.0,0,28
9003,중부,중구,청구동,NCH20,,10.0,0,28
9003,중부,중구,청구동,NCH20,,16.0,0,14
9003,중부,중구,청구동,NCH20,,25.0,0,8
9003,중부,중구,청구동,NCH20,,40.0,0,2
9003,중부,중구,청구동,NCH20,,65.0,0,3
9003,중부,중구,청구동,NCH20,,100.0,0,1
9003,중부,중구,청구동,NCH34,,65.0,0,1
9003,중부,중구,청구동,NCH34,,100.0,0,1
9003,중부,중구,청구동,NOH30,,2.5,0,32
9003,중부,중구,청구동,NOH30,,3.0,0,3
9003,중부,중구,청구동,NOH30,,4.0,0,37
9003,중부,중구,청구동,NOH30,,5.0,0,1
9003,중부,중구,청구동,NOH30,,6.0,0,13
9003,중부,중구,청구동,NOH30,,10.0,0,1
9003,중부,중구,청구동,NOH30,,16.0,0,2
9003,중부,중구,청구동,NOH30,,25.0,0,3
9003,중부,중구,청구동,NRC10,,2.5,0,1
9003,중부,중구,청구동,NRC10,,3.0,0,1
9003,중부,중구,청구동,NRC10,,4.0,0,3
9003,중부,중구,청구동,NRC10,,6.0,0,1
9003,중부,중구,청구동,NRH11,,2.5,0,70
9003,중부,중구,청구동,NRH11,,3.0,0,1
9003,중부,중구,청구동,NRH11,,4.0,0,3953
9003,중부,중구,청구동,NRH11,,6.0,0,741
9003,중부,중구,청구동,NRH11,,10.0,0,4
9003,중부,중구,청구동,NRH11,,16.0,0,1
9003,중부,중구,청구동,NRH11,,25.0,0,2
9003,중부,중구,청구동,NRH12,,2.5,0,277
9003,중부,중구,청구동,NRH12,,4.0,0,9
9003,중부,중구,청구동,NRH12,,6.0,0,1
9003,중부,중구,청구동,NWH41,,4.0,0,2
9003,중부,중구,청구동,NWH41,,6.0,0,4
9003,중부,중구,청구동,NWH41,,10.0,0,1
9003,중부,중구,청구동,NWH41,,40.0,0,1
9003,중부,중구,필동,NAH36,,4.0,0,1
9003,중부,중구,필동,NAH36,,6.0,0,3
9003,중부,중구,필동,NAH36,,16.0,0,3
9003,중부,중구,필동,NAH36,,25.0,0,1
9003,중부,중구,필동,NAH36,,65.0,0,3
9003,중부,중구,필동,NAH36,,100.0,0,1
9003,중부,중구,필동,NAH36,,160.0,0,5
9003,중부,중구,필동,NAH36,,250.0,0,1
9003,중부,중구,필동,NAH36,,400.0,0,2
9003,중부,중구,필동,NCH20,,2.5,0,27
9003,중부,중구,필동,NCH20,,4.0,0,126
9003,중부,중구,필동,NCH20,,6.0,0,127
9003,중부,중구,필동,NCH20,,7.0,0,1
9003,중부,중구,필동,NCH20,,10.0,0,132
9003,중부,중구,필동,NCH20,,16.0,0,96
9003,중부,중구,필동,NCH20,,25.0,0,47
9003,중부,중구,필동,NCH20,,40.0,0,17
9003,중부,중구,필동,NCH20,,65.0,0,8
9003,중부,중구,필동,NCH20,,100.0,0,5
9003,중부,중구,필동,NCH20,,160.0,0,7
9003,중부,중구,필동,NCH20,,250.0,0,2
9003,중부,중구,필동,NCH20,,400.0,0,1
9003,중부,중구,필동,NCH34,,160.0,0,1
9003,중부,중구,필동,NOH30,,2.5,0,23
9003,중부,중구,필동,NOH30,,4.0,0,123
9003,중부,중구,필동,NOH30,,6.0,0,53
9003,중부,중구,필동,NOH30,,7.0,0,1
9003,중부,중구,필동,NOH30,,10.0,0,11
9003,중부,중구,필동,NOH30,,16.0,0,3
9003,중부,중구,필동,NOH30,,25.0,0,9
9003,중부,중구,필동,NOH30,,40.0,0,4
9003,중부,중구,필동,NOH30,,65.0,0,4
9003,중부,중구,필동,NOH30,,100.0,0,1
9003,중부,중구,필동,NOH30,,160.0,0,1
9003,중부,중구,필동,NOH30,,250.0,0,1
9003,중부,중구,필동,NOH30,,400.0,0,2
9003,중부,중구,필동,NOH30,,1000.0,0,1
9003,중부,중구,필동,NRC10,,2.5,0,2
9003,중부,중구,필동,NRC10,,4.0,0,7
9003,중부,중구,필동,NRC10,,6.0,0,1
9003,중부,중구,필동,NRH11,,2.5,0,124
9003,중부,중구,필동,NRH11,,3.0,0,4
9003,중부,중구,필동,NRH11,,4.0,0,1283
9003,중부,중구,필동,NRH11,,6.0,0,217
9003,중부,중구,필동,NRH11,,10.0,0,14
9003,중부,중구,필동,NRH11,,16.0,0,6
9003,중부,중구,필동,NRH12,,2.5,0,868
9003,중부,중구,필동,NRH12,,4.0,0,72
9003,중부,중구,필동,NRH12,,6.0,0,5
9003,중부,중구,필동,NRH12,,10.0,0,1
9003,중부,중구,필동,NRH12,,16.0,0,3
9003,중부,중구,필동,NRH50,,160.0,0,1
9003,중부,중구,필동,NWH41,,4.0,0,6
9003,중부,중구,필동,NWH41,,6.0,0,3
9003,중부,중구,필동,NWH41,,10.0,0,3
9003,중부,중구,필동,NWH41,,25.0,0,3
9003,중부,중구,필동,NWH41,,40.0,0,1
9003,중부,중구,황학동,NAH36,,160.0,0,2
9003,중부,중구,황학동,NCH20,,2.5,0,134
9003,중부,중구,황학동,NCH20,,3.0,0,1
9003,중부,중구,황학동,NCH20,,4.0,0,99
9003,중부,중구,황학동,NCH20,,6.0,0,150
9003,중부,중구,황학동,NCH20,,10.0,0,170
9003,중부,중구,황학동,NCH20,,16.0,0,49
9003,중부,중구,황학동,NCH20,,25.0,0,25
9003,중부,중구,황학동,NCH20,,40.0,0,8
9003,중부,중구,황학동,NCH20,,65.0,0,1
9003,중부,중구,황학동,NCH20,,100.0,0,2
9003,중부,중구,황학동,NCH34,,250.0,0,1
9003,중부,중구,황학동,NFH80,,2.5,0,1
9003,중부,중구,황학동,NFH80,,4.0,0,1
9003,중부,중구,황학동,NFH80,,10.0,0,1
9003,중부,중구,황학동,NOH30,,2.5,0,20
9003,중부,중구,황학동,NOH30,,4.0,0,99
9003,중부,중구,황학동,NOH30,,6.0,0,8
9003,중부,중구,황학동,NOH30,,10.0,0,1
9003,중부,중구,황학동,NOH30,,16.0,0,1
9003,중부,중구,황학동,NOH30,,25.0,0,2
9003,중부,중구,황학동,NOH30,,160.0,0,1
9003,중부,중구,황학동,NOH30,,400.0,0,1
9003,중부,중구,황학동,NOH30,,650.0,0,1
9003,중부,중구,황학동,NRC10,,2.5,0,5
9003,중부,중구,황학동,NRC10,,3.0,0,1
9003,중부,중구,황학동,NRC10,,4.0,0,53
9003,중부,중구,황학동,NRC10,,6.0,0,2
9003,중부,중구,황학동,NRH11,,2.5,0,270
9003,중부,중구,황학동,NRH11,,3.0,0,7
9003,중부,중구,황학동,NRH11,,4.0,0,3086
9003,중부,중구,황학동,NRH11,,5.0,0,3
9003,중부,중구,황학동,NRH11,,6.0,0,1581
9003,중부,중구,황학동,NRH11,,10.0,0,4
9003,중부,중구,황학동,NRH11,,16.0,0,1
9003,중부,중구,황학동,NRH12,,2.5,0,2992
9003,중부,중구,황학동,NRH12,,4.0,0,352
9003,중부,중구,황학동,NRH12,,6.0,0,1
9003,중부,중구,황학동,NRH12,,10.0,0,2
9003,중부,중구,황학동,NRH50,,16.0,0,9
9003,중부,중구,황학동,NRH50,,25.0,0,9
9003,중부,중구,황학동,NWH41,,6.0,0,7
9003,중부,중구,황학동,NWH41,,10.0,0,2
9003,중부,중구,황학동,NWH41,,25.0,0,2
9004,구의,광진구,광장동,NAH36,,6.0,0,1
9004,구의,광진구,광장동,NAH36,,10.0,0,1
9004,구의,광진구,광장동,NAH36,,16.0,0,3
9004,구의,광진구,광장동,NAH36,,40.0,0,1
9004,구의,광진구,광장동,NAH36,,65.0,0,2
9004,구의,광진구,광장동,NAH36,,100.0,0,7
9004,구의,광진구,광장동,NAH36,,160.0,0,2
9004,구의,광진구,광장동,NAH36,,400.0,0,3
9004,구의,광진구,광장동,NAH36,,650.0,0,1
9004,구의,광진구,광장동,NCH20,,2.5,0,27
9004,구의,광진구,광장동,NCH20,,3.0,0,1
9004,구의,광진구,광장동,NCH20,,4.0,0,70
9004,구의,광진구,광장동,NCH20,,6.0,0,90
9004,구의,광진구,광장동,NCH20,,10.0,0,81
9004,구의,광진구,광장동,NCH20,,16.0,0,41
9004,구의,광진구,광장동,NCH20,,25.0,0,20
9004,구의,광진구,광장동,NCH20,,40.0,0,11
9004,구의,광진구,광장동,NCH20,,65.0,0,10
9004,구의,광진구,광장동,NCH20,,100.0,0,4
9004,구의,광진구,광장동,NCH20,,160.0,0,6
9004,구의,광진구,광장동,NCH20,,250.0,0,3
9004,구의,광진구,광장동,NCH20,,400.0,0,3
9004,구의,광진구,광장동,NCH20,,1600.0,0,1
9004,구의,광진구,광장동,NCH34,,40.0,0,1
9004,구의,광진구,광장동,NCH34,,250.0,0,1
9004,구의,광진구,광장동,NCH34,,400.0,0,1
9004,구의,광진구,광장동,NFH80,,2.5,0,1
9004,구의,광진구,광장동,NOH30,,2.5,0,13
9004,구의,광진구,광장동,NOH30,,4.0,0,20
9004,구의,광진구,광장동,NOH30,,6.0,0,20
9004,구의,광진구,광장동,NOH30,,10.0,0,6
9004,구의,광진구,광장동,NOH30,,16.0,0,3
9004,구의,광진구,광장동,NOH30,,25.0,0,3
9004,구의,광진구,광장동,NOH30,,40.0,0,5
9004,구의,광진구,광장동,NOH30,,65.0,0,2
9004,구의,광진구,광장동,NOH30,,100.0,0,1
9004,구의,광진구,광장동,NOH30,,160.0,0,1
9004,구의,광진구,광장동,NOH31,,40.0,0,1
9004,구의,광진구,광장동,NRC10,,2.0,0,1
9004,구의,광진구,광장동,NRC10,,2.5,0,309
9004,구의,광진구,광장동,NRC10,,3.0,0,76
9004,구의,광진구,광장동,NRC10,,4.0,0,1573
9004,구의,광진구,광장동,NRC10,,6.0,0,1
9004,구의,광진구,광장동,NRH11,,2.5,0,142
9004,구의,광진구,광장동,NRH11,,3.0,0,1
9004,구의,광진구,광장동,NRH11,,4.0,0,6022
9004,구의,광진구,광장동,NRH11,,5.0,0,1
9004,구의,광진구,광장동,NRH11,,6.0,0,2719
9004,구의,광진구,광장동,NRH11,,10.0,0,60
9004,구의,광진구,광장동,NRH11,,16.0,0,1
9004,구의,광진구,광장동,NRH12,,2.5,0,177
9004,구의,광진구,광장동,NRH12,,3.0,0,10
9004,구의,광진구,광장동,NRH12,,4.0,0,430
9004,구의,광진구,광장동,NRH12,,6.0,0,7
9004,구의,광진구,광장동,NRH12,,16.0,0,2
9004,구의,광진구,광장동,NRH12,,65.0,0,1
9004,구의,광진구,광장동,NRH12,,100.0,0,1
9004,구의,광진구,광장동,NRH14,,2.5,0,62
9004,구의,광진구,광장동,NRH14,,4.0,0,59
9004,구의,광진구,광장동,NRH50,,650.0,0,1
9004,구의,광진구,광장동,NRH50,,1000.0,0,4
9004,구의,광진구,광장동,NRH50,,1600.0,0,1
9004,구의,광진구,광장동,NWH41,,2.5,0,2
9004,구의,광진구,광장동,NWH41,,4.0,0,10
9004,구의,광진구,광장동,NWH41,,6.0,0,8
9004,구의,광진구,광장동,NWH41,,10.0,0,4
9004,구의,광진구,광장동,NWH41,,16.0,0,1
9004,구의,광진구,광장동,NWH41,,25.0,0,1
9004,구의,광진구,광장동,NWH41,,40.0,0,1
9004,구의,광진구,구의제1동,NAH36,,16.0,0,1
9004,구의,광진구,구의제1동,NAH36,,100.0,0,1
9004,구의,광진구,구의제1동,NCH20,,2.5,0,48
9004,구의,광진구,구의제1동,NCH20,,4.0,0,143
9004,구의,광진구,구의제1동,NCH20,,6.0,0,166
9004,구의,광진구,구의제1동,NCH20,,7.0,0,1
9004,구의,광진구,구의제1동,NCH20,,10.0,0,146
9004,구의,광진구,구의제1동,NCH20,,16.0,0,88
9004,구의,광진구,구의제1동,NCH20,,25.0,0,29
9004,구의,광진구,구의제1동,NCH20,,40.0,0,3
9004,구의,광진구,구의제1동,NCH20,,65.0,0,1
9004,구의,광진구,구의제1동,NCH34,,16.0,0,1
9004,구의,광진구,구의제1동,NCH34,,65.0,0,1
9004,구의,광진구,구의제1동,NFH80,,2.5,0,2
9004,구의,광진구,구의제1동,NFH80,,4.0,0,1
9004,구의,광진구,구의제1동,NFH80,,6.0,0,1
9004,구의,광진구,구의제1동,NOH30,,2.5,0,60
9004,구의,광진구,구의제1동,NOH30,,3.0,0,1
9004,구의,광진구,구의제1동,NOH30,,4.0,0,116
9004,구의,광진구,구의제1동,NOH30,,5.0,0,3
9004,구의,광진구,구의제1동,NOH30,,6.0,0,22
9004,구의,광진구,구의제1동,NOH30,,10.0,0,2
9004,구의,광진구,구의제1동,NOH30,,16.0,0,2
9004,구의,광진구,구의제1동,NOH30,,25.0,0,2
9004,구의,광진구,구의제1동,NOH30,,40.0,0,1
9004,구의,광진구,구의제1동,NOH30,,65.0,0,1
9004,구의,광진구,구의제1동,NRH11,,2.5,0,1020
9004,구의,광진구,구의제1동,NRH11,,3.0,0,16
9004,구의,광진구,구의제1동,NRH11,,4.0,0,8396
9004,구의,광진구,구의제1동,NRH11,,5.0,0,2
9004,구의,광진구,구의제1동,NRH11,,6.0,0,815
9004,구의,광진구,구의제1동,NRH11,,10.0,0,5
9004,구의,광진구,구의제1동,NRH12,,2.5,0,3354
9004,구의,광진구,구의제1동,NRH12,,4.0,0,248
9004,구의,광진구,구의제1동,NRH12,,6.0,0,24
9004,구의,광진구,구의제1동,NRH12,,10.0,0,16
9004,구의,광진구,구의제1동,NRH12,,16.0,0,1
9004,구의,광진구,구의제1동,NRH12,,40.0,0,1
9004,구의,광진구,구의제1동,NWH41,,4.0,0,6
9004,구의,광진구,구의제1동,NWH41,,6.0,0,5
9004,구의,광진구,구의제1동,NWH41,,16.0,0,3
9004,구의,광진구,구의제1동,NWH41,,25.0,0,1
9004,구의,광진구,구의제3동,NAH36,,40.0,0,1
9004,구의,광진구,구의제3동,NAH36,,65.0,0,2
9004,구의,광진구,구의제3동,NAH36,,100.0,0,1
9004,구의,광진구,구의제3동,NAH36,,160.0,0,1
9004,구의,광진구,구의제3동,NAH36,,400.0,0,2
9004,구의,광진구,구의제3동,NCH20,,2.5,0,127
9004,구의,광진구,구의제3동,NCH20,,3.0,0,4
9004,구의,광진구,구의제3동,NCH20,,4.0,0,97
9004,구의,광진구,구의제3동,NCH20,,5.0,0,1
9004,구의,광진구,구의제3동,NCH20,,6.0,0,131
9004,구의,광진구,구의제3동,NCH20,,7.0,0,4
9004,구의,광진구,구의제3동,NCH20,,10.0,0,139
9004,구의,광진구,구의제3동,NCH20,,16.0,0,70
9004,구의,광진구,구의제3동,NCH20,,25.0,0,37
9004,구의,광진구,구의제3동,NCH20,,40.0,0,11
9004,구의,광진구,구의제3동,NCH20,,65.0,0,3
9004,구의,광진구,구의제3동,NCH20,,100.0,0,3
9004,구의,광진구,구의제3동,NCH20,,250.0,0,1
9004,구의,광진구,구의제3동,NCH20,,400.0,0,1
9004,구의,광진구,구의제3동,NCH20,,650.0,0,1
9004,구의,광진구,구의제3동,NCH34,,160.0,0,1
9004,구의,광진구,구의제3동,NCH34,,400.0,0,3
9004,구의,광진구,구의제3동,NFH80,,2.5,0,2
9004,구의,광진구,구의제3동,NFH80,,4.0,0,1
9004,구의,광진구,구의제3동,NOH30,,2.5,0,11
9004,구의,광진구,구의제3동,NOH30,,3.0,0,1
9004,구의,광진구,구의제3동,NOH30,,4.0,0,37
9004,구의,광진구,구의제3동,NOH30,,5.0,0,1
9004,구의,광진구,구의제3동,NOH30,,6.0,0,30
9004,구의,광진구,구의제3동,NOH30,,10.0,0,6
9004,구의,광진구,구의제3동,NOH30,,16.0,0,5
9004,구의,광진구,구의제3동,NOH30,,25.0,0,4
9004,구의,광진구,구의제3동,NOH30,,40.0,0,2
9004,구의,광진구,구의제3동,NOH30,,65.0,0,3
9004,구의,광진구,구의제3동,NOH30,,100.0,0,1
9004,구의,광진구,구의제3동,NOH30,,400.0,0,1
9004,구의,광진구,구의제3동,NOH30,,650.0,0,1
9004,구의,광진구,구의제3동,NOH30,,1600.0,0,1
9004,구의,광진구,구의제3동,NRC10,,2.0,0,146
9004,구의,광진구,구의제3동,NRC10,,2.5,0,1423
9004,구의,광진구,구의제3동,NRC10,,4.0,0,8
9004,구의,광진구,구의제3동,NRC10,,6.0,0,1
9004,구의,광진구,구의제3동,NRH11,,2.5,0,472
9004,구의,광진구,구의제3동,NRH11,,3.0,0,15
9004,구의,광진구,구의제3동,NRH11,,4.0,0,7397
9004,구의,광진구,구의제3동,NRH11,,6.0,0,1273
9004,구의,광진구,구의제3동,NRH11,,10.0,0,8
9004,구의,광진구,구의제3동,NRH12,,2.5,0,1328
9004,구의,광진구,구의제3동,NRH12,,4.0,0,111
9004,구의,광진구,구의제3동,NRH12,,6.0,0,12
9004,구의,광진구,구의제3동,NRH12,,10.0,0,1
9004,구의,광진구,구의제3동,NRH50,,1000.0,0,1
9004,구의,광진구,구의제3동,NRH50,,1600.0,0,1
9004,구의,광진구,구의제3동,NWH41,,4.0,0,7
9004,구의,광진구,구의제3동,NWH41,,6.0,0,4
9004,구의,광진구,구의제3동,NWH41,,10.0,0,2
9004,구의,광진구,구의제3동,NWH41,,16.0,0,1
9004,구의,광진구,구의제3동,NWH41,,25.0,0,1
9004,구의,광진구,구의제3동,NWH41,,40.0,0,1
9004,구의,광진구,자양제1동,NAH36,,16.0,0,1
9004,구의,광진구,자양제1동,NAH36,,40.0,0,1
9004,구의,광진구,자양제1동,NAH36,,65.0,0,1
9004,구의,광진구,자양제1동,NAH36,,160.0,0,1
9004,구의,광진구,자양제1동,NCH20,,2.5,0,40
9004,구의,광진구,자양제1동,NCH20,,3.0,0,2
9004,구의,광진구,자양제1동,NCH20,,4.0,0,122
9004,구의,광진구,자양제1동,NCH20,,6.0,0,119
9004,구의,광진구,자양제1동,NCH20,,10.0,0,95
9004,구의,광진구,자양제1동,NCH20,,16.0,0,46
9004,구의,광진구,자양제1동,NCH20,,25.0,0,8
9004,구의,광진구,자양제1동,NCH20,,40.0,0,4
9004,구의,광진구,자양제1동,NCH20,,65.0,0,2
9004,구의,광진구,자양제1동,NCH20,,100.0,0,1
9004,구의,광진구,자양제1동,NCH20,,160.0,0,1
9004,구의,광진구,자양제1동,NCH34,,160.0,0,1
9004,구의,광진구,자양제1동,NOH30,,2.5,0,8
9004,구의,광진구,자양제1동,NOH30,,3.0,0,1
9004,구의,광진구,자양제1동,NOH30,,4.0,0,18
9004,구의,광진구,자양제1동,NOH30,,6.0,0,10
9004,구의,광진구,자양제1동,NOH30,,10.0,0,5
9004,구의,광진구,자양제1동,NOH30,,16.0,0,3
9004,구의,광진구,자양제1동,NOH30,,25.0,0,3
9004,구의,광진구,자양제1동,NOH30,,40.0,0,1
9004,구의,광진구,자양제1동,NRH11,,2.5,0,608
9004,구의,광진구,자양제1동,NRH11,,3.0,0,12
9004,구의,광진구,자양제1동,NRH11,,4.0,0,6735
9004,구의,광진구,자양제1동,NRH11,,6.0,0,345
9004,구의,광진구,자양제1동,NRH11,,10.0,0,2
9004,구의,광진구,자양제1동,NRH12,,2.5,0,1432
9004,구의,광진구,자양제1동,NRH12,,4.0,0,227
9004,구의,광진구,자양제1동,NRH12,,6.0,0,6
9004,구의,광진구,자양제1동,NWH41,,2.5,0,3
9004,구의,광진구,자양제1동,NWH41,,4.0,0,3
9004,구의,광진구,자양제1동,NWH41,,6.0,0,4
9004,구의,광진구,자양제1동,NWH41,,10.0,0,3
9004,구의,광진구,자양제1동,NWH41,,25.0,0,1
9004,구의,광진구,자양제2동,NAH36,,16.0,0,1
9004,구의,광진구,자양제2동,NAH36,,25.0,0,3
9004,구의,광진구,자양제2동,NAH36,,65.0,0,3
9004,구의,광진구,자양제2동,NAH36,,100.0,0,2
9004,구의,광진구,자양제2동,NAH36,,160.0,0,2
9004,구의,광진구,자양제2동,NAH36,,650.0,0,1
9004,구의,광진구,자양제2동,NCH20,,2.5,0,41
9004,구의,광진구,자양제2동,NCH20,,3.0,0,4
9004,구의,광진구,자양제2동,NCH20,,4.0,0,119
9004,구의,광진구,자양제2동,NCH20,,6.0,0,94
9004,구의,광진구,자양제2동,NCH20,,7.0,0,1
9004,구의,광진구,자양제2동,NCH20,,10.0,0,70
9004,구의,광진구,자양제2동,NCH20,,16.0,0,63
9004,구의,광진구,자양제2동,NCH20,,25.0,0,20
9004,구의,광진구,자양제2동,NCH20,,40.0,0,8
9004,구의,광진구,자양제2동,NCH20,,65.0,0,6
9004,구의,광진구,자양제2동,NCH20,,100.0,0,3
9004,구의,광진구,자양제2동,NCH20,,160.0,0,9
9004,구의,광진구,자양제2동,NCH20,,250.0,0,10
9004,구의,광진구,자양제2동,NCH34,,40.0,0,1
9004,구의,광진구,자양제2동,NCH34,,400.0,0,1
9004,구의,광진구,자양제2동,NFH80,,16.0,0,1
9004,구의,광진구,자양제2동,NFH80,,65.0,0,1
9004,구의,광진구,자양제2동,NOH30,,2.5,0,7
9004,구의,광진구,자양제2동,NOH30,,4.0,0,23
9004,구의,광진구,자양제2동,NOH30,,6.0,0,10
9004,구의,광진구,자양제2동,NOH30,,10.0,0,1
9004,구의,광진구,자양제2동,NOH30,,16.0,0,1
9004,구의,광진구,자양제2동,NOH30,,25.0,0,1
9004,구의,광진구,자양제2동,NOH30,,40.0,0,1
9004,구의,광진구,자양제2동,NOH30,,65.0,0,1
9004,구의,광진구,자양제2동,NOH30,,100.0,0,2
9004,구의,광진구,자양제2동,NRC10,,2.5,0,41
9004,구의,광진구,자양제2동,NRH11,,2.0,0,1
9004,구의,광진구,자양제2동,NRH11,,2.5,0,599
9004,구의,광진구,자양제2동,NRH11,,3.0,0,16
9004,구의,광진구,자양제2동,NRH11,,4.0,0,8642
9004,구의,광진구,자양제2동,NRH11,,6.0,0,1847
9004,구의,광진구,자양제2동,NRH11,,7.0,0,1
9004,구의,광진구,자양제2동,NRH11,,10.0,0,5
9004,구의,광진구,자양제2동,NRH12,,2.5,0,950
9004,구의,광진구,자양제2동,NRH12,,4.0,0,150
9004,구의,광진구,자양제2동,NRH12,,6.0,0,4
9004,구의,광진구,자양제2동,NRH14,,2.5,0,28
9004,구의,광진구,자양제2동,NWH41,,2.5,0,3
9004,구의,광진구,자양제2동,NWH41,,4.0,0,8
9004,구의,광진구,자양제2동,NWH41,,6.0,0,10
9004,구의,광진구,자양제2동,NWH41,,10.0,0,4
9004,구의,광진구,자양제2동,NWH41,,16.0,0,1
9004,구의,광진구,자양제2동,NWH41,,25.0,0,2
9005,금호,성동구,금호1가동,NAH36,,10.0,0,1
9005,금호,성동구,금호1가동,NAH36,,16.0,0,2
9005,금호,성동구,금호1가동,NAH36,,25.0,0,1
9005,금호,성동구,금호1가동,NAH36,,100.0,0,1
9005,금호,성동구,금호1가동,NCH20,,2.5,0,8
9005,금호,성동구,금호1가동,NCH20,,3.0,0,2
9005,금호,성동구,금호1가동,NCH20,,4.0,0,44
9005,금호,성동구,금호1가동,NCH20,,5.0,0,3
9005,금호,성동구,금호1가동,NCH20,,6.0,0,51
9005,금호,성동구,금호1가동,NCH20,,7.0,0,2
9005,금호,성동구,금호1가동,NCH20,,10.0,0,31
9005,금호,성동구,금호1가동,NCH20,,16.0,0,26
9005,금호,성동구,금호1가동,NCH20,,25.0,0,9
9005,금호,성동구,금호1가동,NCH20,,40.0,0,3
9005,금호,성동구,금호1가동,NCH20,,65.0,0,1
9005,금호,성동구,금호1가동,NCH20,,160.0,0,1
9005,금호,성동구,금호1가동,NCH34,,160.0,0,1
9005,금호,성동구,금호1가동,NFH80,,2.5,0,1
9005,금호,성동구,금호1가동,NIH40,,10.0,0,1
9005,금호,성동구,금호1가동,NIH40,,16.0,0,1
9005,금호,성동구,금호1가동,NIH40,,40.0,0,1
9005,금호,성동구,금호1가동,NIH40,,65.0,0,1
9005,금호,성동구,금호1가동,NOH30,,2.5,0,8
9005,금호,성동구,금호1가동,NOH30,,3.0,0,1
9005,금호,성동구,금호1가동,NOH30,,4.0,0,15
9005,금호,성동구,금호1가동,NOH30,,6.0,0,13
9005,금호,성동구,금호1가동,NOH30,,10.0,0,2
9005,금호,성동구,금호1가동,NOH30,,16.0,0,1
9005,금호,성동구,금호1가동,NOH30,,25.0,0,4
9005,금호,성동구,금호1가동,NRC10,,2.5,0,506
9005,금호,성동구,금호1가동,NRC10,,3.0,0,1
9005,금호,성동구,금호1가동,NRC10,,4.0,0,3
9005,금호,성동구,금호1가동,NRH11,,2.5,0,35
9005,금호,성동구,금호1가동,NRH11,,3.0,0,1
9005,금호,성동구,금호1가동,NRH11,,4.0,0,4896
9005,금호,성동구,금호1가동,NRH11,,6.0,0,854
9005,금호,성동구,금호1가동,NRH11,,10.0,0,4
9005,금호,성동구,금호1가동,NRH12,,2.5,0,189
9005,금호,성동구,금호1가동,NRH12,,4.0,0,43
9005,금호,성동구,금호1가동,NRH14,,2.5,0,327
9005,금호,성동구,금호1가동,NWH41,,4.0,0,2
9005,금호,성동구,금호1가동,NWH41,,6.0,0,5
9005,금호,성동구,금호1가동,NWH41,,16.0,0,3
9005,금호,성동구,금호1가동,NWH41,,40.0,0,1
9005,금호,성동구,금호2.3가동,NAH36,,25.0,0,2
9005,금호,성동구,금호2.3가동,NCH20,,2.0,0,1
9005,금호,성동구,금호2.3가동,NCH20,,2.5,0,29
9005,금호,성동구,금호2.3가동,NCH20,,3.0,0,3
9005,금호,성동구,금호2.3가동,NCH20,,4.0,0,103
9005,금호,성동구,금호2.3가동,NCH20,,5.0,0,4
9005,금호,성동구,금호2.3가동,NCH20,,6.0,0,100
9005,금호,성동구,금호2.3가동,NCH20,,7.0,0,2
9005,금호,성동구,금호2.3가동,NCH20,,10.0,0,103
9005,금호,성동구,금호2.3가동,NCH20,,16.0,0,30
9005,금호,성동구,금호2.3가동,NCH20,,25.0,0,9
9005,금호,성동구,금호2.3가동,NCH20,,40.0,0,4
9005,금호,성동구,금호2.3가동,NCH20,,65.0,0,2
9005,금호,성동구,금호2.3가동,NCH20,,400.0,0,1
9005,금호,성동구,금호2.3가동,NOH30,,2.5,0,4
9005,금호,성동구,금호2.3가동,NOH30,,4.0,0,16
9005,금호,성동구,금호2.3가동,NOH30,,6.0,0,16
9005,금호,성동구,금호2.3가동,NOH30,,10.0,0,3
9005,금호,성동구,금호2.3가동,NOH30,,25.0,0,2
9005,금호,성동구,금호2.3가동,NOH30,,40.0,0,2
9005,금호,성동구,금호2.3가동,NOH30,,65.0,0,1
9005,금호,성동구,금호2.3가동,NOH30,,100.0,0,1
9005,금호,성동구,금호2.3가동,NRC10,,2.5,0,5
9005,금호,성동구,금호2.3가동,NRC10,,3.0,0,5
9005,금호,성동구,금호2.3가동,NRC10,,4.0,0,6
9005,금호,성동구,금호2.3가동,NRH11,,2.5,0,126
9005,금호,성동구,금호2.3가동,NRH11,,3.0,0,6
9005,금호,성동구,금호2.3가동,NRH11,,4.0,0,8313
9005,금호,성동구,금호2.3가동,NRH11,,6.0,0,682
9005,금호,성동구,금호2.3가동,NRH11,,10.0,0,5
9005,금호,성동구,금호2.3가동,NRH12,,2.5,0,83
9005,금호,성동구,금호2.3가동,NRH12,,4.0,0,7
9005,금호,성동구,금호2.3가동,NWH41,,2.5,0,1
9005,금호,성동구,금호2.3가동,NWH41,,4.0,0,13
9005,금호,성동구,금호2.3가동,NWH41,,6.0,0,11
9005,금호,성동구,금호2.3가동,NWH41,,10.0,0,4
9005,금호,성동구,금호2.3가동,NWH41,,16.0,0,1
9005,금호,성동구,금호2.3가동,NWH41,,25.0,0,1
9005,금호,성동구,금호2.3가동,NWH41,,40.0,0,1
9005,금호,성동구,금호4가동,NAH36,,6.0,0,1
9005,금호,성동구,금호4가동,NAH36,,16.0,0,1
9005,금호,성동구,금호4가동,NAH36,,25.0,0,1
9005,금호,성동구,금호4가동,NAH36,,160.0,0,1
9005,금호,성동구,금호4가동,NCH20,,2.5,0,11
9005,금호,성동구,금호4가동,NCH20,,3.0,0,3
9005,금호,성동구,금호4가동,NCH20,,4.0,0,49
9005,금호,성동구,금호4가동,NCH20,,5.0,0,1
9005,금호,성동구,금호4가동,NCH20,,6.0,0,57
9005,금호,성동구,금호4가동,NCH20,,7.0,0,2
9005,금호,성동구,금호4가동,NCH20,,10.0,0,57
9005,금호,성동구,금호4가동,NCH20,,16.0,0,17
9005,금호,성동구,금호4가동,NCH20,,25.0,0,6
9005,금호,성동구,금호4가동,NCH20,,40.0,0,2
9005,금호,성동구,금호4가동,NCH20,,65.0,0,1
9005,금호,성동구,금호4가동,NCH20,,100.0,0,2
9005,금호,성동구,금호4가동,NCH34,,250.0,0,1
9005,금호,성동구,금호4가동,NOH30,,2.5,0,1
9005,금호,성동구,금호4가동,NOH30,,4.0,0,16
9005,금호,성동구,금호4가동,NOH30,,5.0,0,1
9005,금호,성동구,금호4가동,NOH30,,6.0,0,13
9005,금호,성동구,금호4가동,NOH30,,7.0,0,1
9005,금호,성동구,금호4가동,NOH30,,10.0,0,2
9005,금호,성동구,금호4가동,NOH30,,16.0,0,4
9005,금호,성동구,금호4가동,NOH30,,25.0,0,1
9005,금호,성동구,금호4가동,NOH30,,40.0,0,2
9005,금호,성동구,금호4가동,NOH30,,65.0,0,1
9005,금호,성동구,금호4가동,NRC10,,2.5,0,7
9005,금호,성동구,금호4가동,NRC10,,3.0,0,2
9005,금호,성동구,금호4가동,NRC10,,4.0,0,6
9005,금호,성동구,금호4가동,NRH11,,2.5,0,49
9005,금호,성동구,금호4가동,NRH11,,3.0,0,9
9005,금호,성동구,금호4가동,NRH11,,4.0,0,5076
9005,금호,성동구,금호4가동,NRH11,,5.0,0,1
9005,금호,성동구,금호4가동,NRH11,,6.0,0,973
9005,금호,성동구,금호4가동,NRH11,,10.0,0,1
9005,금호,성동구,금호4가동,NRH12,,2.5,0,65
9005,금호,성동구,금호4가동,NRH12,,4.0,0,118
9005,금호,성동구,금호4가동,NRH12,,6.0,0,4
9005,금호,성동구,금호4가동,NWH41,,4.0,0,5
9005,금호,성동구,금호4가동,NWH41,,6.0,0,10
9005,금호,성동구,금호4가동,NWH41,,10.0,0,3
9005,금호,성동구,금호4가동,NWH41,,40.0,0,1
9005,금호,성동구,옥수동,NAH36,,6.0,0,1
9005,금호,성동구,옥수동,NAH36,,16.0,0,1
9005,금호,성동구,옥수동,NAH36,,25.0,0,1
9005,금호,성동구,옥수동,NAH36,,40.0,0,1
9005,금호,성동구,옥수동,NAH36,,65.0,0,1
9005,금호,성동구,옥수동,NCH20,,2.5,0,18
9005,금호,성동구,옥수동,NCH20,,3.0,0,2
9005,금호,성동구,옥수동,NCH20,,4.0,0,52
9005,금호,성동구,옥수동,NCH20,,5.0,0,2
9005,금호,성동구,옥수동,NCH20,,6.0,0,72
9005,금호,성동구,옥수동,NCH20,,7.0,0,1
9005,금호,성동구,옥수동,NCH20,,10.0,0,59
9005,금호,성동구,옥수동,NCH20,,16.0,0,25
9005,금호,성동구,옥수동,NCH20,,25.0,0,17
9005,금호,성동구,옥수동,NCH20,,40.0,0,5
9005,금호,성동구,옥수동,NCH20,,65.0,0,3
9005,금호,성동구,옥수동,NCH20,,250.0,0,1
9005,금호,성동구,옥수동,NCH34,,160.0,0,2
9005,금호,성동구,옥수동,NGH37,,100.0,0,1
9005,금호,성동구,옥수동,NGH37,,160.0,0,1
9005,금호,성동구,옥수동,NHO46,,1600.0,0,2
9005,금호,성동구,옥수동,NOH30,,2.5,0,5
9005,금호,성동구,옥수동,NOH30,,3.0,0,1
9005,금호,성동구,옥수동,NOH30,,4.0,0,28
9005,금호,성동구,옥수동,NOH30,,6.0,0,13
9005,금호,성동구,옥수동,NOH30,,10.0,0,4
9005,금호,성동구,옥수동,NOH30,,16.0,0,2
9005,금호,성동구,옥수동,NOH30,,25.0,0,2
9005,금호,성동구,옥수동,NOH30,,40.0,0,2
9005,금호,성동구,옥수동,NOH30,,65.0,0,1
9005,금호,성동구,옥수동,NOH30,,100.0,0,2
9005,금호,성동구,옥수동,NRC10,,2.0,0,44
9005,금호,성동구,옥수동,NRC10,,2.5,0,1634
9005,금호,성동구,옥수동,NRC10,,3.0,0,22
9005,금호,성동구,옥수동,NRC10,,4.0,0,1405
9005,금호,성동구,옥수동,NRC10,,6.0,0,1
9005,금호,성동구,옥수동,NRH11,,2.5,0,55
9005,금호,성동구,옥수동,NRH11,,3.0,0,5
9005,금호,성동구,옥수동,NRH11,,4.0,0,5203
9005,금호,성동구,옥수동,NRH11,,5.0,0,1
9005,금호,성동구,옥수동,NRH11,,6.0,0,1988
9005,금호,성동구,옥수동,NRH11,,10.0,0,13
9005,금호,성동구,옥수동,NRH11,,25.0,0,2
9005,금호,성동구,옥수동,NRH12,,2.5,0,49
9005,금호,성동구,옥수동,NRH12,,4.0,0,246
9005,금호,성동구,옥수동,NRH12,,6.0,0,1
9005,금호,성동구,옥수동,NRH50,,1000.0,0,2
9005,금호,성동구,옥수동,NRH50,,1600.0,0,1
9005,금호,성동구,옥수동,NWH41,,2.5,0,1
9005,금호,성동구,옥수동,NWH41,,4.0,0,4
9005,금호,성동구,옥수동,NWH41,,6.0,0,7
9005,금호,성동구,옥수동,NWH41,,10.0,0,3
9005,금호,성동구,옥수동,NWH41,,16.0,0,3
9005,금호,성동구,옥수동,NWH41,,25.0,0,2
9005,금호,성동구,옥수동,NWH41,,40.0,0,2
9005,금호,성동구,응봉동,NCH20,,2.5,0,6
9005,금호,성동구,응봉동,NCH20,,3.0,0,2
9005,금호,성동구,응봉동,NCH20,,4.0,0,22
9005,금호,성동구,응봉동,NCH20,,6.0,0,26
9005,금호,성동구,응봉동,NCH20,,10.0,0,21
9005,금호,성동구,응봉동,NCH20,,16.0,0,4
9005,금호,성동구,응봉동,NCH20,,25.0,0,2
9005,금호,성동구,응봉동,NCH20,,40.0,0,1
9005,금호,성동구,응봉동,NCH20,,65.0,0,1
9005,금호,성동구,응봉동,NCH34,,6.0,0,1
9005,금호,성동구,응봉동,NCH34,,100.0,0,1
9005,금호,성동구,응봉동,NOH30,,2.5,0,1
9005,금호,성동구,응봉동,NOH30,,4.0,0,6
9005,금호,성동구,응봉동,NOH30,,6.0,0,7
9005,금호,성동구,응봉동,NOH30,,40.0,0,1
9005,금호,성동구,응봉동,NOH30,,100.0,0,1
9005,금호,성동구,응봉동,NRC10,,2.5,0,1
9005,금호,성동구,응봉동,NRC10,,3.0,0,2
9005,금호,성동구,응봉동,NRC10,,4.0,0,850
9005,금호,성동구,응봉동,NRC10,,6.0,0,2
9005,금호,성동구,응봉동,NRH11,,2.5,0,13
9005,금호,성동구,응봉동,NRH11,,3.0,0,13
9005,금호,성동구,응봉동,NRH11,,4.0,0,3829
9005,금호,성동구,응봉동,NRH11,,5.0,0,2
9005,금호,성동구,응봉동,NRH11,,6.0,0,940
9005,금호,성동구,응봉동,NRH11,,10.0,0,1
9005,금호,성동구,응봉동,NRH12,,2.5,0,16
9005,금호,성동구,응봉동,NRH50,,1600.0,0,1
9005,금호,성동구,응봉동,NWH41,,4.0,0,11
9005,금호,성동구,응봉동,NWH41,,6.0,0,4
9005,금호,성동구,응봉동,NWH41,,25.0,0,1
9005,금호,용산구,한남동,NAH36,,4.0,0,2
9005,금호,용산구,한남동,NAH36,,6.0,0,10
9005,금호,용산구,한남동,NAH36,,10.0,0,2
9005,금호,용산구,한남동,NAH36,,16.0,0,1
9005,금호,용산구,한남동,NAH36,,25.0,0,1
9005,금호,용산구,한남동,NAH36,,65.0,0,3
9005,금호,용산구,한남동,NAH36,,100.0,0,1
9005,금호,용산구,한남동,NAH36,,160.0,0,5
9005,금호,용산구,한남동,NCH20,,2.5,0,36
9005,금호,용산구,한남동,NCH20,,4.0,0,134
9005,금호,용산구,한남동,NCH20,,5.0,0,3
9005,금호,용산구,한남동,NCH20,,6.0,0,111
9005,금호,용산구,한남동,NCH20,,7.0,0,1
9005,금호,용산구,한남동,NCH20,,10.0,0,129
9005,금호,용산구,한남동,NCH20,,16.0,0,62
9005,금호,용산구,한남동,NCH20,,25.0,0,34
9005,금호,용산구,한남동,NCH20,,40.0,0,12
9005,금호,용산구,한남동,NCH20,,65.0,0,5
9005,금호,용산구,한남동,NCH20,,100.0,0,1
9005,금호,용산구,한남동,NCH34,,160.0,0,1
9005,금호,용산구,한남동,NCH34,,250.0,0,1
9005,금호,용산구,한남동,NFH80,,2.5,0,1
9005,금호,용산구,한남동,NFH80,,6.0,0,1
9005,금호,용산구,한남동,NFH80,,10.0,0,1
9005,금호,용산구,한남동,NGH37,,65.0,0,1
9005,금호,용산구,한남동,NOH30,,2.0,0,1
9005,금호,용산구,한남동,NOH30,,2.5,0,10
9005,금호,용산구,한남동,NOH30,,3.0,0,2
9005,금호,용산구,한남동,NOH30,,4.0,0,53
9005,금호,용산구,한남동,NOH30,,6.0,0,33
9005,금호,용산구,한남동,NOH30,,10.0,0,11
9005,금호,용산구,한남동,NOH30,,16.0,0,11
9005,금호,용산구,한남동,NOH30,,25.0,0,13
9005,금호,용산구,한남동,NOH30,,40.0,0,8
9005,금호,용산구,한남동,NOH30,,65.0,0,5
9005,금호,용산구,한남동,NOH30,,100.0,0,7
9005,금호,용산구,한남동,NOH30,,160.0,0,1
9005,금호,용산구,한남동,NOH30,,400.0,0,1
9005,금호,용산구,한남동,NRC10,,2.5,0,21
9005,금호,용산구,한남동,NRC10,,3.0,0,2
9005,금호,용산구,한남동,NRC10,,4.0,0,16
9005,금호,용산구,한남동,NRC10,,6.0,0,8
9005,금호,용산구,한남동,NRH11,,2.5,0,74
9005,금호,용산구,한남동,NRH11,,3.0,0,7
9005,금호,용산구,한남동,NRH11,,4.0,0,2421
9005,금호,용산구,한남동,NRH11,,5.0,0,1
9005,금호,용산구,한남동,NRH11,,6.0,0,1889
9005,금호,용산구,한남동,NRH11,,7.0,0,8
9005,금호,용산구,한남동,NRH11,,10.0,0,502
9005,금호,용산구,한남동,NRH11,,16.0,0,53
9005,금호,용산구,한남동,NRH11,,25.0,0,14
9005,금호,용산구,한남동,NRH11,,40.0,0,4
9005,금호,용산구,한남동,NRH11,,65.0,0,1
9005,금호,용산구,한남동,NRH12,,2.5,0,200
9005,금호,용산구,한남동,NRH12,,4.0,0,86
9005,금호,용산구,한남동,NRH12,,6.0,0,38
9005,금호,용산구,한남동,NRH12,,10.0,0,4
9005,금호,용산구,한남동,NRH12,,16.0,0,1
9005,금호,용산구,한남동,NRH12,,25.0,0,1
9005,금호,용산구,한남동,NRH12,,40.0,0,1
9005,금호,용산구,한남동,NRH12,,65.0,0,1
9005,금호,용산구,한남동,NRH50,,400.0,0,1
9005,금호,용산구,한남동,NWH41,,2.5,0,1
9005,금호,용산구,한남동,NWH41,,4.0,0,3
9005,금호,용산구,한남동,NWH41,,6.0,0,5
9005,금호,용산구,한남동,NWH41,,10.0,0,2
9005,금호,용산구,한남동,NWH41,,16.0,0,1
9005,금호,용산구,한남동,NWH41,,25.0,0,1
9005,금호,용산구,한남동,NWH41,,40.0,0,2
9005,금호,용산구,한남동,NWH41,,65.0,0,1
9005,금호,용산구,한남동,NWH42,,40.0,0,1
9005,금호,성동구,행당제2동,NAH36,,100.0,0,1
9005,금호,성동구,행당제2동,NAH36,,400.0,0,1
9005,금호,성동구,행당제2동,NCH20,,2.5,0,5
9005,금호,성동구,행당제2동,NCH20,,3.0,0,5
9005,금호,성동구,행당제2동,NCH20,,4.0,0,11
9005,금호,성동구,행당제2동,NCH20,,5.0,0,4
9005,금호,성동구,행당제2동,NCH20,,6.0,0,31
9005,금호,성동구,행당제2동,NCH20,,10.0,0,13
9005,금호,성동구,행당제2동,NCH20,,16.0,0,4
9005,금호,성동구,행당제2동,NCH20,,25.0,0,5
9005,금호,성동구,행당제2동,NCH20,,65.0,0,1
9005,금호,성동구,행당제2동,NCH20,,100.0,0,1
9005,금호,성동구,행당제2동,NOH30,,2.5,0,1
9005,금호,성동구,행당제2동,NOH30,,3.0,0,3
9005,금호,성동구,행당제2동,NOH30,,4.0,0,9
9005,금호,성동구,행당제2동,NOH30,,6.0,0,3
9005,금호,성동구,행당제2동,NOH30,,10.0,0,2
9005,금호,성동구,행당제2동,NOH30,,16.0,0,1
9005,금호,성동구,행당제2동,NOH30,,25.0,0,3
9005,금호,성동구,행당제2동,NOH30,,250.0,0,1
9005,금호,성동구,행당제2동,NRC10,,4.0,0,1
9005,금호,성동구,행당제2동,NRH11,,2.5,0,1
9005,금호,성동구,행당제2동,NRH11,,3.0,0,4
9005,금호,성동구,행당제2동,NRH11,,4.0,0,3507
9005,금호,성동구,행당제2동,NRH11,,6.0,0,1064
9005,금호,성동구,행당제2동,NRH11,,10.0,0,1
9005,금호,성동구,행당제2동,NWH41,,4.0,0,5
9005,금호,성동구,행당제2동,NWH41,,6.0,0,4
9005,금호,성동구,행당제2동,NWH41,,10.0,0,1
9005,금호,성동구,행당제2동,NWH41,,16.0,0,1
9005,금호,성동구,행당제2동,NWH41,,25.0,0,2
9006,면목,중랑구,망우본동,NAH36,,65.0,0,2
9006,면목,중랑구,망우본동,NCH20,,2.5,0,33
9006,면목,중랑구,망우본동,NCH20,,3.0,0,3
9006,면목,중랑구,망우본동,NCH20,,4.0,0,121
9006,면목,중랑구,망우본동,NCH20,,5.0,0,1
9006,면목,중랑구,망우본동,NCH20,,6.0,0,172
9006,면목,중랑구,망우본동,NCH20,,7.0,0,2
9006,면목,중랑구,망우본동,NCH20,,10.0,0,134
9006,면목,중랑구,망우본동,NCH20,,16.0,0,58
9006,면목,중랑구,망우본동,NCH20,,25.0,0,30
9006,면목,중랑구,망우본동,NCH20,,40.0,0,16
9006,면목,중랑구,망우본동,NCH20,,65.0,0,3
9006,면목,중랑구,망우본동,NCH34,,40.0,0,2
9006,면목,중랑구,망우본동,NCH34,,160.0,0,1
9006,면목,중랑구,망우본동,NCH34,,250.0,0,1
9006,면목,중랑구,망우본동,NCH34,,400.0,0,1
9006,면목,중랑구,망우본동,NFH80,,2.5,0,1
9006,면목,중랑구,망우본동,NFH80,,10.0,0,1
9006,면목,중랑구,망우본동,NIH40,,10.0,0,1
9006,면목,중랑구,망우본동,NIH40,,16.0,0,1
9006,면목,중랑구,망우본동,NOH30,,2.5,0,10
9006,면목,중랑구,망우본동,NOH30,,3.0,0,4
9006,면목,중랑구,망우본동,NOH30,,4.0,0,22
9006,면목,중랑구,망우본동,NOH30,,5.0,0,1
9006,면목,중랑구,망우본동,NOH30,,6.0,0,18
9006,면목,중랑구,망우본동,NOH30,,7.0,0,1
9006,면목,중랑구,망우본동,NOH30,,10.0,0,1
9006,면목,중랑구,망우본동,NOH30,,16.0,0,2
9006,면목,중랑구,망우본동,NOH30,,25.0,0,4
9006,면목,중랑구,망우본동,NOH30,,40.0,0,3
9006,면목,중랑구,망우본동,NOH30,,65.0,0,1
9006,면목,중랑구,망우본동,NOH30,,160.0,0,1
9006,면목,중랑구,망우본동,NRC10,,4.0,0,2
9006,면목,중랑구,망우본동,NRH11,,2.5,0,558
9006,면목,중랑구,망우본동,NRH11,,3.0,0,36
9006,면목,중랑구,망우본동,NRH11,,4.0,0,7097
9006,면목,중랑구,망우본동,NRH11,,5.0,0,1
9006,면목,중랑구,망우본동,NRH11,,6.0,0,491
9006,면목,중랑구,망우본동,NRH11,,10.0,0,5
9006,면목,중랑구,망우본동,NRH11,,16.0,0,1
9006,면목,중랑구,망우본동,NRH12,,2.5,0,1582
9006,면목,중랑구,망우본동,NRH12,,4.0,0,334
9006,면목,중랑구,망우본동,NRH12,,6.0,0,1
9006,면목,중랑구,망우본동,NRH12,,10.0,0,1
9006,면목,중랑구,망우본동,NWH41,,2.5,0,1
9006,면목,중랑구,망우본동,NWH41,,4.0,0,7
9006,면목,중랑구,망우본동,NWH41,,6.0,0,7
9006,면목,중랑구,망우본동,NWH41,,10.0,0,6
9006,면목,중랑구,망우본동,NWH41,,16.0,0,3
9006,면목,중랑구,망우본동,NWH41,,25.0,0,1
9006,면목,중랑구,망우제3동,NAH36,,100.0,0,1
9006,면목,중랑구,망우제3동,NCH20,,2.5,0,15
9006,면목,중랑구,망우제3동,NCH20,,3.0,0,3
9006,면목,중랑구,망우제3동,NCH20,,4.0,0,54
9006,면목,중랑구,망우제3동,NCH20,,5.0,0,2
9006,면목,중랑구,망우제3동,NCH20,,6.0,0,67
9006,면목,중랑구,망우제3동,NCH20,,10.0,0,46
9006,면목,중랑구,망우제3동,NCH20,,16.0,0,18
9006,면목,중랑구,망우제3동,NCH20,,25.0,0,4
9006,면목,중랑구,망우제3동,NCH20,,40.0,0,3
9006,면목,중랑구,망우제3동,NCH20,,65.0,0,3
9006,면목,중랑구,망우제3동,NCH20,,250.0,0,1
9006,면목,중랑구,망우제3동,NCH34,,16.0,0,1
9006,면목,중랑구,망우제3동,NCH34,,65.0,0,1
9006,면목,중랑구,망우제3동,NOH30,,2.5,0,7
9006,면목,중랑구,망우제3동,NOH30,,3.0,0,3
9006,면목,중랑구,망우제3동,NOH30,,4.0,0,11
9006,면목,중랑구,망우제3동,NOH30,,6.0,0,9
9006,면목,중랑구,망우제3동,NOH30,,16.0,0,1
9006,면목,중랑구,망우제3동,NOH30,,40.0,0,2
9006,면목,중랑구,망우제3동,NOH30,,65.0,0,2
9006,면목,중랑구,망우제3동,NOH30,,100.0,0,1
9006,면목,중랑구,망우제3동,NOH30,,160.0,0,1
9006,면목,중랑구,망우제3동,NRC10,,2.5,0,1
9006,면목,중랑구,망우제3동,NRH11,,2.0,0,1
9006,면목,중랑구,망우제3동,NRH11,,2.5,0,309
9006,면목,중랑구,망우제3동,NRH11,,3.0,0,45
9006,면목,중랑구,망우제3동,NRH11,,4.0,0,7183
9006,면목,중랑구,망우제3동,NRH11,,6.0,0,407
9006,면목,중랑구,망우제3동,NRH11,,10.0,0,1
9006,면목,중랑구,망우제3동,NRH12,,2.5,0,842
9006,면목,중랑구,망우제3동,NRH12,,4.0,0,118
9006,면목,중랑구,망우제3동,NRH12,,6.0,0,3
9006,면목,중랑구,망우제3동,NWH41,,2.5,0,2
9006,면목,중랑구,망우제3동,NWH41,,4.0,0,8
9006,면목,중랑구,망우제3동,NWH41,,6.0,0,7
9006,면목,중랑구,망우제3동,NWH41,,10.0,0,5
9006,면목,중랑구,망우제3동,NWH41,,25.0,0,1
9006,면목,중랑구,망우제3동,NWH41,,40.0,0,2
9006,면목,중랑구,면목제3.8동,NAH36,,16.0,0,1
9006,면목,중랑구,면목제3.8동,NAH36,,25.0,0,2
9006,면목,중랑구,면목제3.8동,NAH36,,40.0,0,1
9006,면목,중랑구,면목제3.8동,NAH36,,250.0,0,1
9006,면목,중랑구,면목제3.8동,NCH20,,2.0,0,1
9006,면목,중랑구,면목제3.8동,NCH20,,2.5,0,35
9006,면목,중랑구,면목제3.8동,NCH20,,3.0,0,8
9006,면목,중랑구,면목제3.8동,NCH20,,4.0,0,135
9006,면목,중랑구,면목제3.8동,NCH20,,5.0,0,8
9006,면목,중랑구,면목제3.8동,NCH20,,6.0,0,207
9006,면목,중랑구,면목제3.8동,NCH20,,7.0,0,7
9006,면목,중랑구,면목제3.8동,NCH20,,10.0,0,163
9006,면목,중랑구,면목제3.8동,NCH20,,16.0,0,56
9006,면목,중랑구,면목제3.8동,NCH20,,25.0,0,16
9006,면목,중랑구,면목제3.8동,NCH20,,40.0,0,6
9006,면목,중랑구,면목제3.8동,NCH20,,65.0,0,3
9006,면목,중랑구,면목제3.8동,NCH20,,100.0,0,1
9006,면목,중랑구,면목제3.8동,NCH20,,160.0,0,2
9006,면목,중랑구,면목제3.8동,NCH34,,65.0,0,1
9006,면목,중랑구,면목제3.8동,NFH80,,4.0,0,1
9006,면목,중랑구,면목제3.8동,NIH40,,10.0,0,1
9006,면목,중랑구,면목제3.8동,NOH30,,2.5,0,15
9006,면목,중랑구,면목제3.8동,NOH30,,3.0,0,11
9006,면목,중랑구,면목제3.8동,NOH30,,4.0,0,26
9006,면목,중랑구,면목제3.8동,NOH30,,5.0,0,2
9006,면목,중랑구,면목제3.8동,NOH30,,6.0,0,18
9006,면목,중랑구,면목제3.8동,NOH30,,10.0,0,8
9006,면목,중랑구,면목제3.8동,NOH30,,16.0,0,2
9006,면목,중랑구,면목제3.8동,NOH30,,25.0,0,2
9006,면목,중랑구,면목제3.8동,NOH30,,40.0,0,1
9006,면목,중랑구,면목제3.8동,NOH30,,65.0,0,1
9006,면목,중랑구,면목제3.8동,NOH30,,100.0,0,1
9006,면목,중랑구,면목제3.8동,NOH30,,160.0,0,1
9006,면목,중랑구,면목제3.8동,NRC10,,2.5,0,1
9006,면목,중랑구,면목제3.8동,NRC10,,3.0,0,1
9006,면목,중랑구,면목제3.8동,NRC10,,4.0,0,11
9006,면목,중랑구,면목제3.8동,NRH11,,2.5,0,627
9006,면목,중랑구,면목제3.8동,NRH11,,3.0,0,64
9006,면목,중랑구,면목제3.8동,NRH11,,4.0,0,10800
9006,면목,중랑구,면목제3.8동,NRH11,,6.0,0,387
9006,면목,중랑구,면목제3.8동,NRH11,,10.0,0,2
9006,면목,중랑구,면목제3.8동,NRH11,,16.0,0,1
9006,면목,중랑구,면목제3.8동,NRH12,,2.5,0,1136
9006,면목,중랑구,면목제3.8동,NRH12,,4.0,0,138
9006,면목,중랑구,면목제3.8동,NRH12,,6.0,0,7
9006,면목,중랑구,면목제3.8동,NRH12,,25.0,0,1
9006,면목,중랑구,면목제3.8동,NWH41,,2.5,0,5
9006,면목,중랑구,면목제3.8동,NWH41,,4.0,0,13
9006,면목,중랑구,면목제3.8동,NWH41,,6.0,0,4
9006,면목,중랑구,면목제3.8동,NWH41,,10.0,0,3
9006,면목,중랑구,면목제3.8동,NWH41,,16.0,0,2
9006,면목,중랑구,면목제3.8동,NWH41,,25.0,0,2
9006,면목,중랑구,면목제3.8동,NWH41,,40.0,0,1
9006,면목,중랑구,면목제3.8동,NWH42,,16.0,0,1
9006,면목,중랑구,면목제4동,NAH36,,160.0,0,2
9006,면목,중랑구,면목제4동,NCH20,,2.5,0,21
9006,면목,중랑구,면목제4동,NCH20,,3.0,0,5
9006,면목,중랑구,면목제4동,NCH20,,4.0,0,51
9006,면목,중랑구,면목제4동,NCH20,,5.0,0,2
9006,면목,중랑구,면목제4동,NCH20,,6.0,0,62
9006,면목,중랑구,면목제4동,NCH20,,7.0,0,1
9006,면목,중랑구,면목제4동,NCH20,,10.0,0,50
9006,면목,중랑구,면목제4동,NCH20,,16.0,0,21
9006,면목,중랑구,면목제4동,NCH20,,25.0,0,8
9006,면목,중랑구,면목제4동,NCH20,,40.0,0,2
9006,면목,중랑구,면목제4동,NCH20,,65.0,0,2
9006,면목,중랑구,면목제4동,NCH20,,100.0,0,1
9006,면목,중랑구,면목제4동,NCH20,,250.0,0,1
9006,면목,중랑구,면목제4동,NOH30,,2.5,0,15
9006,면목,중랑구,면목제4동,NOH30,,3.0,0,2
9006,면목,중랑구,면목제4동,NOH30,,4.0,0,22
9006,면목,중랑구,면목제4동,NOH30,,6.0,0,5
9006,면목,중랑구,면목제4동,NOH30,,10.0,0,6
9006,면목,중랑구,면목제4동,NOH30,,16.0,0,1
9006,면목,중랑구,면목제4동,NOH30,,25.0,0,2
9006,면목,중랑구,면목제4동,NOH30,,40.0,0,2
9006,면목,중랑구,면목제4동,NOH30,,65.0,0,1
9006,면목,중랑구,면목제4동,NRC10,,3.0,0,2
9006,면목,중랑구,면목제4동,NRC10,,4.0,0,9
9006,면목,중랑구,면목제4동,NRH11,,2.0,0,2
9006,면목,중랑구,면목제4동,NRH11,,2.5,0,261
9006,면목,중랑구,면목제4동,NRH11,,3.0,0,23
9006,면목,중랑구,면목제4동,NRH11,,4.0,0,7937
9006,면목,중랑구,면목제4동,NRH11,,5.0,0,1
9006,면목,중랑구,면목제4동,NRH11,,6.0,0,576
9006,면목,중랑구,면목제4동,NRH11,,10.0,0,1
9006,면목,중랑구,면목제4동,NRH11,,16.0,0,1
9006,면목,중랑구,면목제4동,NRH12,,2.5,0,446
9006,면목,중랑구,면목제4동,NRH12,,4.0,0,81
9006,면목,중랑구,면목제4동,NRH12,,6.0,0,2
9006,면목,중랑구,면목제4동,NTH62,,400.0,0,1
9006,면목,중랑구,면목제4동,NWH41,,4.0,0,4
9006,면목,중랑구,면목제4동,NWH41,,6.0,0,9
9006,면목,중랑구,면목제4동,NWH41,,10.0,0,1
9006,면목,중랑구,면목제4동,NWH41,,16.0,0,2
9006,면목,중랑구,면목제4동,NWH41,,25.0,0,1
9006,면목,중랑구,면목제4동,NWH41,,40.0,0,1
9006,면목,중랑구,면목제7동,NAH36,,10.0,0,2
9006,면목,중랑구,면목제7동,NAH36,,25.0,0,1
9006,면목,중랑구,면목제7동,NAH36,,40.0,0,1
9006,면목,중랑구,면목제7동,NAH36,,160.0,0,1
9006,면목,중랑구,면목제7동,NCH20,,2.0,0,1
9006,면목,중랑구,면목제7동,NCH20,,2.5,0,32
9006,면목,중랑구,면목제7동,NCH20,,3.0,0,11
9006,면목,중랑구,면목제7동,NCH20,,4.0,0,70
9006,면목,중랑구,면목제7동,NCH20,,5.0,0,5
9006,면목,중랑구,면목제7동,NCH20,,6.0,0,112
9006,면목,중랑구,면목제7동,NCH20,,7.0,0,2
9006,면목,중랑구,면목제7동,NCH20,,10.0,0,90
9006,면목,중랑구,면목제7동,NCH20,,16.0,0,32
9006,면목,중랑구,면목제7동,NCH20,,25.0,0,11
9006,면목,중랑구,면목제7동,NCH20,,40.0,0,3
9006,면목,중랑구,면목제7동,NCH20,,65.0,0,3
9006,면목,중랑구,면목제7동,NCH20,,400.0,0,1
9006,면목,중랑구,면목제7동,NCH34,,160.0,0,2
9006,면목,중랑구,면목제7동,NFH80,,4.0,0,1
9006,면목,중랑구,면목제7동,NIH40,,4.0,0,1
9006,면목,중랑구,면목제7동,NOH30,,2.5,0,4
9006,면목,중랑구,면목제7동,NOH30,,3.0,0,3
9006,면목,중랑구,면목제7동,NOH30,,4.0,0,18
9006,면목,중랑구,면목제7동,NOH30,,5.0,0,5
9006,면목,중랑구,면목제7동,NOH30,,6.0,0,16
9006,면목,중랑구,면목제7동,NOH30,,7.0,0,1
9006,면목,중랑구,면목제7동,NOH30,,10.0,0,4
9006,면목,중랑구,면목제7동,NOH30,,16.0,0,7
9006,면목,중랑구,면목제7동,NOH30,,25.0,0,1
9006,면목,중랑구,면목제7동,NOH30,,40.0,0,1
9006,면목,중랑구,면목제7동,NOH30,,100.0,0,1
9006,면목,중랑구,면목제7동,NRC10,,2.5,0,2
9006,면목,중랑구,면목제7동,NRC10,,4.0,0,3
9006,면목,중랑구,면목제7동,NRC10,,6.0,0,1
9006,면목,중랑구,면목제7동,NRH11,,2.5,0,409
9006,면목,중랑구,면목제7동,NRH11,,3.0,0,35
9006,면목,중랑구,면목제7동,NRH11,,4.0,0,8582
9006,면목,중랑구,면목제7동,NRH11,,6.0,0,692
9006,면목,중랑구,면목제7동,NRH11,,10.0,0,2
9006,면목,중랑구,면목제7동,NRH12,,2.5,0,1095
9006,면목,중랑구,면목제7동,NRH12,,4.0,0,173
9006,면목,중랑구,면목제7동,NRH12,,6.0,0,15
9006,면목,중랑구,면목제7동,NWH41,,4.0,0,13
9006,면목,중랑구,면목제7동,NWH41,,6.0,0,5
9006,면목,중랑구,면목제7동,NWH41,,10.0,0,5
9007,행당,성동구,마장동,NAH36,,16.0,0,3
9007,행당,성동구,마장동,NAH36,,40.0,0,2
9007,행당,성동구,마장동,NAH36,,65.0,0,1
9007,행당,성동구,마장동,NAH36,,100.0,0,4
9007,행당,성동구,마장동,NAH36,,400.0,0,1
9007,행당,성동구,마장동,NCH20,,2.5,0,33
9007,행당,성동구,마장동,NCH20,,3.0,0,5
9007,행당,성동구,마장동,NCH20,,4.0,0,115
9007,행당,성동구,마장동,NCH20,,5.0,0,3
9007,행당,성동구,마장동,NCH20,,6.0,0,104
9007,행당,성동구,마장동,NCH20,,7.0,0,1
9007,행당,성동구,마장동,NCH20,,10.0,0,75
9007,행당,성동구,마장동,NCH20,,16.0,0,49
9007,행당,성동구,마장동,NCH20,,25.0,0,20
9007,행당,성동구,마장동,NCH20,,40.0,0,17
9007,행당,성동구,마장동,NCH20,,65.0,0,3
9007,행당,성동구,마장동,NCH20,,100.0,0,2
9007,행당,성동구,마장동,NCH34,,160.0,0,1
9007,행당,성동구,마장동,NCH34,,400.0,0,1
9007,행당,성동구,마장동,NFH80,,4.0,0,1
9007,행당,성동구,마장동,NIH40,,25.0,0,2
9007,행당,성동구,마장동,NIH40,,40.0,0,2
9007,행당,성동구,마장동,NOH30,,2.5,0,7
9007,행당,성동구,마장동,NOH30,,3.0,0,1
9007,행당,성동구,마장동,NOH30,,4.0,0,25
9007,행당,성동구,마장동,NOH30,,6.0,0,25
9007,행당,성동구,마장동,NOH30,,7.0,0,1
9007,행당,성동구,마장동,NOH30,,10.0,0,7
9007,행당,성동구,마장동,NOH30,,16.0,0,6
9007,행당,성동구,마장동,NOH30,,25.0,0,1
9007,행당,성동구,마장동,NOH30,,40.0,0,2
9007,행당,성동구,마장동,NOH30,,65.0,0,4
9007,행당,성동구,마장동,NOH30,,160.0,0,1
9007,행당,성동구,마장동,NRC10,,2.5,0,8
9007,행당,성동구,마장동,NRC10,,3.0,0,10
9007,행당,성동구,마장동,NRC10,,4.0,0,822
9007,행당,성동구,마장동,NRH11,,2.0,0,3
9007,행당,성동구,마장동,NRH11,,2.5,0,654
9007,행당,성동구,마장동,NRH11,,3.0,0,6
9007,행당,성동구,마장동,NRH11,,4.0,0,6557
9007,행당,성동구,마장동,NRH11,,5.0,0,1
9007,행당,성동구,마장동,NRH11,,6.0,0,817
9007,행당,성동구,마장동,NRH12,,2.5,0,2737
9007,행당,성동구,마장동,NRH12,,3.0,0,1
9007,행당,성동구,마장동,NRH12,,4.0,0,122
9007,행당,성동구,마장동,NRH12,,6.0,0,3
9007,행당,성동구,마장동,NRH12,,10.0,0,1
9007,행당,성동구,마장동,NRH12,,16.0,0,1
9007,행당,성동구,마장동,NRH50,,1600.0,0,1
9007,행당,성동구,마장동,NWH41,,4.0,0,10
9007,행당,성동구,마장동,NWH41,,6.0,0,7
9007,행당,성동구,마장동,NWH41,,10.0,0,4
9007,행당,성동구,마장동,NWH41,,16.0,0,2
9007,행당,성동구,마장동,NWH41,,25.0,0,2
9007,행당,성동구,마장동,NWH41,,100.0,0,1
9007,행당,성동구,마장동,NWH41,,160.0,0,1
9007,행당,성동구,사근동,NAH36,,4.0,0,1
9007,행당,성동구,사근동,NAH36,,6.0,0,1
9007,행당,성동구,사근동,NAH36,,10.0,0,5
9007,행당,성동구,사근동,NAH36,,16.0,0,6
9007,행당,성동구,사근동,NAH36,,25.0,0,6
9007,행당,성동구,사근동,NAH36,,40.0,0,5
9007,행당,성동구,사근동,NAH36,,65.0,0,8
9007,행당,성동구,사근동,NAH36,,100.0,0,2
9007,행당,성동구,사근동,NAH36,,160.0,0,2
9007,행당,성동구,사근동,NAH36,,250.0,0,6
9007,행당,성동구,사근동,NAH36,,400.0,0,4
9007,행당,성동구,사근동,NAH36,,650.0,0,5
9007,행당,성동구,사근동,NAH36,,1000.0,0,1
9007,행당,성동구,사근동,NCH20,,2.5,0,4
9007,행당,성동구,사근동,NCH20,,4.0,0,14
9007,행당,성동구,사근동,NCH20,,6.0,0,23
9007,행당,성동구,사근동,NCH20,,7.0,0,1
9007,행당,성동구,사근동,NCH20,,10.0,0,28
9007,행당,성동구,사근동,NCH20,,16.0,0,7
9007,행당,성동구,사근동,NCH20,,25.0,0,3
9007,행당,성동구,사근동,NCH20,,40.0,0,8
9007,행당,성동구,사근동,NCH20,,65.0,0,4
9007,행당,성동구,사근동,NCH20,,100.0,0,3
9007,행당,성동구,사근동,NCH20,,160.0,0,5
9007,행당,성동구,사근동,NCH20,,250.0,0,2
9007,행당,성동구,사근동,NCH20,,400.0,0,1
9007,행당,성동구,사근동,NOH30,,2.5,0,1
9007,행당,성동구,사근동,NOH30,,3.0,0,1
9007,행당,성동구,사근동,NOH30,,4.0,0,1
9007,행당,성동구,사근동,NOH30,,6.0,0,3
9007,행당,성동구,사근동,NOH30,,10.0,0,3
9007,행당,성동구,사근동,NOH30,,16.0,0,1
9007,행당,성동구,사근동,NOH30,,25.0,0,4
9007,행당,성동구,사근동,NOH30,,40.0,0,1
9007,행당,성동구,사근동,NOH30,,65.0,0,2
9007,행당,성동구,사근동,NOH30,,100.0,0,2
9007,행당,성동구,사근동,NOH30,,160.0,0,1
9007,행당,성동구,사근동,NOH30,,650.0,0,1
9007,행당,성동구,사근동,NOH30,,1000.0,0,4
9007,행당,성동구,사근동,NRC10,,2.5,0,1
9007,행당,성동구,사근동,NRC10,,4.0,0,1
9007,행당,성동구,사근동,NRH11,,2.5,0,732
9007,행당,성동구,사근동,NRH11,,3.0,0,3
9007,행당,성동구,사근동,NRH11,,4.0,0,2989
9007,행당,성동구,사근동,NRH11,,6.0,0,152
9007,행당,성동구,사근동,NRH11,,10.0,0,2
9007,행당,성동구,사근동,NRH12,,2.5,0,1327
9007,행당,성동구,사근동,NRH12,,4.0,0,22
9007,행당,성동구,사근동,NRH12,,25.0,0,1
9007,행당,성동구,사근동,NRH12,,40.0,0,1
9007,행당,성동구,사근동,NRH13,,2.5,0,1
9007,행당,성동구,사근동,NWH41,,4.0,0,4
9007,행당,성동구,사근동,NWH41,,6.0,0,2
9007,행당,성동구,사근동,NWH41,,25.0,0,1
9007,행당,성동구,사근동,NWH42,,6.0,0,1
9007,행당,성동구,사근동,NWH42,,10.0,0,1
9007,행당,성동구,왕십리도선동,NAH36,,40.0,0,1
9007,행당,성동구,왕십리도선동,NAH36,,65.0,0,1
9007,행당,성동구,왕십리도선동,NAH36,,160.0,0,2
9007,행당,성동구,왕십리도선동,NCH20,,2.5,0,24
9007,행당,성동구,왕십리도선동,NCH20,,4.0,0,87
9007,행당,성동구,왕십리도선동,NCH20,,6.0,0,130
9007,행당,성동구,왕십리도선동,NCH20,,7.0,0,1
9007,행당,성동구,왕십리도선동,NCH20,,10.0,0,114
9007,행당,성동구,왕십리도선동,NCH20,,16.0,0,47
9007,행당,성동구,왕십리도선동,NCH20,,25.0,0,26
9007,행당,성동구,왕십리도선동,NCH20,,40.0,0,10
9007,행당,성동구,왕십리도선동,NCH20,,65.0,0,1
9007,행당,성동구,왕십리도선동,NCH20,,250.0,0,1
9007,행당,성동구,왕십리도선동,NCH34,,4.0,0,1
9007,행당,성동구,왕십리도선동,NCH34,,65.0,0,1
9007,행당,성동구,왕십리도선동,NCH34,,100.0,0,1
9007,행당,성동구,왕십리도선동,NFH80,,2.5,0,3
9007,행당,성동구,왕십리도선동,NFH80,,4.0,0,2
9007,행당,성동구,왕십리도선동,NFH80,,6.0,0,1
9007,행당,성동구,왕십리도선동,NOH30,,2.5,0,7
9007,행당,성동구,왕십리도선동,NOH30,,4.0,0,19
9007,행당,성동구,왕십리도선동,NOH30,,6.0,0,10
9007,행당,성동구,왕십리도선동,NOH30,,10.0,0,4
9007,행당,성동구,왕십리도선동,NOH30,,16.0,0,6
9007,행당,성동구,왕십리도선동,NOH30,,25.0,0,1
9007,행당,성동구,왕십리도선동,NOH30,,40.0,0,1
9007,행당,성동구,왕십리도선동,NOH30,,100.0,0,1
9007,행당,성동구,왕십리도선동,NOH30,,400.0,0,1
9007,행당,성동구,왕십리도선동,NRC10,,2.0,0,13
9007,행당,성동구,왕십리도선동,NRC10,,2.5,0,261
9007,행당,성동구,왕십리도선동,NRC10,,4.0,0,7
9007,행당,성동구,왕십리도선동,NRH11,,2.5,0,196
9007,행당,성동구,왕십리도선동,NRH11,,4.0,0,2686
9007,행당,성동구,왕십리도선동,NRH11,,6.0,0,160
9007,행당,성동구,왕십리도선동,NRH11,,10.0,0,4
9007,행당,성동구,왕십리도선동,NRH12,,2.5,0,2142
9007,행당,성동구,왕십리도선동,NRH12,,4.0,0,47
9007,행당,성동구,왕십리도선동,NRH12,,6.0,0,4
9007,행당,성동구,왕십리도선동,NWH41,,4.0,0,2
9007,행당,성동구,왕십리도선동,NWH41,,6.0,0,2
9007,행당,성동구,왕십리도선동,NWH41,,10.0,0,2
9007,행당,성동구,왕십리도선동,NWH41,,16.0,0,3
9007,행당,성동구,왕십리도선동,NWH41,,25.0,0,1
9007,행당,성동구,왕십리도선동,NWH41,,160.0,0,1
9007,행당,성동구,왕십리도선동,NWH41,,250.0,0,1
9007,행당,성동구,왕십리제2동,NAH36,,16.0,0,1
9007,행당,성동구,왕십리제2동,NAH36,,40.0,0,1
9007,행당,성동구,왕십리제2동,NCH20,,2.5,0,22
9007,행당,성동구,왕십리제2동,NCH20,,3.0,0,3
9007,행당,성동구,왕십리제2동,NCH20,,4.0,0,52
9007,행당,성동구,왕십리제2동,NCH20,,5.0,0,1
9007,행당,성동구,왕십리제2동,NCH20,,6.0,0,60
9007,행당,성동구,왕십리제2동,NCH20,,7.0,0,1
9007,행당,성동구,왕십리제2동,NCH20,,10.0,0,45
9007,행당,성동구,왕십리제2동,NCH20,,16.0,0,19
9007,행당,성동구,왕십리제2동,NCH20,,25.0,0,5
9007,행당,성동구,왕십리제2동,NCH20,,65.0,0,2
9007,행당,성동구,왕십리제2동,NCH20,,160.0,0,1
9007,행당,성동구,왕십리제2동,NCH34,,100.0,0,1
9007,행당,성동구,왕십리제2동,NOH30,,2.5,0,5
9007,행당,성동구,왕십리제2동,NOH30,,4.0,0,24
9007,행당,성동구,왕십리제2동,NOH30,,6.0,0,11
9007,행당,성동구,왕십리제2동,NOH30,,7.0,0,1
9007,행당,성동구,왕십리제2동,NOH30,,10.0,0,2
9007,행당,성동구,왕십리제2동,NOH30,,16.0,0,1
9007,행당,성동구,왕십리제2동,NOH30,,25.0,0,2
9007,행당,성동구,왕십리제2동,NOH30,,40.0,0,1
9007,행당,성동구,왕십리제2동,NOH30,,65.0,0,2
9007,행당,성동구,왕십리제2동,NRC10,,2.5,0,1
9007,행당,성동구,왕십리제2동,NRC10,,4.0,0,5
9007,행당,성동구,왕십리제2동,NRH11,,2.5,0,284
9007,행당,성동구,왕십리제2동,NRH11,,3.0,0,10
9007,행당,성동구,왕십리제2동,NRH11,,4.0,0,6194
9007,행당,성동구,왕십리제2동,NRH11,,5.0,0,1
9007,행당,성동구,왕십리제2동,NRH11,,6.0,0,913
9007,행당,성동구,왕십리제2동,NRH11,,10.0,0,3
9007,행당,성동구,왕십리제2동,NRH11,,40.0,0,1
9007,행당,성동구,왕십리제2동,NRH12,,2.5,0,517
9007,행당,성동구,왕십리제2동,NRH12,,4.0,0,5
9007,행당,성동구,왕십리제2동,NWH41,,4.0,0,12
9007,행당,성동구,왕십리제2동,NWH41,,6.0,0,9
9007,행당,성동구,왕십리제2동,NWH41,,10.0,0,2
9007,행당,성동구,왕십리제2동,NWH41,,40.0,0,1
9007,행당,성동구,용답동,NAH36,,16.0,0,2
9007,행당,성동구,용답동,NAH36,,25.0,0,1
9007,행당,성동구,용답동,NAH36,,40.0,0,2
9007,행당,성동구,용답동,NAH36,,65.0,0,2
9007,행당,성동구,용답동,NAH36,,100.0,0,2
9007,행당,성동구,용답동,NAH36,,160.0,0,1
9007,행당,성동구,용답동,NAH36,,400.0,0,1
9007,행당,성동구,용답동,NCH20,,2.5,0,24
9007,행당,성동구,용답동,NCH20,,4.0,0,62
9007,행당,성동구,용답동,NCH20,,5.0,0,2
9007,행당,성동구,용답동,NCH20,,6.0,0,70
9007,행당,성동구,용답동,NCH20,,7.0,0,1
9007,행당,성동구,용답동,NCH20,,10.0,0,110
9007,행당,성동구,용답동,NCH20,,16.0,0,42
9007,행당,성동구,용답동,NCH20,,25.0,0,12
9007,행당,성동구,용답동,NCH20,,40.0,0,28
9007,행당,성동구,용답동,NCH20,,65.0,0,4
9007,행당,성동구,용답동,NCH20,,100.0,0,4
9007,행당,성동구,용답동,NCH20,,160.0,0,4
9007,행당,성동구,용답동,NCH34,,100.0,0,1
9007,행당,성동구,용답동,NFH80,,2.5,0,3
9007,행당,성동구,용답동,NFH80,,4.0,0,3
9007,행당,성동구,용답동,NFH80,,6.0,0,1
9007,행당,성동구,용답동,NFH80,,10.0,0,1
9007,행당,성동구,용답동,NIH40,,2.5,0,1
9007,행당,성동구,용답동,NIH40,,6.0,0,1
9007,행당,성동구,용답동,NIH40,,40.0,0,1
9007,행당,성동구,용답동,NIH40,,100.0,0,4
9007,행당,성동구,용답동,NIH40,,160.0,0,2
9007,행당,성동구,용답동,NIH40,,650.0,0,1
9007,행당,성동구,용답동,NOH30,,2.5,0,6
9007,행당,성동구,용답동,NOH30,,3.0,0,1
9007,행당,성동구,용답동,NOH30,,4.0,0,21
9007,행당,성동구,용답동,NOH30,,6.0,0,10
9007,행당,성동구,용답동,NOH30,,10.0,0,3
9007,행당,성동구,용답동,NOH30,,16.0,0,5
9007,행당,성동구,용답동,NOH30,,25.0,0,7
9007,행당,성동구,용답동,NOH30,,40.0,0,1
9007,행당,성동구,용답동,NOH30,,65.0,0,1
9007,행당,성동구,용답동,NOH30,,100.0,0,1
9007,행당,성동구,용답동,NOH30,,400.0,0,2
9007,행당,성동구,용답동,NRC10,,2.5,0,1
9007,행당,성동구,용답동,NRC10,,4.0,0,43
9007,행당,성동구,용답동,NRH11,,2.5,0,494
9007,행당,성동구,용답동,NRH11,,3.0,0,7
9007,행당,성동구,용답동,NRH11,,4.0,0,5524
9007,행당,성동구,용답동,NRH11,,6.0,0,146
9007,행당,성동구,용답동,NRH11,,10.0,0,2
9007,행당,성동구,용답동,NRH11,,16.0,0,2
9007,행당,성동구,용답동,NRH12,,2.5,0,2526
9007,행당,성동구,용답동,NRH12,,4.0,0,535
9007,행당,성동구,용답동,NRH12,,6.0,0,1
9007,행당,성동구,용답동,NRH12,,10.0,0,15
9007,행당,성동구,용답동,NWH41,,4.0,0,3
9007,행당,성동구,용답동,NWH41,,6.0,0,10
9007,행당,성동구,용답동,NWH41,,10.0,0,2
9007,행당,성동구,용답동,NWH41,,16.0,0,1
9007,행당,성동구,용답동,NWH41,,25.0,0,1
9007,행당,성동구,용답동,NWH41,,40.0,0,1
9007,행당,성동구,용답동,NWH41,,65.0,0,2
9007,행당,성동구,행당제1동,NAH36,,10.0,0,1
9007,행당,성동구,행당제1동,NAH36,,16.0,0,1
9007,행당,성동구,행당제1동,NAH36,,40.0,0,2
9007,행당,성동구,행당제1동,NAH36,,65.0,0,8
9007,행당,성동구,행당제1동,NAH36,,100.0,0,1
9007,행당,성동구,행당제1동,NAH36,,160.0,0,3
9007,행당,성동구,행당제1동,NAH36,,250.0,0,3
9007,행당,성동구,행당제1동,NAH36,,400.0,0,1
9007,행당,성동구,행당제1동,NAH36,,650.0,0,1
9007,행당,성동구,행당제1동,NAH36,,1000.0,0,1
9007,행당,성동구,행당제1동,NCH20,,2.5,0,37
9007,행당,성동구,행당제1동,NCH20,,3.0,0,2
9007,행당,성동구,행당제1동,NCH20,,4.0,0,103
9007,행당,성동구,행당제1동,NCH20,,5.0,0,2
9007,행당,성동구,행당제1동,NCH20,,6.0,0,190
9007,행당,성동구,행당제1동,NCH20,,7.0,0,4
9007,행당,성동구,행당제1동,NCH20,,10.0,0,245
9007,행당,성동구,행당제1동,NCH20,,16.0,0,94
9007,행당,성동구,행당제1동,NCH20,,25.0,0,51
9007,행당,성동구,행당제1동,NCH20,,40.0,0,14
9007,행당,성동구,행당제1동,NCH20,,65.0,0,13
9007,행당,성동구,행당제1동,NCH20,,100.0,0,4
9007,행당,성동구,행당제1동,NCH20,,160.0,0,1
9007,행당,성동구,행당제1동,NCH20,,250.0,0,3
9007,행당,성동구,행당제1동,NCH20,,1600.0,0,1
9007,행당,성동구,행당제1동,NFH80,,2.5,0,1
9007,행당,성동구,행당제1동,NIH40,,100.0,0,1
9007,행당,성동구,행당제1동,NOH30,,2.5,0,13
9007,행당,성동구,행당제1동,NOH30,,3.0,0,3
9007,행당,성동구,행당제1동,NOH30,,4.0,0,21
9007,행당,성동구,행당제1동,NOH30,,6.0,0,11
9007,행당,성동구,행당제1동,NOH30,,10.0,0,8
9007,행당,성동구,행당제1동,NOH30,,16.0,0,5
9007,행당,성동구,행당제1동,NOH30,,25.0,0,3
9007,행당,성동구,행당제1동,NOH30,,40.0,0,1
9007,행당,성동구,행당제1동,NOH30,,65.0,0,2
9007,행당,성동구,행당제1동,NOH30,,100.0,0,2
9007,행당,성동구,행당제1동,NOH30,,160.0,0,1
9007,행당,성동구,행당제1동,NOH30,,250.0,0,1
9007,행당,성동구,행당제1동,NOH30,,400.0,0,2
9007,행당,성동구,행당제1동,NOH30,,650.0,0,1
9007,행당,성동구,행당제1동,NRC10,,2.5,0,2
9007,행당,성동구,행당제1동,NRC10,,4.0,0,9
9007,행당,성동구,행당제1동,NRH11,,2.5,0,1431
9007,행당,성동구,행당제1동,NRH11,,3.0,0,8
9007,행당,성동구,행당제1동,NRH11,,4.0,0,7102
9007,행당,성동구,행당제1동,NRH11,,6.0,0,512
9007,행당,성동구,행당제1동,NRH11,,10.0,0,6
9007,행당,성동구,행당제1동,NRH11,,16.0,0,1
9007,행당,성동구,행당제1동,NRH11,,25.0,0,2
9007,행당,성동구,행당제1동,NRH12,,2.5,0,2738
9007,행당,성동구,행당제1동,NRH12,,4.0,0,238
9007,행당,성동구,행당제1동,NRH12,,6.0,0,12
9007,행당,성동구,행당제1동,NRH12,,10.0,0,4
9007,행당,성동구,행당제1동,NWH41,,4.0,0,7
9007,행당,성동구,행당제1동,NWH41,,6.0,0,5
9007,행당,성동구,행당제1동,NWH41,,10.0,0,1
9007,행당,성동구,행당제1동,NWH41,,16.0,0,2
9007,행당,성동구,행당제1동,NWH41,,25.0,0,2
9007,행당,성동구,행당제2동,NAH36,,65.0,0,1
9007,행당,성동구,행당제2동,NAH36,,400.0,0,1
9007,행당,성동구,행당제2동,NCH20,,2.5,0,9
9007,행당,성동구,행당제2동,NCH20,,4.0,0,20
9007,행당,성동구,행당제2동,NCH20,,6.0,0,19
9007,행당,성동구,행당제2동,NCH20,,7.0,0,1
9007,행당,성동구,행당제2동,NCH20,,10.0,0,11
9007,행당,성동구,행당제2동,NCH20,,16.0,0,3
9007,행당,성동구,행당제2동,NCH20,,25.0,0,3
9007,행당,성동구,행당제2동,NCH20,,65.0,0,1
9007,행당,성동구,행당제2동,NOH30,,3.0,0,3
9007,행당,성동구,행당제2동,NOH30,,4.0,0,6
9007,행당,성동구,행당제2동,NOH30,,6.0,0,5
9007,행당,성동구,행당제2동,NOH30,,10.0,0,2
9007,행당,성동구,행당제2동,NOH30,,16.0,0,2
9007,행당,성동구,행당제2동,NOH30,,25.0,0,2
9007,행당,성동구,행당제2동,NRH11,,2.5,0,33
9007,행당,성동구,행당제2동,NRH11,,3.0,0,2
9007,행당,성동구,행당제2동,NRH11,,4.0,0,3406
9007,행당,성동구,행당제2동,NRH11,,6.0,0,910
9007,행당,성동구,행당제2동,NRH12,,2.5,0,62
9007,행당,성동구,행당제2동,NWH41,,4.0,0,8
9007,행당,성동구,행당제2동,NWH41,,6.0,0,2
9007,행당,성동구,행당제2동,NWH41,,10.0,0,1
9007,행당,성동구,행당제2동,NWH41,,16.0,0,1
9009,중화,중랑구,묵제1동,NAH36,,40.0,0,1
9009,중화,중랑구,묵제1동,NAH36,,65.0,0,1
9009,중화,중랑구,묵제1동,NAH36,,100.0,0,2
9009,중화,중랑구,묵제1동,NCH20,,2.5,0,34
9009,중화,중랑구,묵제1동,NCH20,,3.0,0,1
9009,중화,중랑구,묵제1동,NCH20,,4.0,0,94
9009,중화,중랑구,묵제1동,NCH20,,6.0,0,109
9009,중화,중랑구,묵제1동,NCH20,,10.0,0,93
9009,중화,중랑구,묵제1동,NCH20,,16.0,0,57
9009,중화,중랑구,묵제1동,NCH20,,25.0,0,17
9009,중화,중랑구,묵제1동,NCH20,,40.0,0,5
9009,중화,중랑구,묵제1동,NCH20,,65.0,0,3
9009,중화,중랑구,묵제1동,NCH20,,100.0,0,5
9009,중화,중랑구,묵제1동,NCH20,,400.0,0,1
9009,중화,중랑구,묵제1동,NCH34,,65.0,0,1
9009,중화,중랑구,묵제1동,NFH80,,4.0,0,1
9009,중화,중랑구,묵제1동,NOH30,,2.5,0,14
9009,중화,중랑구,묵제1동,NOH30,,4.0,0,74
9009,중화,중랑구,묵제1동,NOH30,,6.0,0,9
9009,중화,중랑구,묵제1동,NOH30,,10.0,0,2
9009,중화,중랑구,묵제1동,NOH30,,16.0,0,4
9009,중화,중랑구,묵제1동,NOH30,,25.0,0,1
9009,중화,중랑구,묵제1동,NOH30,,40.0,0,3
9009,중화,중랑구,묵제1동,NOH30,,100.0,0,2
9009,중화,중랑구,묵제1동,NOH30,,160.0,0,1
9009,중화,중랑구,묵제1동,NRC10,,2.0,0,1
9009,중화,중랑구,묵제1동,NRC10,,2.5,0,2193
9009,중화,중랑구,묵제1동,NRC10,,4.0,0,14
9009,중화,중랑구,묵제1동,NRH11,,2.5,0,570
9009,중화,중랑구,묵제1동,NRH11,,3.0,0,3
9009,중화,중랑구,묵제1동,NRH11,,4.0,0,8542
9009,중화,중랑구,묵제1동,NRH11,,6.0,0,1547
9009,중화,중랑구,묵제1동,NRH11,,10.0,0,14
9009,중화,중랑구,묵제1동,NRH11,,16.0,0,2
9009,중화,중랑구,묵제1동,NRH12,,2.5,0,2293
9009,중화,중랑구,묵제1동,NRH12,,4.0,0,959
9009,중화,중랑구,묵제1동,NRH12,,6.0,0,4
9009,중화,중랑구,묵제1동,NRH12,,10.0,0,12
9009,중화,중랑구,묵제1동,NWH41,,2.5,0,2
9009,중화,중랑구,묵제1동,NWH41,,4.0,0,8
9009,중화,중랑구,묵제1동,NWH41,,6.0,0,9
9009,중화,중랑구,묵제1동,NWH41,,10.0,0,1
9009,중화,중랑구,묵제1동,NWH41,,16.0,0,2
9009,중화,중랑구,묵제1동,NWH41,,25.0,0,1
9009,중화,중랑구,묵제1동,NWH41,,40.0,0,1
9009,중화,중랑구,묵제2동,NAH36,,40.0,0,1
9009,중화,중랑구,묵제2동,NCH20,,2.5,0,33
9009,중화,중랑구,묵제2동,NCH20,,3.0,0,1
9009,중화,중랑구,묵제2동,NCH20,,4.0,0,77
9009,중화,중랑구,묵제2동,NCH20,,6.0,0,101
9009,중화,중랑구,묵제2동,NCH20,,7.0,0,1
9009,중화,중랑구,묵제2동,NCH20,,10.0,0,92
9009,중화,중랑구,묵제2동,NCH20,,16.0,0,43
9009,중화,중랑구,묵제2동,NCH20,,25.0,0,8
9009,중화,중랑구,묵제2동,NCH20,,40.0,0,4
9009,중화,중랑구,묵제2동,NCH20,,65.0,0,1
9009,중화,중랑구,묵제2동,NCH20,,100.0,0,1
9009,중화,중랑구,묵제2동,NCH34,,25.0,0,1
9009,중화,중랑구,묵제2동,NFH80,,2.5,0,1
9009,중화,중랑구,묵제2동,NIH40,,2.5,0,1
9009,중화,중랑구,묵제2동,NIH40,,100.0,0,1
9009,중화,중랑구,묵제2동,NOH30,,2.5,0,9
9009,중화,중랑구,묵제2동,NOH30,,4.0,0,26
9009,중화,중랑구,묵제2동,NOH30,,6.0,0,11
9009,중화,중랑구,묵제2동,NOH30,,10.0,0,1
9009,중화,중랑구,묵제2동,NOH30,,16.0,0,2
9009,중화,중랑구,묵제2동,NOH30,,25.0,0,1
9009,중화,중랑구,묵제2동,NOH30,,40.0,0,2
9009,중화,중랑구,묵제2동,NOH30,,65.0,0,1
9009,중화,중랑구,묵제2동,NRC10,,3.0,0,1
9009,중화,중랑구,묵제2동,NRC10,,4.0,0,6
9009,중화,중랑구,묵제2동,NRH11,,2.5,0,557
9009,중화,중랑구,묵제2동,NRH11,,3.0,0,8
9009,중화,중랑구,묵제2동,NRH11,,4.0,0,7054
9009,중화,중랑구,묵제2동,NRH11,,6.0,0,899
9009,중화,중랑구,묵제2동,NRH12,,2.5,0,1009
9009,중화,중랑구,묵제2동,NRH12,,4.0,0,44
9009,중화,중랑구,묵제2동,NRH12,,6.0,0,3
9009,중화,중랑구,묵제2동,NRH12,,10.0,0,1
9009,중화,중랑구,묵제2동,NWH41,,4.0,0,8
9009,중화,중랑구,묵제2동,NWH41,,6.0,0,4
9009,중화,중랑구,묵제2동,NWH41,,10.0,0,4
9009,중화,중랑구,묵제2동,NWH41,,16.0,0,3
9009,중화,중랑구,묵제2동,NWH41,,65.0,0,1
9009,중화,동대문구,이문제1동,NAH36,,16.0,0,1
9009,중화,동대문구,이문제1동,NAH36,,40.0,0,1
9009,중화,동대문구,이문제1동,NAH36,,65.0,0,1
9009,중화,동대문구,이문제1동,NCH20,,2.5,0,17
9009,중화,동대문구,이문제1동,NCH20,,3.0,0,1
9009,중화,동대문구,이문제1동,NCH20,,4.0,0,62
9009,중화,동대문구,이문제1동,NCH20,,5.0,0,1
9009,중화,동대문구,이문제1동,NCH20,,6.0,0,99
9009,중화,동대문구,이문제1동,NCH20,,10.0,0,120
9009,중화,동대문구,이문제1동,NCH20,,16.0,0,32
9009,중화,동대문구,이문제1동,NCH20,,25.0,0,7
9009,중화,동대문구,이문제1동,NCH20,,40.0,0,1
9009,중화,동대문구,이문제1동,NCH20,,160.0,0,2
9009,중화,동대문구,이문제1동,NCH34,,65.0,0,1
9009,중화,동대문구,이문제1동,NFH80,,2.5,0,1
9009,중화,동대문구,이문제1동,NFH80,,40.0,0,1
9009,중화,동대문구,이문제1동,NOH30,,2.5,0,3
9009,중화,동대문구,이문제1동,NOH30,,3.0,0,2
9009,중화,동대문구,이문제1동,NOH30,,4.0,0,13
9009,중화,동대문구,이문제1동,NOH30,,6.0,0,5
9009,중화,동대문구,이문제1동,NOH30,,10.0,0,1
9009,중화,동대문구,이문제1동,NOH30,,25.0,0,1
9009,중화,동대문구,이문제1동,NOH30,,40.0,0,2
9009,중화,동대문구,이문제1동,NRC10,,3.0,0,2
9009,중화,동대문구,이문제1동,NRC10,,4.0,0,4
9009,중화,동대문구,이문제1동,NRH11,,2.5,0,258
9009,중화,동대문구,이문제1동,NRH11,,3.0,0,2
9009,중화,동대문구,이문제1동,NRH11,,4.0,0,6501
9009,중화,동대문구,이문제1동,NRH11,,5.0,0,1
9009,중화,동대문구,이문제1동,NRH11,,6.0,0,1027
9009,중화,동대문구,이문제1동,NRH11,,10.0,0,7
9009,중화,동대문구,이문제1동,NRH12,,2.5,0,1561
9009,중화,동대문구,이문제1동,NRH12,,4.0,0,177
9009,중화,동대문구,이문제1동,NRH12,,6.0,0,2
9009,중화,동대문구,이문제1동,NRH12,,16.0,0,1
9009,중화,동대문구,이문제1동,NWH41,,4.0,0,6
9009,중화,동대문구,이문제1동,NWH41,,6.0,0,4
9009,중화,동대문구,이문제1동,NWH41,,16.0,0,1
9009,중화,동대문구,이문제2동,NCH20,,2.5,0,7
9009,중화,동대문구,이문제2동,NCH20,,4.0,0,34
9009,중화,동대문구,이문제2동,NCH20,,5.0,0,2
9009,중화,동대문구,이문제2동,NCH20,,6.0,0,60
9009,중화,동대문구,이문제2동,NCH20,,10.0,0,36
9009,중화,동대문구,이문제2동,NCH20,,16.0,0,8
9009,중화,동대문구,이문제2동,NCH20,,25.0,0,5
9009,중화,동대문구,이문제2동,NCH20,,40.0,0,2
9009,중화,동대문구,이문제2동,NCH20,,65.0,0,1
9009,중화,동대문구,이문제2동,NCH20,,160.0,0,2
9009,중화,동대문구,이문제2동,NCH20,,400.0,0,1
9009,중화,동대문구,이문제2동,NCH34,,65.0,0,1
9009,중화,동대문구,이문제2동,NIH40,,3.0,0,1
9009,중화,동대문구,이문제2동,NIH40,,4.0,0,1
9009,중화,동대문구,이문제2동,NOH30,,2.5,0,3
9009,중화,동대문구,이문제2동,NOH30,,4.0,0,11
9009,중화,동대문구,이문제2동,NOH30,,6.0,0,6
9009,중화,동대문구,이문제2동,NOH30,,10.0,0,1
9009,중화,동대문구,이문제2동,NOH30,,16.0,0,1
9009,중화,동대문구,이문제2동,NOH30,,25.0,0,2
9009,중화,동대문구,이문제2동,NOH30,,65.0,0,1
9009,중화,동대문구,이문제2동,NRC10,,2.5,0,2
9009,중화,동대문구,이문제2동,NRC10,,4.0,0,5
9009,중화,동대문구,이문제2동,NRC10,,6.0,0,1
9009,중화,동대문구,이문제2동,NRH11,,2.5,0,48
9009,중화,동대문구,이문제2동,NRH11,,3.0,0,4
9009,중화,동대문구,이문제2동,NRH11,,4.0,0,5581
9009,중화,동대문구,이문제2동,NRH11,,6.0,0,2131
9009,중화,동대문구,이문제2동,NRH12,,2.5,0,874
9009,중화,동대문구,이문제2동,NRH12,,4.0,0,2
9009,중화,동대문구,이문제2동,NRH12,,10.0,0,3
9009,중화,동대문구,이문제2동,NWH41,,4.0,0,3
9009,중화,동대문구,이문제2동,NWH41,,6.0,0,13
9009,중화,동대문구,이문제2동,NWH41,,10.0,0,3
9009,중화,동대문구,이문제2동,NWH41,,16.0,0,1
9009,중화,중랑구,중화제2동,NAH36,,65.0,0,1
9009,중화,중랑구,중화제2동,NCH20,,2.5,0,26
9009,중화,중랑구,중화제2동,NCH20,,4.0,0,76
9009,중화,중랑구,중화제2동,NCH20,,6.0,0,97
9009,중화,중랑구,중화제2동,NCH20,,10.0,0,96
9009,중화,중랑구,중화제2동,NCH20,,16.0,0,38
9009,중화,중랑구,중화제2동,NCH20,,25.0,0,14
9009,중화,중랑구,중화제2동,NCH20,,40.0,0,1
9009,중화,중랑구,중화제2동,NCH20,,100.0,0,2
9009,중화,중랑구,중화제2동,NCH34,,25.0,0,1
9009,중화,중랑구,중화제2동,NCH34,,65.0,0,2
9009,중화,중랑구,중화제2동,NCH34,,100.0,0,1
9009,중화,중랑구,중화제2동,NCH34,,160.0,0,1
9009,중화,중랑구,중화제2동,NIH40,,10.0,0,1
9009,중화,중랑구,중화제2동,NOH30,,2.5,0,4
9009,중화,중랑구,중화제2동,NOH30,,4.0,0,20
9009,중화,중랑구,중화제2동,NOH30,,5.0,0,1
9009,중화,중랑구,중화제2동,NOH30,,6.0,0,12
9009,중화,중랑구,중화제2동,NOH30,,10.0,0,3
9009,중화,중랑구,중화제2동,NOH30,,16.0,0,2
9009,중화,중랑구,중화제2동,NOH30,,25.0,0,2
9009,중화,중랑구,중화제2동,NRC10,,2.5,0,1
9009,중화,중랑구,중화제2동,NRC10,,4.0,0,5
9009,중화,중랑구,중화제2동,NRH11,,2.5,0,173
9009,중화,중랑구,중화제2동,NRH11,,3.0,0,12
9009,중화,중랑구,중화제2동,NRH11,,4.0,0,8204
9009,중화,중랑구,중화제2동,NRH11,,6.0,0,584
9009,중화,중랑구,중화제2동,NRH11,,10.0,0,1
9009,중화,중랑구,중화제2동,NRH12,,2.5,0,1151
9009,중화,중랑구,중화제2동,NRH12,,4.0,0,59
9009,중화,중랑구,중화제2동,NRH12,,6.0,0,2
9009,중화,중랑구,중화제2동,NRH12,,25.0,0,1
9009,중화,중랑구,중화제2동,NWH41,,4.0,0,4
9009,중화,중랑구,중화제2동,NWH41,,6.0,0,3
9009,중화,중랑구,중화제2동,NWH41,,10.0,0,1
9009,중화,중랑구,중화제2동,NWH41,,16.0,0,2
9009,중화,중랑구,중화제2동,NWH41,,25.0,0,1
9010,제기,동대문구,신설동,NAH36,,250.0,0,1
9010,제기,동대문구,신설동,NCH20,,16.0,0,1
9010,제기,동대문구,신설동,NCH20,,40.0,0,1
9010,제기,동대문구,신설동,NOH30,,40.0,0,1
9010,제기,동대문구,신설동,NRH12,,2.5,0,3
9010,제기,성동구,왕십리도선동,NAH36,,4.0,0,3
9010,제기,성동구,왕십리도선동,NAH36,,6.0,0,4
9010,제기,성동구,왕십리도선동,NAH36,,100.0,0,2
9010,제기,성동구,왕십리도선동,NAH36,,160.0,0,3
9010,제기,성동구,왕십리도선동,NCH20,,2.5,0,14
9010,제기,성동구,왕십리도선동,NCH20,,3.0,0,1
9010,제기,성동구,왕십리도선동,NCH20,,4.0,0,26
9010,제기,성동구,왕십리도선동,NCH20,,6.0,0,65
9010,제기,성동구,왕십리도선동,NCH20,,10.0,0,54
9010,제기,성동구,왕십리도선동,NCH20,,16.0,0,24
9010,제기,성동구,왕십리도선동,NCH20,,25.0,0,8
9010,제기,성동구,왕십리도선동,NCH20,,40.0,0,4
9010,제기,성동구,왕십리도선동,NCH20,,65.0,0,2
9010,제기,성동구,왕십리도선동,NCH20,,100.0,0,1
9010,제기,성동구,왕십리도선동,NCH20,,160.0,0,1
9010,제기,성동구,왕십리도선동,NOH30,,2.5,0,3
9010,제기,성동구,왕십리도선동,NOH30,,4.0,0,5
9010,제기,성동구,왕십리도선동,NOH30,,6.0,0,2
9010,제기,성동구,왕십리도선동,NOH30,,10.0,0,7
9010,제기,성동구,왕십리도선동,NOH30,,16.0,0,2
9010,제기,성동구,왕십리도선동,NOH30,,25.0,0,1
9010,제기,성동구,왕십리도선동,NOH30,,40.0,0,2
9010,제기,성동구,왕십리도선동,NOH30,,65.0,0,1
9010,제기,성동구,왕십리도선동,NOH30,,100.0,0,1
9010,제기,성동구,왕십리도선동,NRH11,,2.5,0,3
9010,제기,성동구,왕십리도선동,NRH11,,4.0,0,6235
9010,제기,성동구,왕십리도선동,NRH11,,6.0,0,551
9010,제기,성동구,왕십리도선동,NRH11,,10.0,0,1
9010,제기,성동구,왕십리도선동,NRH12,,2.5,0,90
9010,제기,성동구,왕십리도선동,NRH12,,4.0,0,554
9010,제기,성동구,왕십리도선동,NWH41,,4.0,0,3
9010,제기,성동구,왕십리도선동,NWH41,,6.0,0,3
9010,제기,성동구,왕십리도선동,NWH41,,10.0,0,7
9010,제기,성동구,왕십리도선동,NWH41,,16.0,0,2
9010,제기,성동구,왕십리도선동,NWH41,,40.0,0,1
9010,제기,성동구,왕십리도선동,NWH42,,6.0,0,1
9010,제기,동대문구,용두동,NCH20,,10.0,0,1
9010,제기,동대문구,용두동,NCH20,,16.0,0,1
9010,제기,동대문구,용두동,NRH12,,2.5,0,13
9010,제기,동대문구,용신동,NAH36,,10.0,0,4
9010,제기,동대문구,용신동,NAH36,,16.0,0,1
9010,제기,동대문구,용신동,NAH36,,25.0,0,1
9010,제기,동대문구,용신동,NAH36,,40.0,0,3
9010,제기,동대문구,용신동,NAH36,,65.0,0,6
9010,제기,동대문구,용신동,NAH36,,100.0,0,5
9010,제기,동대문구,용신동,NAH36,,160.0,0,12
9010,제기,동대문구,용신동,NAH36,,250.0,0,1
9010,제기,동대문구,용신동,NAH36,,400.0,0,1
9010,제기,동대문구,용신동,NAH36,,650.0,0,1
9010,제기,동대문구,용신동,NCH20,,2.5,0,60
9010,제기,동대문구,용신동,NCH20,,3.0,0,5
9010,제기,동대문구,용신동,NCH20,,4.0,0,225
9010,제기,동대문구,용신동,NCH20,,6.0,0,269
9010,제기,동대문구,용신동,NCH20,,7.0,0,1
9010,제기,동대문구,용신동,NCH20,,10.0,0,241
9010,제기,동대문구,용신동,NCH20,,16.0,0,142
9010,제기,동대문구,용신동,NCH20,,25.0,0,58
9010,제기,동대문구,용신동,NCH20,,40.0,0,32
9010,제기,동대문구,용신동,NCH20,,65.0,0,4
9010,제기,동대문구,용신동,NCH20,,100.0,0,5
9010,제기,동대문구,용신동,NCH20,,160.0,0,1
9010,제기,동대문구,용신동,NCH20,,250.0,0,1
9010,제기,동대문구,용신동,NCH34,,25.0,0,1
9010,제기,동대문구,용신동,NCH34,,40.0,0,2
9010,제기,동대문구,용신동,NCH34,,65.0,0,2
9010,제기,동대문구,용신동,NCH34,,100.0,0,1
9010,제기,동대문구,용신동,NCH34,,250.0,0,1
9010,제기,동대문구,용신동,NCH34,,400.0,0,1
9010,제기,동대문구,용신동,NFH80,,2.5,0,3
9010,제기,동대문구,용신동,NFH80,,4.0,0,2
9010,제기,동대문구,용신동,NFH80,,6.0,0,2
9010,제기,동대문구,용신동,NFH80,,10.0,0,3
9010,제기,동대문구,용신동,NFH80,,16.0,0,1
9010,제기,동대문구,용신동,NFH80,,65.0,0,1
9010,제기,동대문구,용신동,NIH40,,4.0,0,1
9010,제기,동대문구,용신동,NIH40,,10.0,0,1
9010,제기,동대문구,용신동,NIH40,,16.0,0,1
9010,제기,동대문구,용신동,NOH30,,2.5,0,143
9010,제기,동대문구,용신동,NOH30,,4.0,0,94
9010,제기,동대문구,용신동,NOH30,,6.0,0,48
9010,제기,동대문구,용신동,NOH30,,10.0,0,21
9010,제기,동대문구,용신동,NOH30,,16.0,0,4
9010,제기,동대문구,용신동,NOH30,,25.0,0,6
9010,제기,동대문구,용신동,NOH30,,40.0,0,8
9010,제기,동대문구,용신동,NOH30,,65.0,0,9
9010,제기,동대문구,용신동,NOH30,,100.0,0,6
9010,제기,동대문구,용신동,NOH30,,160.0,0,2
9010,제기,동대문구,용신동,NOH30,,250.0,0,1
9010,제기,동대문구,용신동,NOH30,,400.0,0,3
9010,제기,동대문구,용신동,NRC10,,2.5,0,8
9010,제기,동대문구,용신동,NRC10,,4.0,0,6
9010,제기,동대문구,용신동,NRC10,,6.0,0,1
9010,제기,동대문구,용신동,NRH11,,2.5,0,984
9010,제기,동대문구,용신동,NRH11,,3.0,0,2
9010,제기,동대문구,용신동,NRH11,,4.0,0,13296
9010,제기,동대문구,용신동,NRH11,,5.0,0,1
9010,제기,동대문구,용신동,NRH11,,6.0,0,1323
9010,제기,동대문구,용신동,NRH11,,10.0,0,24
9010,제기,동대문구,용신동,NRH11,,25.0,0,1
9010,제기,동대문구,용신동,NRH12,,2.5,0,6935
9010,제기,동대문구,용신동,NRH12,,3.0,0,1
9010,제기,동대문구,용신동,NRH12,,4.0,0,1406
9010,제기,동대문구,용신동,NRH12,,5.0,0,1
9010,제기,동대문구,용신동,NRH12,,6.0,0,21
9010,제기,동대문구,용신동,NRH12,,10.0,0,8
9010,제기,동대문구,용신동,NRH12,,65.0,0,1
9010,제기,동대문구,용신동,NRH12,,250.0,0,1
9010,제기,동대문구,용신동,NRH50,,100.0,0,1
9010,제기,동대문구,용신동,NRH50,,160.0,0,1
9010,제기,동대문구,용신동,NWH41,,2.5,0,2
9010,제기,동대문구,용신동,NWH41,,4.0,0,5
9010,제기,동대문구,용신동,NWH41,,6.0,0,7
9010,제기,동대문구,용신동,NWH41,,10.0,0,1
9010,제기,동대문구,용신동,NWH41,,16.0,0,1
9010,제기,동대문구,용신동,NWH41,,25.0,0,3
9010,제기,동대문구,전농제1동,NAH36,,40.0,0,2
9010,제기,동대문구,전농제1동,NAH36,,65.0,0,2
9010,제기,동대문구,전농제1동,NAH36,,160.0,0,1
9010,제기,동대문구,전농제1동,NAH36,,250.0,0,3
9010,제기,동대문구,전농제1동,NAH36,,400.0,0,3
9010,제기,동대문구,전농제1동,NAH36,,650.0,0,1
9010,제기,동대문구,전농제1동,NCH20,,2.5,0,30
9010,제기,동대문구,전농제1동,NCH20,,4.0,0,197
9010,제기,동대문구,전농제1동,NCH20,,5.0,0,1
9010,제기,동대문구,전농제1동,NCH20,,6.0,0,185
9010,제기,동대문구,전농제1동,NCH20,,7.0,0,2
9010,제기,동대문구,전농제1동,NCH20,,10.0,0,147
9010,제기,동대문구,전농제1동,NCH20,,16.0,0,79
9010,제기,동대문구,전농제1동,NCH20,,25.0,0,29
9010,제기,동대문구,전농제1동,NCH20,,40.0,0,14
9010,제기,동대문구,전농제1동,NCH20,,65.0,0,3
9010,제기,동대문구,전농제1동,NCH20,,100.0,0,7
9010,제기,동대문구,전농제1동,NCH20,,160.0,0,2
9010,제기,동대문구,전농제1동,NCH20,,250.0,0,2
9010,제기,동대문구,전농제1동,NCH20,,400.0,0,3
9010,제기,동대문구,전농제1동,NCH34,,100.0,0,1
9010,제기,동대문구,전농제1동,NCH34,,160.0,0,1
9010,제기,동대문구,전농제1동,NFH80,,2.5,0,4
9010,제기,동대문구,전농제1동,NFH80,,4.0,0,2
9010,제기,동대문구,전농제1동,NFH80,,10.0,0,4
9010,제기,동대문구,전농제1동,NFH80,,40.0,0,1
9010,제기,동대문구,전농제1동,NIH40,,25.0,0,1
9010,제기,동대문구,전농제1동,NIH40,,40.0,0,1
9010,제기,동대문구,전농제1동,NOH30,,2.5,0,10
9010,제기,동대문구,전농제1동,NOH30,,4.0,0,29
9010,제기,동대문구,전농제1동,NOH30,,6.0,0,25
9010,제기,동대문구,전농제1동,NOH30,,10.0,0,7
9010,제기,동대문구,전농제1동,NOH30,,16.0,0,8
9010,제기,동대문구,전농제1동,NOH30,,25.0,0,8
9010,제기,동대문구,전농제1동,NOH30,,40.0,0,2
9010,제기,동대문구,전농제1동,NOH30,,65.0,0,1
9010,제기,동대문구,전농제1동,NRC10,,2.5,0,3
9010,제기,동대문구,전농제1동,NRC10,,4.0,0,16
9010,제기,동대문구,전농제1동,NRC10,,6.0,0,1
9010,제기,동대문구,전농제1동,NRH11,,2.5,0,600
9010,제기,동대문구,전농제1동,NRH11,,3.0,0,3
9010,제기,동대문구,전농제1동,NRH11,,4.0,0,11066
9010,제기,동대문구,전농제1동,NRH11,,6.0,0,2282
9010,제기,동대문구,전농제1동,NRH11,,10.0,0,3
9010,제기,동대문구,전농제1동,NRH11,,16.0,0,2
9010,제기,동대문구,전농제1동,NRH12,,2.5,0,2187
9010,제기,동대문구,전농제1동,NRH12,,4.0,0,1084
9010,제기,동대문구,전농제1동,NRH12,,6.0,0,8
9010,제기,동대문구,전농제1동,NRH12,,10.0,0,2
9010,제기,동대문구,전농제1동,NRH12,,16.0,0,12
9010,제기,동대문구,전농제1동,NRH12,,65.0,0,1
9010,제기,동대문구,전농제1동,NRH50,,65.0,0,2
9010,제기,동대문구,전농제1동,NRH50,,100.0,0,1
9010,제기,동대문구,전농제1동,NRH50,,650.0,0,1
9010,제기,동대문구,전농제1동,NWH41,,4.0,0,11
9010,제기,동대문구,전농제1동,NWH41,,6.0,0,8
9010,제기,동대문구,전농제1동,NWH41,,10.0,0,6
9010,제기,동대문구,전농제1동,NWH41,,16.0,0,4
9010,제기,동대문구,전농제1동,NWH41,,40.0,0,1
9010,제기,동대문구,제기동,NAH36,,40.0,0,1
9010,제기,동대문구,제기동,NAH36,,65.0,0,1
9010,제기,동대문구,제기동,NAH36,,160.0,0,3
9010,제기,동대문구,제기동,NAH36,,400.0,0,1
9010,제기,동대문구,제기동,NCH20,,2.5,0,92
9010,제기,동대문구,제기동,NCH20,,4.0,0,284
9010,제기,동대문구,제기동,NCH20,,6.0,0,352
9010,제기,동대문구,제기동,NCH20,,10.0,0,258
9010,제기,동대문구,제기동,NCH20,,16.0,0,80
9010,제기,동대문구,제기동,NCH20,,25.0,0,23
9010,제기,동대문구,제기동,NCH20,,40.0,0,17
9010,제기,동대문구,제기동,NCH20,,65.0,0,1
9010,제기,동대문구,제기동,NCH20,,160.0,0,2
9010,제기,동대문구,제기동,NCH34,,100.0,0,1
9010,제기,동대문구,제기동,NFH80,,4.0,0,1
9010,제기,동대문구,제기동,NIH40,,6.0,0,2
9010,제기,동대문구,제기동,NIH40,,25.0,0,2
9010,제기,동대문구,제기동,NIH40,,40.0,0,3
9010,제기,동대문구,제기동,NOH30,,2.5,0,37
9010,제기,동대문구,제기동,NOH30,,3.0,0,1
9010,제기,동대문구,제기동,NOH30,,4.0,0,69
9010,제기,동대문구,제기동,NOH30,,6.0,0,24
9010,제기,동대문구,제기동,NOH30,,7.0,0,1
9010,제기,동대문구,제기동,NOH30,,10.0,0,8
9010,제기,동대문구,제기동,NOH30,,16.0,0,6
9010,제기,동대문구,제기동,NOH30,,25.0,0,4
9010,제기,동대문구,제기동,NOH30,,40.0,0,3
9010,제기,동대문구,제기동,NOH30,,100.0,0,3
9010,제기,동대문구,제기동,NRC10,,2.5,0,392
9010,제기,동대문구,제기동,NRC10,,4.0,0,29
9010,제기,동대문구,제기동,NRC10,,6.0,0,1
9010,제기,동대문구,제기동,NRH11,,2.5,0,769
9010,제기,동대문구,제기동,NRH11,,3.0,0,8
9010,제기,동대문구,제기동,NRH11,,4.0,0,8064
9010,제기,동대문구,제기동,NRH11,,6.0,0,1192
9010,제기,동대문구,제기동,NRH11,,10.0,0,22
9010,제기,동대문구,제기동,NRH11,,16.0,0,1
9010,제기,동대문구,제기동,NRH11,,25.0,0,2
9010,제기,동대문구,제기동,NRH12,,2.5,0,3569
9010,제기,동대문구,제기동,NRH12,,3.0,0,1
9010,제기,동대문구,제기동,NRH12,,4.0,0,597
9010,제기,동대문구,제기동,NRH12,,6.0,0,32
9010,제기,동대문구,제기동,NRH12,,7.0,0,1
9010,제기,동대문구,제기동,NRH12,,10.0,0,8
9010,제기,동대문구,제기동,NRH12,,16.0,0,3
9010,제기,동대문구,제기동,NRH14,,2.5,0,399
9010,제기,동대문구,제기동,NRH50,,250.0,0,1
9010,제기,동대문구,제기동,NWH41,,4.0,0,9
9010,제기,동대문구,제기동,NWH41,,6.0,0,21
9010,제기,동대문구,제기동,NWH41,,10.0,0,5
9010,제기,동대문구,제기동,NWH41,,16.0,0,4
9010,제기,동대문구,제기동,NWH41,,25.0,0,2
9010,제기,동대문구,제기동,NWH41,,160.0,0,1
9010,제기,동대문구,제기동,NWH42,,100.0,0,1
9010,제기,동대문구,청량리동,NAH36,,16.0,0,1
9010,제기,동대문구,청량리동,NAH36,,25.0,0,4
9010,제기,동대문구,청량리동,NAH36,,40.0,0,1
9010,제기,동대문구,청량리동,NAH36,,65.0,0,1
9010,제기,동대문구,청량리동,NAH36,,160.0,0,2
9010,제기,동대문구,청량리동,NAH36,,283.0,0,1
9010,제기,동대문구,청량리동,NAH36,,400.0,0,1
9010,제기,동대문구,청량리동,NCH20,,2.5,0,28
9010,제기,동대문구,청량리동,NCH20,,3.0,0,3
9010,제기,동대문구,청량리동,NCH20,,4.0,0,75
9010,제기,동대문구,청량리동,NCH20,,5.0,0,4
9010,제기,동대문구,청량리동,NCH20,,6.0,0,106
9010,제기,동대문구,청량리동,NCH20,,7.0,0,2
9010,제기,동대문구,청량리동,NCH20,,10.0,0,67
9010,제기,동대문구,청량리동,NCH20,,16.0,0,45
9010,제기,동대문구,청량리동,NCH20,,25.0,0,16
9010,제기,동대문구,청량리동,NCH20,,40.0,0,40
9010,제기,동대문구,청량리동,NCH20,,65.0,0,1
9010,제기,동대문구,청량리동,NCH20,,100.0,0,4
9010,제기,동대문구,청량리동,NCH34,,100.0,0,3
9010,제기,동대문구,청량리동,NFH80,,16.0,0,1
9010,제기,동대문구,청량리동,NHO46,,650.0,0,1
9010,제기,동대문구,청량리동,NOH30,,2.5,0,7
9010,제기,동대문구,청량리동,NOH30,,3.0,0,1
9010,제기,동대문구,청량리동,NOH30,,4.0,0,14
9010,제기,동대문구,청량리동,NOH30,,6.0,0,18
9010,제기,동대문구,청량리동,NOH30,,7.0,0,1
9010,제기,동대문구,청량리동,NOH30,,10.0,0,3
9010,제기,동대문구,청량리동,NOH30,,16.0,0,3
9010,제기,동대문구,청량리동,NOH30,,65.0,0,2
9010,제기,동대문구,청량리동,NOH30,,160.0,0,1
9010,제기,동대문구,청량리동,NRC10,,2.5,0,1
9010,제기,동대문구,청량리동,NRC10,,3.0,0,10
9010,제기,동대문구,청량리동,NRC10,,4.0,0,237
9010,제기,동대문구,청량리동,NRH11,,2.5,0,87
9010,제기,동대문구,청량리동,NRH11,,3.0,0,11
9010,제기,동대문구,청량리동,NRH11,,4.0,0,2617
9010,제기,동대문구,청량리동,NRH11,,6.0,0,574
9010,제기,동대문구,청량리동,NRH11,,10.0,0,2
9010,제기,동대문구,청량리동,NRH11,,16.0,0,1
9010,제기,동대문구,청량리동,NRH12,,2.5,0,343
9010,제기,동대문구,청량리동,NRH12,,4.0,0,23
9010,제기,동대문구,청량리동,NRH12,,6.0,0,1
9010,제기,동대문구,청량리동,NRH12,,10.0,0,33
9010,제기,동대문구,청량리동,NWH41,,6.0,0,4
9010,제기,동대문구,청량리동,NWH41,,40.0,0,1
9011,삼선,성북구,돈암제1동,NAH36,,10.0,0,2
9011,삼선,성북구,돈암제1동,NAH36,,25.0,0,2
9011,삼선,성북구,돈암제1동,NAH36,,40.0,0,1
9011,삼선,성북구,돈암제1동,NAH36,,65.0,0,1
9011,삼선,성북구,돈암제1동,NAH36,,100.0,0,1
9011,삼선,성북구,돈암제1동,NCH20,,2.5,0,3
9011,삼선,성북구,돈암제1동,NCH20,,4.0,0,21
9011,삼선,성북구,돈암제1동,NCH20,,6.0,0,40
9011,삼선,성북구,돈암제1동,NCH20,,7.0,0,1
9011,삼선,성북구,돈암제1동,NCH20,,10.0,0,7
9011,삼선,성북구,돈암제1동,NCH20,,16.0,0,9
9011,삼선,성북구,돈암제1동,NCH20,,25.0,0,6
9011,삼선,성북구,돈암제1동,NCH20,,40.0,0,10
9011,삼선,성북구,돈암제1동,NCH20,,65.0,0,4
9011,삼선,성북구,돈암제1동,NCH20,,100.0,0,2
9011,삼선,성북구,돈암제1동,NFH80,,4.0,0,1
9011,삼선,성북구,돈암제1동,NOH30,,2.5,0,4
9011,삼선,성북구,돈암제1동,NOH30,,4.0,0,13
9011,삼선,성북구,돈암제1동,NOH30,,5.0,0,1
9011,삼선,성북구,돈암제1동,NOH30,,6.0,0,9
9011,삼선,성북구,돈암제1동,NOH30,,10.0,0,1
9011,삼선,성북구,돈암제1동,NOH30,,16.0,0,2
9011,삼선,성북구,돈암제1동,NOH30,,25.0,0,3
9011,삼선,성북구,돈암제1동,NOH30,,65.0,0,1
9011,삼선,성북구,돈암제1동,NOH30,,100.0,0,1
9011,삼선,성북구,돈암제1동,NRC10,,4.0,0,1
9011,삼선,성북구,돈암제1동,NRH11,,2.5,0,70
9011,삼선,성북구,돈암제1동,NRH11,,3.0,0,9
9011,삼선,성북구,돈암제1동,NRH11,,4.0,0,4853
9011,삼선,성북구,돈암제1동,NRH11,,6.0,0,1280
9011,삼선,성북구,돈암제1동,NRH11,,10.0,0,1
9011,삼선,성북구,돈암제1동,NRH12,,2.5,0,86
9011,삼선,성북구,돈암제1동,NRH12,,4.0,0,20
9011,삼선,성북구,돈암제1동,NRH12,,6.0,0,9
9011,삼선,성북구,돈암제1동,NWH41,,4.0,0,10
9011,삼선,성북구,돈암제1동,NWH41,,6.0,0,7
9011,삼선,성북구,돈암제1동,NWH41,,10.0,0,1
9011,삼선,성북구,동선동,NAH36,,2.5,0,1
9011,삼선,성북구,동선동,NAH36,,25.0,0,1
9011,삼선,성북구,동선동,NAH36,,40.0,0,2
9011,삼선,성북구,동선동,NAH36,,65.0,0,4
9011,삼선,성북구,동선동,NAH36,,100.0,0,1
9011,삼선,성북구,동선동,NAH36,,160.0,0,2
9011,삼선,성북구,동선동,NAH36,,250.0,0,1
9011,삼선,성북구,동선동,NCH20,,2.5,0,15
9011,삼선,성북구,동선동,NCH20,,4.0,0,48
9011,삼선,성북구,동선동,NCH20,,5.0,0,1
9011,삼선,성북구,동선동,NCH20,,6.0,0,66
9011,삼선,성북구,동선동,NCH20,,10.0,0,69
9011,삼선,성북구,동선동,NCH20,,16.0,0,26
9011,삼선,성북구,동선동,NCH20,,25.0,0,15
9011,삼선,성북구,동선동,NCH20,,40.0,0,2
9011,삼선,성북구,동선동,NCH20,,160.0,0,1
9011,삼선,성북구,동선동,NOH30,,2.5,0,7
9011,삼선,성북구,동선동,NOH30,,4.0,0,9
9011,삼선,성북구,동선동,NOH30,,6.0,0,7
9011,삼선,성북구,동선동,NOH30,,10.0,0,2
9011,삼선,성북구,동선동,NOH30,,16.0,0,1
9011,삼선,성북구,동선동,NOH30,,25.0,0,3
9011,삼선,성북구,동선동,NOH30,,40.0,0,2
9011,삼선,성북구,동선동,NOH30,,65.0,0,1
9011,삼선,성북구,동선동,NOH30,,650.0,0,1
9011,삼선,성북구,동선동,NRC10,,2.5,0,1
9011,삼선,성북구,동선동,NRC10,,4.0,0,6
9011,삼선,성북구,동선동,NRH11,,2.5,0,608
9011,삼선,성북구,동선동,NRH11,,4.0,0,1901
9011,삼선,성북구,동선동,NRH11,,6.0,0,231
9011,삼선,성북구,동선동,NRH11,,10.0,0,5
9011,삼선,성북구,동선동,NRH11,,16.0,0,2
9011,삼선,성북구,동선동,NRH11,,25.0,0,1
9011,삼선,성북구,동선동,NRH12,,2.5,0,1229
9011,삼선,성북구,동선동,NRH12,,4.0,0,91
9011,삼선,성북구,동선동,NRH12,,6.0,0,6
9011,삼선,성북구,동선동,NRH12,,16.0,0,2
9011,삼선,성북구,동선동,NRH12,,40.0,0,1
9011,삼선,성북구,동선동,NRH12,,100.0,0,1
9011,삼선,성북구,동선동,NWH41,,6.0,0,1
9011,삼선,성북구,동선동,NWH41,,16.0,0,1
9011,삼선,성북구,보문동,NAH36,,6.0,0,4
9011,삼선,성북구,보문동,NAH36,,10.0,0,2
9011,삼선,성북구,보문동,NAH36,,16.0,0,1
9011,삼선,성북구,보문동,NAH36,,25.0,0,1
9011,삼선,성북구,보문동,NAH36,,40.0,0,1
9011,삼선,성북구,보문동,NAH36,,100.0,0,1
9011,삼선,성북구,보문동,NCH20,,2.5,0,28
9011,삼선,성북구,보문동,NCH20,,4.0,0,68
9011,삼선,성북구,보문동,NCH20,,5.0,0,2
9011,삼선,성북구,보문동,NCH20,,6.0,0,73
9011,삼선,성북구,보문동,NCH20,,7.0,0,1
9011,삼선,성북구,보문동,NCH20,,10.0,0,65
9011,삼선,성북구,보문동,NCH20,,16.0,0,37
9011,삼선,성북구,보문동,NCH20,,25.0,0,20
9011,삼선,성북구,보문동,NCH20,,40.0,0,7
9011,삼선,성북구,보문동,NCH20,,65.0,0,5
9011,삼선,성북구,보문동,NCH20,,160.0,0,1
9011,삼선,성북구,보문동,NOH30,,2.5,0,20
9011,삼선,성북구,보문동,NOH30,,4.0,0,30
9011,삼선,성북구,보문동,NOH30,,6.0,0,25
9011,삼선,성북구,보문동,NOH30,,10.0,0,13
9011,삼선,성북구,보문동,NOH30,,16.0,0,1
9011,삼선,성북구,보문동,NOH30,,25.0,0,2
9011,삼선,성북구,보문동,NOH30,,40.0,0,2
9011,삼선,성북구,보문동,NOH30,,65.0,0,1
9011,삼선,성북구,보문동,NOH30,,100.0,0,1
9011,삼선,성북구,보문동,NOH30,,400.0,0,1
9011,삼선,성북구,보문동,NRC10,,2.5,0,1
9011,삼선,성북구,보문동,NRC10,,4.0,0,29
9011,삼선,성북구,보문동,NRH11,,2.5,0,374
9011,삼선,성북구,보문동,NRH11,,3.0,0,1
9011,삼선,성북구,보문동,NRH11,,4.0,0,5626
9011,삼선,성북구,보문동,NRH11,,6.0,0,931
9011,삼선,성북구,보문동,NRH11,,10.0,0,4
9011,삼선,성북구,보문동,NRH11,,16.0,0,1
9011,삼선,성북구,보문동,NRH12,,2.5,0,1104
9011,삼선,성북구,보문동,NRH12,,4.0,0,525
9011,삼선,성북구,보문동,NRH12,,6.0,0,6
9011,삼선,성북구,보문동,NRH12,,10.0,0,6
9011,삼선,성북구,보문동,NWH41,,2.5,0,1
9011,삼선,성북구,보문동,NWH41,,4.0,0,3
9011,삼선,성북구,보문동,NWH41,,6.0,0,10
9011,삼선,성북구,보문동,NWH41,,16.0,0,3
9011,삼선,성북구,보문동,NWH41,,25.0,0,1
9011,삼선,성북구,보문동,NWH41,,40.0,0,1
9011,삼선,성북구,삼선동,NAH36,,6.0,0,1
9011,삼선,성북구,삼선동,NAH36,,16.0,0,2
9011,삼선,성북구,삼선동,NAH36,,25.0,0,1
9011,삼선,성북구,삼선동,NAH36,,65.0,0,4
9011,삼선,성북구,삼선동,NAH36,,100.0,0,2
9011,삼선,성북구,삼선동,NAH36,,160.0,0,1
9011,삼선,성북구,삼선동,NCH20,,2.5,0,42
9011,삼선,성북구,삼선동,NCH20,,4.0,0,89
9011,삼선,성북구,삼선동,NCH20,,6.0,0,109
9011,삼선,성북구,삼선동,NCH20,,10.0,0,121
9011,삼선,성북구,삼선동,NCH20,,16.0,0,56
9011,삼선,성북구,삼선동,NCH20,,25.0,0,25
9011,삼선,성북구,삼선동,NCH20,,40.0,0,7
9011,삼선,성북구,삼선동,NCH20,,65.0,0,2
9011,삼선,성북구,삼선동,NCH20,,100.0,0,4
9011,삼선,성북구,삼선동,NCH34,,65.0,0,2
9011,삼선,성북구,삼선동,NCH34,,100.0,0,1
9011,삼선,성북구,삼선동,NOH30,,2.5,0,24
9011,삼선,성북구,삼선동,NOH30,,4.0,0,35
9011,삼선,성북구,삼선동,NOH30,,6.0,0,15
9011,삼선,성북구,삼선동,NOH30,,10.0,0,5
9011,삼선,성북구,삼선동,NOH30,,16.0,0,4
9011,삼선,성북구,삼선동,NOH30,,25.0,0,1
9011,삼선,성북구,삼선동,NOH30,,250.0,0,2
9011,삼선,성북구,삼선동,NRC10,,2.5,0,1
9011,삼선,성북구,삼선동,NRC10,,4.0,0,14
9011,삼선,성북구,삼선동,NRH11,,2.5,0,330
9011,삼선,성북구,삼선동,NRH11,,3.0,0,1
9011,삼선,성북구,삼선동,NRH11,,4.0,0,3870
9011,삼선,성북구,삼선동,NRH11,,6.0,0,991
9011,삼선,성북구,삼선동,NRH11,,10.0,0,23
9011,삼선,성북구,삼선동,NRH11,,16.0,0,2
9011,삼선,성북구,삼선동,NRH12,,2.5,0,1522
9011,삼선,성북구,삼선동,NRH12,,4.0,0,182
9011,삼선,성북구,삼선동,NRH12,,6.0,0,6
9011,삼선,성북구,삼선동,NRH12,,10.0,0,6
9011,삼선,성북구,삼선동,NRH12,,16.0,0,1
9011,삼선,성북구,삼선동,NRH12,,25.0,0,1
9011,삼선,성북구,삼선동,NWH41,,4.0,0,7
9011,삼선,성북구,삼선동,NWH41,,6.0,0,4
9011,삼선,성북구,삼선동,NWH41,,10.0,0,1
9011,삼선,성북구,삼선동,NWH41,,25.0,0,1
9011,삼선,성북구,안암동,NAH36,,4.0,0,1
9011,삼선,성북구,안암동,NAH36,,6.0,0,1
9011,삼선,성북구,안암동,NAH36,,10.0,0,2
9011,삼선,성북구,안암동,NAH36,,16.0,0,1
9011,삼선,성북구,안암동,NAH36,,25.0,0,2
9011,삼선,성북구,안암동,NAH36,,40.0,0,4
9011,삼선,성북구,안암동,NAH36,,65.0,0,10
9011,삼선,성북구,안암동,NAH36,,100.0,0,18
9011,삼선,성북구,안암동,NAH36,,160.0,0,18
9011,삼선,성북구,안암동,NAH36,,250.0,0,12
9011,삼선,성북구,안암동,NAH36,,400.0,0,4
9011,삼선,성북구,안암동,NCH20,,2.5,0,31
9011,삼선,성북구,안암동,NCH20,,3.0,0,1
9011,삼선,성북구,안암동,NCH20,,4.0,0,121
9011,삼선,성북구,안암동,NCH20,,5.0,0,1
9011,삼선,성북구,안암동,NCH20,,6.0,0,149
9011,삼선,성북구,안암동,NCH20,,7.0,0,1
9011,삼선,성북구,안암동,NCH20,,10.0,0,188
9011,삼선,성북구,안암동,NCH20,,16.0,0,101
9011,삼선,성북구,안암동,NCH20,,25.0,0,32
9011,삼선,성북구,안암동,NCH20,,40.0,0,17
9011,삼선,성북구,안암동,NCH20,,65.0,0,10
9011,삼선,성북구,안암동,NCH20,,100.0,0,3
9011,삼선,성북구,안암동,NCH20,,160.0,0,3
9011,삼선,성북구,안암동,NCH20,,250.0,0,1
9011,삼선,성북구,안암동,NCH20,,400.0,0,3
9011,삼선,성북구,안암동,NCH20,,1000.0,0,1
9011,삼선,성북구,안암동,NCH34,,16.0,0,1
9011,삼선,성북구,안암동,NCH34,,65.0,0,1
9011,삼선,성북구,안암동,NCH34,,160.0,0,1
9011,삼선,성북구,안암동,NFH80,,2.5,0,1
9011,삼선,성북구,안암동,NFH80,,4.0,0,1
9011,삼선,성북구,안암동,NOH30,,2.5,0,29
9011,삼선,성북구,안암동,NOH30,,3.0,0,3
9011,삼선,성북구,안암동,NOH30,,4.0,0,45
9011,삼선,성북구,안암동,NOH30,,6.0,0,24
9011,삼선,성북구,안암동,NOH30,,7.0,0,1
9011,삼선,성북구,안암동,NOH30,,10.0,0,9
9011,삼선,성북구,안암동,NOH30,,16.0,0,3
9011,삼선,성북구,안암동,NOH30,,25.0,0,10
9011,삼선,성북구,안암동,NOH30,,40.0,0,4
9011,삼선,성북구,안암동,NOH30,,65.0,0,9
9011,삼선,성북구,안암동,NOH30,,100.0,0,12
9011,삼선,성북구,안암동,NOH30,,160.0,0,6
9011,삼선,성북구,안암동,NOH30,,250.0,0,1
9011,삼선,성북구,안암동,NOH30,,400.0,0,1
9011,삼선,성북구,안암동,NOH30,,1600.0,0,1
9011,삼선,성북구,안암동,NOH32,,1000.0,0,2
9011,삼선,성북구,안암동,NRC10,,2.5,0,55
9011,삼선,성북구,안암동,NRC10,,3.0,0,1
9011,삼선,성북구,안암동,NRC10,,4.0,0,42
9011,삼선,성북구,안암동,NRC10,,6.0,0,2
9011,삼선,성북구,안암동,NRH11,,2.5,0,606
9011,삼선,성북구,안암동,NRH11,,3.0,0,6
9011,삼선,성북구,안암동,NRH11,,4.0,0,5600
9011,삼선,성북구,안암동,NRH11,,5.0,0,1
9011,삼선,성북구,안암동,NRH11,,6.0,0,673
9011,삼선,성북구,안암동,NRH11,,10.0,0,31
9011,삼선,성북구,안암동,NRH11,,16.0,0,3
9011,삼선,성북구,안암동,NRH11,,25.0,0,1
9011,삼선,성북구,안암동,NRH12,,2.5,0,4600
9011,삼선,성북구,안암동,NRH12,,4.0,0,458
9011,삼선,성북구,안암동,NRH12,,6.0,0,33
9011,삼선,성북구,안암동,NRH12,,10.0,0,14
9011,삼선,성북구,안암동,NRH12,,16.0,0,2
9011,삼선,성북구,안암동,NRH12,,25.0,0,3
9011,삼선,성북구,안암동,NRH12,,100.0,0,2
9011,삼선,성북구,안암동,NWH41,,4.0,0,5
9011,삼선,성북구,안암동,NWH41,,6.0,0,7
9011,삼선,성북구,안암동,NWH41,,10.0,0,1
9011,삼선,성북구,안암동,NWH41,,16.0,0,1
9011,삼선,성북구,안암동,NWH41,,40.0,0,1
9011,삼선,성북구,안암동,NWH41,,100.0,0,1
9011,삼선,성북구,종암동,NAH36,,6.0,0,2
9011,삼선,성북구,종암동,NAH36,,10.0,0,1
9011,삼선,성북구,종암동,NAH36,,16.0,0,3
9011,삼선,성북구,종암동,NAH36,,25.0,0,2
9011,삼선,성북구,종암동,NAH36,,40.0,0,2
9011,삼선,성북구,종암동,NAH36,,65.0,0,1
9011,삼선,성북구,종암동,NAH36,,100.0,0,1
9011,삼선,성북구,종암동,NAH36,,160.0,0,1
9011,삼선,성북구,종암동,NCH20,,2.5,0,35
9011,삼선,성북구,종암동,NCH20,,4.0,0,128
9011,삼선,성북구,종암동,NCH20,,6.0,0,157
9011,삼선,성북구,종암동,NCH20,,10.0,0,107
9011,삼선,성북구,종암동,NCH20,,16.0,0,62
9011,삼선,성북구,종암동,NCH20,,25.0,0,34
9011,삼선,성북구,종암동,NCH20,,40.0,0,14
9011,삼선,성북구,종암동,NCH20,,65.0,0,5
9011,삼선,성북구,종암동,NCH20,,100.0,0,2
9011,삼선,성북구,종암동,NCH20,,160.0,0,1
9011,삼선,성북구,종암동,NCH34,,25.0,0,1
9011,삼선,성북구,종암동,NCH34,,160.0,0,1
9011,삼선,성북구,종암동,NCH34,,250.0,0,1
9011,삼선,성북구,종암동,NCH34,,400.0,0,1
9011,삼선,성북구,종암동,NFH80,,2.5,0,1
9011,삼선,성북구,종암동,NIH40,,40.0,0,1
9011,삼선,성북구,종암동,NOH30,,2.5,0,22
9011,삼선,성북구,종암동,NOH30,,4.0,0,43
9011,삼선,성북구,종암동,NOH30,,6.0,0,17
9011,삼선,성북구,종암동,NOH30,,10.0,0,9
9011,삼선,성북구,종암동,NOH30,,16.0,0,4
9011,삼선,성북구,종암동,NOH30,,25.0,0,3
9011,삼선,성북구,종암동,NOH30,,40.0,0,3
9011,삼선,성북구,종암동,NOH30,,65.0,0,1
9011,삼선,성북구,종암동,NOH30,,650.0,0,1
9011,삼선,성북구,종암동,NRC10,,2.5,0,435
9011,삼선,성북구,종암동,NRC10,,4.0,0,13
9011,삼선,성북구,종암동,NRC10,,5.0,0,1
9011,삼선,성북구,종암동,NRH11,,2.5,0,702
9011,삼선,성북구,종암동,NRH11,,3.0,0,9
9011,삼선,성북구,종암동,NRH11,,4.0,0,12384
9011,삼선,성북구,종암동,NRH11,,6.0,0,2206
9011,삼선,성북구,종암동,NRH11,,10.0,0,11
9011,삼선,성북구,종암동,NRH11,,16.0,0,3
9011,삼선,성북구,종암동,NRH11,,25.0,0,1
9011,삼선,성북구,종암동,NRH12,,2.5,0,3241
9011,삼선,성북구,종암동,NRH12,,4.0,0,175
9011,삼선,성북구,종암동,NRH12,,6.0,0,28
9011,삼선,성북구,종암동,NRH12,,10.0,0,2
9011,삼선,성북구,종암동,NRH12,,25.0,0,1
9011,삼선,성북구,종암동,NRH13,,2.5,0,1
9011,삼선,성북구,종암동,NRH14,,2.5,0,433
9011,삼선,성북구,종암동,NWH41,,2.5,0,1
9011,삼선,성북구,종암동,NWH41,,4.0,0,18
9011,삼선,성북구,종암동,NWH41,,6.0,0,17
9011,삼선,성북구,종암동,NWH41,,10.0,0,3
9011,삼선,성북구,종암동,NWH41,,16.0,0,4
9011,삼선,성북구,종암동,NWH41,,25.0,0,1
9011,삼선,성북구,종암동,NWH41,,40.0,0,1
9011,삼선,성북구,종암동,NWH42,,65.0,0,1
9012,중곡,광진구,구의제2동,NAH36,,65.0,0,2
9012,중곡,광진구,구의제2동,NCH20,,2.5,0,28
9012,중곡,광진구,구의제2동,NCH20,,4.0,0,125
9012,중곡,광진구,구의제2동,NCH20,,5.0,0,1
9012,중곡,광진구,구의제2동,NCH20,,6.0,0,153
9012,중곡,광진구,구의제2동,NCH20,,7.0,0,1
9012,중곡,광진구,구의제2동,NCH20,,10.0,0,98
9012,중곡,광진구,구의제2동,NCH20,,16.0,0,55
9012,중곡,광진구,구의제2동,NCH20,,25.0,0,15
9012,중곡,광진구,구의제2동,NCH20,,40.0,0,4
9012,중곡,광진구,구의제2동,NCH20,,65.0,0,3
9012,중곡,광진구,구의제2동,NCH20,,100.0,0,1
9012,중곡,광진구,구의제2동,NFH80,,10.0,0,1
9012,중곡,광진구,구의제2동,NIH40,,40.0,0,1
9012,중곡,광진구,구의제2동,NOH30,,2.5,0,12
9012,중곡,광진구,구의제2동,NOH30,,3.0,0,1
9012,중곡,광진구,구의제2동,NOH30,,4.0,0,36
9012,중곡,광진구,구의제2동,NOH30,,6.0,0,30
9012,중곡,광진구,구의제2동,NOH30,,10.0,0,20
9012,중곡,광진구,구의제2동,NOH30,,16.0,0,3
9012,중곡,광진구,구의제2동,NOH30,,25.0,0,5
9012,중곡,광진구,구의제2동,NOH30,,40.0,0,1
9012,중곡,광진구,구의제2동,NOH30,,65.0,0,2
9012,중곡,광진구,구의제2동,NOH30,,100.0,0,1
9012,중곡,광진구,구의제2동,NRC10,,2.5,0,2
9012,중곡,광진구,구의제2동,NRC10,,3.0,0,2
9012,중곡,광진구,구의제2동,NRC10,,4.0,0,9
9012,중곡,광진구,구의제2동,NRH11,,2.5,0,751
9012,중곡,광진구,구의제2동,NRH11,,3.0,0,2
9012,중곡,광진구,구의제2동,NRH11,,4.0,0,9103
9012,중곡,광진구,구의제2동,NRH11,,6.0,0,831
9012,중곡,광진구,구의제2동,NRH11,,10.0,0,12
9012,중곡,광진구,구의제2동,NRH11,,16.0,0,3
9012,중곡,광진구,구의제2동,NRH12,,2.5,0,955
9012,중곡,광진구,구의제2동,NRH12,,4.0,0,169
9012,중곡,광진구,구의제2동,NRH12,,6.0,0,13
9012,중곡,광진구,구의제2동,NRH12,,10.0,0,2
9012,중곡,광진구,구의제2동,NWH41,,4.0,0,10
9012,중곡,광진구,구의제2동,NWH41,,6.0,0,3
9012,중곡,광진구,구의제2동,NWH41,,10.0,0,5
9012,중곡,광진구,구의제2동,NWH41,,16.0,0,5
9012,중곡,광진구,구의제2동,NWH41,,25.0,0,3
9012,중곡,광진구,구의제2동,NWH41,,250.0,0,1
9012,중곡,광진구,구의제2동,NWH42,,400.0,0,1
9012,중곡,광진구,중곡제1동,NAH36,,6.0,0,16
9012,중곡,광진구,중곡제1동,NAH36,,65.0,0,1
9012,중곡,광진구,중곡제1동,NCH20,,2.5,0,42
9012,중곡,광진구,중곡제1동,NCH20,,4.0,0,95
9012,중곡,광진구,중곡제1동,NCH20,,6.0,0,140
9012,중곡,광진구,중곡제1동,NCH20,,10.0,0,102
9012,중곡,광진구,중곡제1동,NCH20,,16.0,0,36
9012,중곡,광진구,중곡제1동,NCH20,,25.0,0,15
9012,중곡,광진구,중곡제1동,NCH20,,40.0,0,6
9012,중곡,광진구,중곡제1동,NCH20,,65.0,0,1
9012,중곡,광진구,중곡제1동,NCH20,,100.0,0,1
9012,중곡,광진구,중곡제1동,NFH80,,2.5,0,2
9012,중곡,광진구,중곡제1동,NFH80,,4.0,0,1
9012,중곡,광진구,중곡제1동,NOH30,,2.5,0,17
9012,중곡,광진구,중곡제1동,NOH30,,4.0,0,24
9012,중곡,광진구,중곡제1동,NOH30,,6.0,0,22
9012,중곡,광진구,중곡제1동,NOH30,,10.0,0,5
9012,중곡,광진구,중곡제1동,NOH30,,16.0,0,2
9012,중곡,광진구,중곡제1동,NOH30,,25.0,0,3
9012,중곡,광진구,중곡제1동,NOH30,,40.0,0,1
9012,중곡,광진구,중곡제1동,NOH30,,65.0,0,1
9012,중곡,광진구,중곡제1동,NRC10,,2.5,0,3
9012,중곡,광진구,중곡제1동,NRC10,,4.0,0,8
9012,중곡,광진구,중곡제1동,NRH11,,2.5,0,710
9012,중곡,광진구,중곡제1동,NRH11,,3.0,0,2
9012,중곡,광진구,중곡제1동,NRH11,,4.0,0,6092
9012,중곡,광진구,중곡제1동,NRH11,,6.0,0,523
9012,중곡,광진구,중곡제1동,NRH11,,10.0,0,5
9012,중곡,광진구,중곡제1동,NRH12,,2.5,0,1736
9012,중곡,광진구,중곡제1동,NRH12,,4.0,0,78
9012,중곡,광진구,중곡제1동,NRH12,,6.0,0,7
9012,중곡,광진구,중곡제1동,NRH12,,10.0,0,3
9012,중곡,광진구,중곡제1동,NRH12,,16.0,0,1
9012,중곡,광진구,중곡제1동,NWH41,,4.0,0,1
9012,중곡,광진구,중곡제1동,NWH41,,6.0,0,2
9012,중곡,광진구,중곡제1동,NWH41,,16.0,0,2
9012,중곡,광진구,중곡제2동,NCH20,,2.5,0,18
9012,중곡,광진구,중곡제2동,NCH20,,3.0,0,3
9012,중곡,광진구,중곡제2동,NCH20,,4.0,0,104
9012,중곡,광진구,중곡제2동,NCH20,,5.0,0,1
9012,중곡,광진구,중곡제2동,NCH20,,6.0,0,135
9012,중곡,광진구,중곡제2동,NCH20,,10.0,0,96
9012,중곡,광진구,중곡제2동,NCH20,,16.0,0,50
9012,중곡,광진구,중곡제2동,NCH20,,25.0,0,20
9012,중곡,광진구,중곡제2동,NCH20,,40.0,0,6
9012,중곡,광진구,중곡제2동,NCH20,,65.0,0,1
9012,중곡,광진구,중곡제2동,NCH34,,65.0,0,1
9012,중곡,광진구,중곡제2동,NCH34,,100.0,0,1
9012,중곡,광진구,중곡제2동,NOH30,,2.5,0,16
9012,중곡,광진구,중곡제2동,NOH30,,4.0,0,41
9012,중곡,광진구,중곡제2동,NOH30,,6.0,0,28
9012,중곡,광진구,중곡제2동,NOH30,,10.0,0,3
9012,중곡,광진구,중곡제2동,NOH30,,16.0,0,1
9012,중곡,광진구,중곡제2동,NOH30,,25.0,0,2
9012,중곡,광진구,중곡제2동,NRC10,,2.5,0,3
9012,중곡,광진구,중곡제2동,NRC10,,4.0,0,13
9012,중곡,광진구,중곡제2동,NRH11,,2.5,0,1005
9012,중곡,광진구,중곡제2동,NRH11,,3.0,0,19
9012,중곡,광진구,중곡제2동,NRH11,,4.0,0,7697
9012,중곡,광진구,중곡제2동,NRH11,,6.0,0,646
9012,중곡,광진구,중곡제2동,NRH11,,10.0,0,6
9012,중곡,광진구,중곡제2동,NRH11,,16.0,0,1
9012,중곡,광진구,중곡제2동,NRH12,,2.5,0,1509
9012,중곡,광진구,중곡제2동,NRH12,,4.0,0,108
9012,중곡,광진구,중곡제2동,NRH12,,6.0,0,2
9012,중곡,광진구,중곡제2동,NWH41,,2.5,0,1
9012,중곡,광진구,중곡제2동,NWH41,,4.0,0,8
9012,중곡,광진구,중곡제2동,NWH41,,6.0,0,4
9012,중곡,광진구,중곡제2동,NWH41,,10.0,0,3
9012,중곡,광진구,중곡제2동,NWH41,,16.0,0,4
9012,중곡,광진구,중곡제2동,NWH41,,40.0,0,1
9012,중곡,광진구,중곡제3동,NAH36,,25.0,0,2
9012,중곡,광진구,중곡제3동,NAH36,,160.0,0,4
9012,중곡,광진구,중곡제3동,NCH20,,2.5,0,21
9012,중곡,광진구,중곡제3동,NCH20,,3.0,0,1
9012,중곡,광진구,중곡제3동,NCH20,,4.0,0,87
9012,중곡,광진구,중곡제3동,NCH20,,6.0,0,108
9012,중곡,광진구,중곡제3동,NCH20,,7.0,0,1
9012,중곡,광진구,중곡제3동,NCH20,,10.0,0,74
9012,중곡,광진구,중곡제3동,NCH20,,16.0,0,35
9012,중곡,광진구,중곡제3동,NCH20,,25.0,0,14
9012,중곡,광진구,중곡제3동,NCH20,,40.0,0,2
9012,중곡,광진구,중곡제3동,NCH20,,65.0,0,3
9012,중곡,광진구,중곡제3동,NCH20,,160.0,0,1
9012,중곡,광진구,중곡제3동,NCH20,,250.0,0,2
9012,중곡,광진구,중곡제3동,NCH20,,400.0,0,1
9012,중곡,광진구,중곡제3동,NCH34,,160.0,0,1
9012,중곡,광진구,중곡제3동,NCH34,,400.0,0,1
9012,중곡,광진구,중곡제3동,NIH40,,25.0,0,1
9012,중곡,광진구,중곡제3동,NOH30,,2.5,0,7
9012,중곡,광진구,중곡제3동,NOH30,,4.0,0,31
9012,중곡,광진구,중곡제3동,NOH30,,6.0,0,8
9012,중곡,광진구,중곡제3동,NOH30,,10.0,0,4
9012,중곡,광진구,중곡제3동,NOH30,,16.0,0,1
9012,중곡,광진구,중곡제3동,NOH30,,40.0,0,1
9012,중곡,광진구,중곡제3동,NOH30,,65.0,0,1
9012,중곡,광진구,중곡제3동,NOH30,,400.0,0,1
9012,중곡,광진구,중곡제3동,NRC10,,2.5,0,1
9012,중곡,광진구,중곡제3동,NRC10,,4.0,0,14
9012,중곡,광진구,중곡제3동,NRH11,,2.5,0,504
9012,중곡,광진구,중곡제3동,NRH11,,3.0,0,6
9012,중곡,광진구,중곡제3동,NRH11,,4.0,0,7203
9012,중곡,광진구,중곡제3동,NRH11,,6.0,0,399
9012,중곡,광진구,중곡제3동,NRH11,,10.0,0,6
9012,중곡,광진구,중곡제3동,NRH11,,16.0,0,1
9012,중곡,광진구,중곡제3동,NRH12,,2.5,0,770
9012,중곡,광진구,중곡제3동,NRH12,,4.0,0,92
9012,중곡,광진구,중곡제3동,NRH12,,6.0,0,4
9012,중곡,광진구,중곡제3동,NWH41,,4.0,0,5
9012,중곡,광진구,중곡제3동,NWH41,,6.0,0,7
9012,중곡,광진구,중곡제3동,NWH41,,10.0,0,2
9012,중곡,광진구,중곡제3동,NWH41,,16.0,0,3
9012,중곡,광진구,중곡제4동,NAH36,,6.0,0,2
9012,중곡,광진구,중곡제4동,NAH36,,10.0,0,1
9012,중곡,광진구,중곡제4동,NAH36,,16.0,0,1
9012,중곡,광진구,중곡제4동,NCH20,,2.5,0,31
9012,중곡,광진구,중곡제4동,NCH20,,3.0,0,2
9012,중곡,광진구,중곡제4동,NCH20,,4.0,0,107
9012,중곡,광진구,중곡제4동,NCH20,,5.0,0,5
9012,중곡,광진구,중곡제4동,NCH20,,6.0,0,136
9012,중곡,광진구,중곡제4동,NCH20,,7.0,0,1
9012,중곡,광진구,중곡제4동,NCH20,,10.0,0,111
9012,중곡,광진구,중곡제4동,NCH20,,16.0,0,41
9012,중곡,광진구,중곡제4동,NCH20,,25.0,0,10
9012,중곡,광진구,중곡제4동,NCH20,,40.0,0,4
9012,중곡,광진구,중곡제4동,NCH20,,65.0,0,3
9012,중곡,광진구,중곡제4동,NCH20,,100.0,0,2
9012,중곡,광진구,중곡제4동,NCH34,,65.0,0,2
9012,중곡,광진구,중곡제4동,NCH34,,100.0,0,1
9012,중곡,광진구,중곡제4동,NFH80,,6.0,0,1
9012,중곡,광진구,중곡제4동,NOH30,,2.5,0,4
9012,중곡,광진구,중곡제4동,NOH30,,3.0,0,2
9012,중곡,광진구,중곡제4동,NOH30,,4.0,0,42
9012,중곡,광진구,중곡제4동,NOH30,,6.0,0,26
9012,중곡,광진구,중곡제4동,NOH30,,10.0,0,3
9012,중곡,광진구,중곡제4동,NOH30,,16.0,0,4
9012,중곡,광진구,중곡제4동,NOH30,,25.0,0,7
9012,중곡,광진구,중곡제4동,NOH30,,40.0,0,2
9012,중곡,광진구,중곡제4동,NRC10,,2.5,0,1
9012,중곡,광진구,중곡제4동,NRC10,,4.0,0,13
9012,중곡,광진구,중곡제4동,NRC10,,5.0,0,1
9012,중곡,광진구,중곡제4동,NRC10,,6.0,0,1
9012,중곡,광진구,중곡제4동,NRH11,,2.5,0,1174
9012,중곡,광진구,중곡제4동,NRH11,,3.0,0,13
9012,중곡,광진구,중곡제4동,NRH11,,4.0,0,10157
9012,중곡,광진구,중곡제4동,NRH11,,6.0,0,1217
9012,중곡,광진구,중곡제4동,NRH11,,10.0,0,13
9012,중곡,광진구,중곡제4동,NRH11,,16.0,0,3
9012,중곡,광진구,중곡제4동,NRH12,,2.5,0,993
9012,중곡,광진구,중곡제4동,NRH12,,4.0,0,90
9012,중곡,광진구,중곡제4동,NRH12,,6.0,0,22
9012,중곡,광진구,중곡제4동,NWH41,,4.0,0,6
9012,중곡,광진구,중곡제4동,NWH41,,6.0,0,5
9012,중곡,광진구,중곡제4동,NWH41,,10.0,0,5
9012,중곡,광진구,중곡제4동,NWH41,,16.0,0,1
9013,신내,중랑구,망우본동,NAH36,,4.0,0,1
9013,신내,중랑구,망우본동,NAH36,,10.0,0,4
9013,신내,중랑구,망우본동,NAH36,,40.0,0,1
9013,신내,중랑구,망우본동,NAH36,,65.0,0,2
9013,신내,중랑구,망우본동,NAH36,,400.0,0,1
9013,신내,중랑구,망우본동,NCH20,,2.5,0,28
9013,신내,중랑구,망우본동,NCH20,,4.0,0,102
9013,신내,중랑구,망우본동,NCH20,,6.0,0,87
9013,신내,중랑구,망우본동,NCH20,,10.0,0,61
9013,신내,중랑구,망우본동,NCH20,,16.0,0,30
9013,신내,중랑구,망우본동,NCH20,,25.0,0,9
9013,신내,중랑구,망우본동,NCH20,,40.0,0,8
9013,신내,중랑구,망우본동,NCH20,,65.0,0,4
9013,신내,중랑구,망우본동,NCH20,,100.0,0,1
9013,신내,중랑구,망우본동,NCH20,,250.0,0,1
9013,신내,중랑구,망우본동,NCH20,,400.0,0,1
9013,신내,중랑구,망우본동,NCH34,,65.0,0,1
9013,신내,중랑구,망우본동,NFH80,,4.0,0,1
9013,신내,중랑구,망우본동,NFH80,,10.0,0,1
9013,신내,중랑구,망우본동,NOH30,,2.5,0,9
9013,신내,중랑구,망우본동,NOH30,,3.0,0,1
9013,신내,중랑구,망우본동,NOH30,,4.0,0,10
9013,신내,중랑구,망우본동,NOH30,,6.0,0,8
9013,신내,중랑구,망우본동,NOH30,,10.0,0,1
9013,신내,중랑구,망우본동,NOH30,,16.0,0,2
9013,신내,중랑구,망우본동,NOH30,,25.0,0,4
9013,신내,중랑구,망우본동,NOH30,,40.0,0,3
9013,신내,중랑구,망우본동,NOH30,,100.0,0,3
9013,신내,중랑구,망우본동,NOH30,,160.0,0,3
9013,신내,중랑구,망우본동,NRC10,,2.5,0,4104
9013,신내,중랑구,망우본동,NRC10,,4.0,0,3
9013,신내,중랑구,망우본동,NRH11,,2.5,0,193
9013,신내,중랑구,망우본동,NRH11,,3.0,0,5
9013,신내,중랑구,망우본동,NRH11,,4.0,0,4560
9013,신내,중랑구,망우본동,NRH11,,6.0,0,267
9013,신내,중랑구,망우본동,NRH11,,10.0,0,2
9013,신내,중랑구,망우본동,NRH12,,2.5,0,190
9013,신내,중랑구,망우본동,NRH12,,4.0,0,17
9013,신내,중랑구,망우본동,NRH12,,6.0,0,6
9013,신내,중랑구,망우본동,NWH41,,2.5,0,2
9013,신내,중랑구,망우본동,NWH41,,4.0,0,10
9013,신내,중랑구,망우본동,NWH41,,6.0,0,3
9013,신내,중랑구,망우본동,NWH41,,10.0,0,3
9013,신내,중랑구,망우본동,NWH41,,16.0,0,2
9013,신내,중랑구,망우본동,NWH41,,25.0,0,1
9013,신내,중랑구,망우본동,NWH41,,40.0,0,1
9013,신내,중랑구,망우본동,NWH41,,65.0,0,1
9013,신내,중랑구,망우본동,NWH41,,400.0,0,1
9013,신내,중랑구,망우본동,NWH42,,250.0,0,1
9013,신내,중랑구,상봉제1동,NAH36,,16.0,0,1
9013,신내,중랑구,상봉제1동,NAH36,,160.0,0,1
9013,신내,중랑구,상봉제1동,NAH36,,250.0,0,2
9013,신내,중랑구,상봉제1동,NAH36,,650.0,0,1
9013,신내,중랑구,상봉제1동,NCH20,,2.5,0,18
9013,신내,중랑구,상봉제1동,NCH20,,3.0,0,3
9013,신내,중랑구,상봉제1동,NCH20,,4.0,0,70
9013,신내,중랑구,상봉제1동,NCH20,,5.0,0,2
9013,신내,중랑구,상봉제1동,NCH20,,6.0,0,81
9013,신내,중랑구,상봉제1동,NCH20,,10.0,0,78
9013,신내,중랑구,상봉제1동,NCH20,,16.0,0,19
9013,신내,중랑구,상봉제1동,NCH20,,25.0,0,10
9013,신내,중랑구,상봉제1동,NCH20,,40.0,0,8
9013,신내,중랑구,상봉제1동,NCH20,,65.0,0,5
9013,신내,중랑구,상봉제1동,NCH20,,100.0,0,2
9013,신내,중랑구,상봉제1동,NCH20,,160.0,0,2
9013,신내,중랑구,상봉제1동,NCH34,,65.0,0,1
9013,신내,중랑구,상봉제1동,NFH80,,4.0,0,3
9013,신내,중랑구,상봉제1동,NIH40,,40.0,0,2
9013,신내,중랑구,상봉제1동,NOH30,,2.5,0,13
9013,신내,중랑구,상봉제1동,NOH30,,3.0,0,1
9013,신내,중랑구,상봉제1동,NOH30,,4.0,0,33
9013,신내,중랑구,상봉제1동,NOH30,,6.0,0,12
9013,신내,중랑구,상봉제1동,NOH30,,10.0,0,1
9013,신내,중랑구,상봉제1동,NOH30,,16.0,0,6
9013,신내,중랑구,상봉제1동,NOH30,,25.0,0,2
9013,신내,중랑구,상봉제1동,NOH30,,40.0,0,2
9013,신내,중랑구,상봉제1동,NRC10,,2.0,0,2
9013,신내,중랑구,상봉제1동,NRC10,,2.5,0,1849
9013,신내,중랑구,상봉제1동,NRC10,,3.0,0,6
9013,신내,중랑구,상봉제1동,NRC10,,4.0,0,20
9013,신내,중랑구,상봉제1동,NRH11,,2.5,0,420
9013,신내,중랑구,상봉제1동,NRH11,,3.0,0,12
9013,신내,중랑구,상봉제1동,NRH11,,4.0,0,6032
9013,신내,중랑구,상봉제1동,NRH11,,5.0,0,1
9013,신내,중랑구,상봉제1동,NRH11,,6.0,0,1454
9013,신내,중랑구,상봉제1동,NRH11,,10.0,0,1
9013,신내,중랑구,상봉제1동,NRH12,,2.5,0,730
9013,신내,중랑구,상봉제1동,NRH12,,4.0,0,93
9013,신내,중랑구,상봉제1동,NRH12,,6.0,0,2
9013,신내,중랑구,상봉제1동,NRH50,,100.0,0,1
9013,신내,중랑구,상봉제1동,NWH41,,4.0,0,10
9013,신내,중랑구,상봉제1동,NWH41,,6.0,0,4
9013,신내,중랑구,상봉제1동,NWH41,,10.0,0,5
9013,신내,중랑구,상봉제1동,NWH41,,16.0,0,1
9013,신내,중랑구,신내1동,NAH36,,25.0,0,4
9013,신내,중랑구,신내1동,NAH36,,40.0,0,1
9013,신내,중랑구,신내1동,NAH36,,65.0,0,1
9013,신내,중랑구,신내1동,NAH36,,160.0,0,1
9013,신내,중랑구,신내1동,NAH36,,650.0,0,1
9013,신내,중랑구,신내1동,NCH20,,2.5,0,44
9013,신내,중랑구,신내1동,NCH20,,3.0,0,12
9013,신내,중랑구,신내1동,NCH20,,4.0,0,141
9013,신내,중랑구,신내1동,NCH20,,5.0,0,6
9013,신내,중랑구,신내1동,NCH20,,6.0,0,124
9013,신내,중랑구,신내1동,NCH20,,7.0,0,7
9013,신내,중랑구,신내1동,NCH20,,10.0,0,115
9013,신내,중랑구,신내1동,NCH20,,16.0,0,58
9013,신내,중랑구,신내1동,NCH20,,25.0,0,30
9013,신내,중랑구,신내1동,NCH20,,40.0,0,13
9013,신내,중랑구,신내1동,NCH20,,65.0,0,3
9013,신내,중랑구,신내1동,NCH20,,100.0,0,1
9013,신내,중랑구,신내1동,NCH20,,650.0,0,1
9013,신내,중랑구,신내1동,NCH34,,10.0,0,1
9013,신내,중랑구,신내1동,NCH34,,160.0,0,1
9013,신내,중랑구,신내1동,NCH34,,400.0,0,2
9013,신내,중랑구,신내1동,NFH80,,6.0,0,2
9013,신내,중랑구,신내1동,NFH80,,16.0,0,1
9013,신내,중랑구,신내1동,NIH40,,6.0,0,1
9013,신내,중랑구,신내1동,NIH40,,16.0,0,2
9013,신내,중랑구,신내1동,NIH40,,25.0,0,1
9013,신내,중랑구,신내1동,NIH40,,100.0,0,2
9013,신내,중랑구,신내1동,NIH40,,160.0,0,1
9013,신내,중랑구,신내1동,NOH30,,2.5,0,25
9013,신내,중랑구,신내1동,NOH30,,4.0,0,37
9013,신내,중랑구,신내1동,NOH30,,5.0,0,1
9013,신내,중랑구,신내1동,NOH30,,6.0,0,23
9013,신내,중랑구,신내1동,NOH30,,7.0,0,3
9013,신내,중랑구,신내1동,NOH30,,10.0,0,13
9013,신내,중랑구,신내1동,NOH30,,16.0,0,5
9013,신내,중랑구,신내1동,NOH30,,25.0,0,8
9013,신내,중랑구,신내1동,NOH30,,40.0,0,1
9013,신내,중랑구,신내1동,NOH30,,65.0,0,1
9013,신내,중랑구,신내1동,NOH30,,100.0,0,1
9013,신내,중랑구,신내1동,NRC10,,2.0,0,5
9013,신내,중랑구,신내1동,NRC10,,2.5,0,3846
9013,신내,중랑구,신내1동,NRC10,,3.0,0,1
9013,신내,중랑구,신내1동,NRC10,,4.0,0,15
9013,신내,중랑구,신내1동,NRC10,,10.0,0,1
9013,신내,중랑구,신내1동,NRH11,,2.5,0,167
9013,신내,중랑구,신내1동,NRH11,,3.0,0,6
9013,신내,중랑구,신내1동,NRH11,,4.0,0,9049
9013,신내,중랑구,신내1동,NRH11,,6.0,0,806
9013,신내,중랑구,신내1동,NRH11,,10.0,0,11
9013,신내,중랑구,신내1동,NRH12,,2.5,0,539
9013,신내,중랑구,신내1동,NRH12,,4.0,0,21
9013,신내,중랑구,신내1동,NRH12,,6.0,0,2
9013,신내,중랑구,신내1동,NRH12,,10.0,0,2
9013,신내,중랑구,신내1동,NTH62,,1000.0,0,1
9013,신내,중랑구,신내1동,NWH41,,2.5,0,2
9013,신내,중랑구,신내1동,NWH41,,4.0,0,20
9013,신내,중랑구,신내1동,NWH41,,6.0,0,16
9013,신내,중랑구,신내1동,NWH41,,10.0,0,12
9013,신내,중랑구,신내1동,NWH41,,16.0,0,6
9013,신내,중랑구,신내1동,NWH41,,25.0,0,2
9013,신내,중랑구,신내1동,NWH41,,40.0,0,1
9013,신내,중랑구,신내1동,NWH41,,65.0,0,1
9013,신내,중랑구,신내1동,NWH41,,160.0,0,1
9013,신내,중랑구,신내2동,NAH36,,6.0,0,1
9013,신내,중랑구,신내2동,NAH36,,160.0,0,1
9013,신내,중랑구,신내2동,NAH36,,250.0,0,1
9013,신내,중랑구,신내2동,NAH36,,400.0,0,1
9013,신내,중랑구,신내2동,NCH20,,2.5,0,12
9013,신내,중랑구,신내2동,NCH20,,3.0,0,3
9013,신내,중랑구,신내2동,NCH20,,4.0,0,36
9013,신내,중랑구,신내2동,NCH20,,5.0,0,4
9013,신내,중랑구,신내2동,NCH20,,6.0,0,50
9013,신내,중랑구,신내2동,NCH20,,7.0,0,2
9013,신내,중랑구,신내2동,NCH20,,10.0,0,28
9013,신내,중랑구,신내2동,NCH20,,16.0,0,29
9013,신내,중랑구,신내2동,NCH20,,25.0,0,11
9013,신내,중랑구,신내2동,NCH20,,40.0,0,5
9013,신내,중랑구,신내2동,NCH20,,65.0,0,2
9013,신내,중랑구,신내2동,NCH20,,100.0,0,2
9013,신내,중랑구,신내2동,NCH20,,160.0,0,1
9013,신내,중랑구,신내2동,NOH30,,2.5,0,3
9013,신내,중랑구,신내2동,NOH30,,3.0,0,1
9013,신내,중랑구,신내2동,NOH30,,4.0,0,6
9013,신내,중랑구,신내2동,NOH30,,5.0,0,2
9013,신내,중랑구,신내2동,NOH30,,6.0,0,7
9013,신내,중랑구,신내2동,NOH30,,10.0,0,1
9013,신내,중랑구,신내2동,NOH30,,25.0,0,1
9013,신내,중랑구,신내2동,NOH30,,40.0,0,3
9013,신내,중랑구,신내2동,NOH30,,65.0,0,1
9013,신내,중랑구,신내2동,NRC10,,2.0,0,69
9013,신내,중랑구,신내2동,NRC10,,2.5,0,7315
9013,신내,중랑구,신내2동,NRC10,,3.0,0,1
9013,신내,중랑구,신내2동,NRC10,,4.0,0,33
9013,신내,중랑구,신내2동,NRC10,,6.0,0,2
9013,신내,중랑구,신내2동,NRC10,,10.0,0,1
9013,신내,중랑구,신내2동,NRH11,,2.5,0,5
9013,신내,중랑구,신내2동,NRH11,,4.0,0,1292
9013,신내,중랑구,신내2동,NRH11,,6.0,0,3
9013,신내,중랑구,신내2동,NRH11,,10.0,0,2
9013,신내,중랑구,신내2동,NWH41,,2.5,0,8
9013,신내,중랑구,신내2동,NWH41,,4.0,0,4
9013,신내,중랑구,신내2동,NWH41,,6.0,0,4
9013,신내,중랑구,신내2동,NWH41,,10.0,0,2
9013,신내,중랑구,신내2동,NWH41,,25.0,0,2
9013,신내,중랑구,신내2동,NWH41,,65.0,0,1
9013,신내,중랑구,중화제1동,NAH36,,6.0,0,1
9013,신내,중랑구,중화제1동,NAH36,,25.0,0,2
9013,신내,중랑구,중화제1동,NAH36,,100.0,0,2
9013,신내,중랑구,중화제1동,NCH20,,2.5,0,19
9013,신내,중랑구,중화제1동,NCH20,,3.0,0,2
9013,신내,중랑구,중화제1동,NCH20,,4.0,0,48
9013,신내,중랑구,중화제1동,NCH20,,6.0,0,66
9013,신내,중랑구,중화제1동,NCH20,,7.0,0,1
9013,신내,중랑구,중화제1동,NCH20,,10.0,0,40
9013,신내,중랑구,중화제1동,NCH20,,16.0,0,15
9013,신내,중랑구,중화제1동,NCH20,,25.0,0,9
9013,신내,중랑구,중화제1동,NCH20,,40.0,0,1
9013,신내,중랑구,중화제1동,NCH20,,65.0,0,3
9013,신내,중랑구,중화제1동,NCH20,,100.0,0,2
9013,신내,중랑구,중화제1동,NFH80,,4.0,0,1
9013,신내,중랑구,중화제1동,NOH30,,2.5,0,8
9013,신내,중랑구,중화제1동,NOH30,,3.0,0,1
9013,신내,중랑구,중화제1동,NOH30,,4.0,0,18
9013,신내,중랑구,중화제1동,NOH30,,5.0,0,1
9013,신내,중랑구,중화제1동,NOH30,,6.0,0,19
9013,신내,중랑구,중화제1동,NOH30,,7.0,0,1
9013,신내,중랑구,중화제1동,NOH30,,10.0,0,2
9013,신내,중랑구,중화제1동,NOH30,,16.0,0,4
9013,신내,중랑구,중화제1동,NOH30,,25.0,0,7
9013,신내,중랑구,중화제1동,NOH30,,40.0,0,1
9013,신내,중랑구,중화제1동,NOH30,,65.0,0,2
9013,신내,중랑구,중화제1동,NOH30,,100.0,0,1
9013,신내,중랑구,중화제1동,NOH30,,160.0,0,3
9013,신내,중랑구,중화제1동,NRC10,,2.5,0,1
9013,신내,중랑구,중화제1동,NRC10,,3.0,0,1
9013,신내,중랑구,중화제1동,NRC10,,4.0,0,4
9013,신내,중랑구,중화제1동,NRC10,,6.0,0,1
9013,신내,중랑구,중화제1동,NRH11,,2.5,0,251
9013,신내,중랑구,중화제1동,NRH11,,3.0,0,9
9013,신내,중랑구,중화제1동,NRH11,,4.0,0,7783
9013,신내,중랑구,중화제1동,NRH11,,6.0,0,256
9013,신내,중랑구,중화제1동,NRH11,,10.0,0,1
9013,신내,중랑구,중화제1동,NRH11,,16.0,0,1
9013,신내,중랑구,중화제1동,NRH12,,2.5,0,533
9013,신내,중랑구,중화제1동,NRH12,,4.0,0,22
9013,신내,중랑구,중화제1동,NWH41,,4.0,0,8
9013,신내,중랑구,중화제1동,NWH41,,10.0,0,4
9013,신내,중랑구,중화제1동,NWH41,,25.0,0,1
9014,종로,성북구,삼선동,NAH36,,10.0,0,2
9014,종로,성북구,삼선동,NAH36,,40.0,0,1
9014,종로,성북구,삼선동,NAH36,,65.0,0,4
9014,종로,성북구,삼선동,NAH36,,100.0,0,2
9014,종로,성북구,삼선동,NAH36,,160.0,0,1
9014,종로,성북구,삼선동,NAH36,,250.0,0,1
9014,종로,성북구,삼선동,NCH20,,2.5,0,12
9014,종로,성북구,삼선동,NCH20,,3.0,0,1
9014,종로,성북구,삼선동,NCH20,,4.0,0,36
9014,종로,성북구,삼선동,NCH20,,6.0,0,63
9014,종로,성북구,삼선동,NCH20,,10.0,0,51
9014,종로,성북구,삼선동,NCH20,,16.0,0,12
9014,종로,성북구,삼선동,NCH20,,25.0,0,5
9014,종로,성북구,삼선동,NCH20,,40.0,0,2
9014,종로,성북구,삼선동,NCH20,,65.0,0,2
9014,종로,성북구,삼선동,NCH20,,100.0,0,1
9014,종로,성북구,삼선동,NOH30,,2.5,0,5
9014,종로,성북구,삼선동,NOH30,,4.0,0,16
9014,종로,성북구,삼선동,NOH30,,5.0,0,1
9014,종로,성북구,삼선동,NOH30,,6.0,0,6
9014,종로,성북구,삼선동,NOH30,,10.0,0,2
9014,종로,성북구,삼선동,NOH30,,65.0,0,1
9014,종로,성북구,삼선동,NRC10,,2.5,0,2
9014,종로,성북구,삼선동,NRC10,,4.0,0,2
9014,종로,성북구,삼선동,NRH11,,2.5,0,119
9014,종로,성북구,삼선동,NRH11,,3.0,0,3
9014,종로,성북구,삼선동,NRH11,,4.0,0,3662
9014,종로,성북구,삼선동,NRH11,,6.0,0,517
9014,종로,성북구,삼선동,NRH11,,10.0,0,3
9014,종로,성북구,삼선동,NRH11,,16.0,0,1
9014,종로,성북구,삼선동,NRH11,,40.0,0,1
9014,종로,성북구,삼선동,NRH12,,2.5,0,611
9014,종로,성북구,삼선동,NRH12,,4.0,0,32
9014,종로,성북구,삼선동,NRH12,,6.0,0,4
9014,종로,성북구,삼선동,NRH12,,16.0,0,1
9014,종로,성북구,삼선동,NRH50,,100.0,0,1
9014,종로,성북구,삼선동,NWH41,,4.0,0,3
9014,종로,성북구,삼선동,NWH41,,6.0,0,1
9014,종로,성북구,삼선동,NWH41,,10.0,0,1
9014,종로,성북구,삼선동,NWH41,,16.0,0,1
9014,종로,성북구,삼선동,NWH41,,25.0,0,1
9014,종로,종로구,숭인제1동,NAH36,,40.0,0,1
9014,종로,종로구,숭인제1동,NCH20,,2.5,0,6
9014,종로,종로구,숭인제1동,NCH20,,3.0,0,1
9014,종로,종로구,숭인제1동,NCH20,,4.0,0,29
9014,종로,종로구,숭인제1동,NCH20,,6.0,0,38
9014,종로,종로구,숭인제1동,NCH20,,10.0,0,28
9014,종로,종로구,숭인제1동,NCH20,,16.0,0,7
9014,종로,종로구,숭인제1동,NCH20,,25.0,0,3
9014,종로,종로구,숭인제1동,NCH20,,40.0,0,2
9014,종로,종로구,숭인제1동,NCH34,,160.0,0,1
9014,종로,종로구,숭인제1동,NFH80,,4.0,0,1
9014,종로,종로구,숭인제1동,NOH30,,2.5,0,3
9014,종로,종로구,숭인제1동,NOH30,,3.0,0,1
9014,종로,종로구,숭인제1동,NOH30,,4.0,0,62
9014,종로,종로구,숭인제1동,NOH30,,6.0,0,9
9014,종로,종로구,숭인제1동,NOH30,,10.0,0,2
9014,종로,종로구,숭인제1동,NOH30,,16.0,0,1
9014,종로,종로구,숭인제1동,NRC10,,2.5,0,3
9014,종로,종로구,숭인제1동,NRC10,,3.0,0,2
9014,종로,종로구,숭인제1동,NRC10,,4.0,0,5
9014,종로,종로구,숭인제1동,NRH11,,2.5,0,78
9014,종로,종로구,숭인제1동,NRH11,,3.0,0,7
9014,종로,종로구,숭인제1동,NRH11,,4.0,0,2344
9014,종로,종로구,숭인제1동,NRH11,,6.0,0,187
9014,종로,종로구,숭인제1동,NRH11,,10.0,0,2
9014,종로,종로구,숭인제1동,NRH11,,25.0,0,1
9014,종로,종로구,숭인제1동,NRH12,,2.5,0,195
9014,종로,종로구,숭인제1동,NRH12,,4.0,0,33
9014,종로,종로구,숭인제1동,NRH12,,6.0,0,4
9014,종로,종로구,숭인제1동,NWH41,,4.0,0,2
9014,종로,종로구,숭인제1동,NWH41,,6.0,0,2
9014,종로,종로구,숭인제1동,NWH41,,10.0,0,2
9014,종로,종로구,숭인제2동,NAH36,,40.0,0,1
9014,종로,종로구,숭인제2동,NAH36,,100.0,0,2
9014,종로,종로구,숭인제2동,NAH36,,160.0,0,2
9014,종로,종로구,숭인제2동,NAH36,,400.0,0,1
9014,종로,종로구,숭인제2동,NCH20,,2.5,0,30
9014,종로,종로구,숭인제2동,NCH20,,3.0,0,1
9014,종로,종로구,숭인제2동,NCH20,,4.0,0,47
9014,종로,종로구,숭인제2동,NCH20,,6.0,0,82
9014,종로,종로구,숭인제2동,NCH20,,10.0,0,73
9014,종로,종로구,숭인제2동,NCH20,,16.0,0,46
9014,종로,종로구,숭인제2동,NCH20,,25.0,0,20
9014,종로,종로구,숭인제2동,NCH20,,40.0,0,13
9014,종로,종로구,숭인제2동,NCH20,,65.0,0,4
9014,종로,종로구,숭인제2동,NCH20,,100.0,0,3
9014,종로,종로구,숭인제2동,NCH20,,160.0,0,1
9014,종로,종로구,숭인제2동,NCH20,,250.0,0,4
9014,종로,종로구,숭인제2동,NCH34,,65.0,0,1
9014,종로,종로구,숭인제2동,NCH34,,100.0,0,1
9014,종로,종로구,숭인제2동,NFH80,,2.5,0,2
9014,종로,종로구,숭인제2동,NFH80,,6.0,0,2
9014,종로,종로구,숭인제2동,NFH80,,10.0,0,1
9014,종로,종로구,숭인제2동,NOH30,,2.5,0,2
9014,종로,종로구,숭인제2동,NOH30,,4.0,0,5
9014,종로,종로구,숭인제2동,NOH30,,6.0,0,5
9014,종로,종로구,숭인제2동,NOH30,,10.0,0,3
9014,종로,종로구,숭인제2동,NOH30,,25.0,0,2
9014,종로,종로구,숭인제2동,NOH30,,65.0,0,1
9014,종로,종로구,숭인제2동,NRC10,,2.5,0,11
9014,종로,종로구,숭인제2동,NRC10,,3.0,0,2
9014,종로,종로구,숭인제2동,NRC10,,4.0,0,9
9014,종로,종로구,숭인제2동,NRH11,,2.5,0,456
9014,종로,종로구,숭인제2동,NRH11,,3.0,0,5
9014,종로,종로구,숭인제2동,NRH11,,4.0,0,2744
9014,종로,종로구,숭인제2동,NRH11,,6.0,0,692
9014,종로,종로구,숭인제2동,NRH11,,10.0,0,1
9014,종로,종로구,숭인제2동,NRH11,,16.0,0,1
9014,종로,종로구,숭인제2동,NRH12,,2.5,0,3497
9014,종로,종로구,숭인제2동,NRH12,,3.0,0,8
9014,종로,종로구,숭인제2동,NRH12,,4.0,0,766
9014,종로,종로구,숭인제2동,NRH12,,6.0,0,2
9014,종로,종로구,숭인제2동,NRH12,,10.0,0,1
9014,종로,종로구,숭인제2동,NRH12,,40.0,0,1
9014,종로,종로구,숭인제2동,NRH50,,250.0,0,1
9014,종로,종로구,숭인제2동,NWH41,,4.0,0,1
9014,종로,종로구,숭인제2동,NWH41,,6.0,0,3
9014,종로,종로구,숭인제2동,NWH41,,10.0,0,1
9014,종로,종로구,숭인제2동,NWH41,,16.0,0,1
9014,종로,종로구,이화동,NAH36,,10.0,0,5
9014,종로,종로구,이화동,NAH36,,16.0,0,1
9014,종로,종로구,이화동,NAH36,,25.0,0,2
9014,종로,종로구,이화동,NAH36,,40.0,0,9
9014,종로,종로구,이화동,NAH36,,65.0,0,4
9014,종로,종로구,이화동,NAH36,,100.0,0,7
9014,종로,종로구,이화동,NAH36,,160.0,0,4
9014,종로,종로구,이화동,NAH36,,250.0,0,2
9014,종로,종로구,이화동,NAH36,,400.0,0,1
9014,종로,종로구,이화동,NCH20,,2.5,0,40
9014,종로,종로구,이화동,NCH20,,3.0,0,3
9014,종로,종로구,이화동,NCH20,,4.0,0,77
9014,종로,종로구,이화동,NCH20,,5.0,0,4
9014,종로,종로구,이화동,NCH20,,6.0,0,105
9014,종로,종로구,이화동,NCH20,,7.0,0,2
9014,종로,종로구,이화동,NCH20,,10.0,0,106
9014,종로,종로구,이화동,NCH20,,16.0,0,91
9014,종로,종로구,이화동,NCH20,,25.0,0,54
9014,종로,종로구,이화동,NCH20,,40.0,0,30
9014,종로,종로구,이화동,NCH20,,65.0,0,5
9014,종로,종로구,이화동,NCH20,,100.0,0,4
9014,종로,종로구,이화동,NCH20,,160.0,0,2
9014,종로,종로구,이화동,NCH20,,250.0,0,9
9014,종로,종로구,이화동,NCH20,,400.0,0,2
9014,종로,종로구,이화동,NCH20,,650.0,0,2
9014,종로,종로구,이화동,NCH20,,1600.0,0,1
9014,종로,종로구,이화동,NFH80,,4.0,0,1
9014,종로,종로구,이화동,NFH80,,16.0,0,2
9014,종로,종로구,이화동,NOG33,,1000.0,0,2
9014,종로,종로구,이화동,NOH30,,2.5,0,29
9014,종로,종로구,이화동,NOH30,,3.0,0,5
9014,종로,종로구,이화동,NOH30,,4.0,0,71
9014,종로,종로구,이화동,NOH30,,5.0,0,2
9014,종로,종로구,이화동,NOH30,,6.0,0,40
9014,종로,종로구,이화동,NOH30,,7.0,0,2
9014,종로,종로구,이화동,NOH30,,10.0,0,12
9014,종로,종로구,이화동,NOH30,,16.0,0,6
9014,종로,종로구,이화동,NOH30,,25.0,0,7
9014,종로,종로구,이화동,NOH30,,40.0,0,6
9014,종로,종로구,이화동,NOH30,,65.0,0,2
9014,종로,종로구,이화동,NOH30,,100.0,0,2
9014,종로,종로구,이화동,NOH30,,400.0,0,1
9014,종로,종로구,이화동,NOH30,,650.0,0,1
9014,종로,종로구,이화동,NOH32,,250.0,0,3
9014,종로,종로구,이화동,NOH32,,1600.0,0,3
9014,종로,종로구,이화동,NRC10,,3.0,0,5
9014,종로,종로구,이화동,NRC10,,4.0,0,12
9014,종로,종로구,이화동,NRC10,,6.0,0,1
9014,종로,종로구,이화동,NRH11,,2.5,0,316
9014,종로,종로구,이화동,NRH11,,3.0,0,17
9014,종로,종로구,이화동,NRH11,,4.0,0,3454
9014,종로,종로구,이화동,NRH11,,5.0,0,1
9014,종로,종로구,이화동,NRH11,,6.0,0,336
9014,종로,종로구,이화동,NRH11,,10.0,0,16
9014,종로,종로구,이화동,NRH11,,16.0,0,2
9014,종로,종로구,이화동,NRH11,,25.0,0,2
9014,종로,종로구,이화동,NRH11,,40.0,0,1
9014,종로,종로구,이화동,NRH12,,2.5,0,510
9014,종로,종로구,이화동,NRH12,,4.0,0,215
9014,종로,종로구,이화동,NRH12,,6.0,0,2
9014,종로,종로구,이화동,NRH12,,10.0,0,1
9014,종로,종로구,이화동,NRH12,,16.0,0,1
9014,종로,종로구,이화동,NRH12,,250.0,0,1
9014,종로,종로구,이화동,NWH41,,6.0,0,7
9014,종로,종로구,이화동,NWH41,,25.0,0,2
9014,종로,종로구,이화동,NWH41,,100.0,0,1
9014,종로,종로구,종로1.2.3.4가동,NAH36,,2.5,0,1
9014,종로,종로구,종로1.2.3.4가동,NAH36,,6.0,0,1
9014,종로,종로구,종로1.2.3.4가동,NAH36,,10.0,0,1
9014,종로,종로구,종로1.2.3.4가동,NAH36,,16.0,0,1
9014,종로,종로구,종로1.2.3.4가동,NAH36,,25.0,0,3
9014,종로,종로구,종로1.2.3.4가동,NAH36,,40.0,0,4
9014,종로,종로구,종로1.2.3.4가동,NAH36,,65.0,0,7
9014,종로,종로구,종로1.2.3.4가동,NAH36,,100.0,0,23
9014,종로,종로구,종로1.2.3.4가동,NAH36,,160.0,0,18
9014,종로,종로구,종로1.2.3.4가동,NAH36,,250.0,0,6
9014,종로,종로구,종로1.2.3.4가동,NAH36,,400.0,0,8
9014,종로,종로구,종로1.2.3.4가동,NAH36,,650.0,0,9
9014,종로,종로구,종로1.2.3.4가동,NCH20,,2.5,0,702
9014,종로,종로구,종로1.2.3.4가동,NCH20,,3.0,0,13
9014,종로,종로구,종로1.2.3.4가동,NCH20,,4.0,0,297
9014,종로,종로구,종로1.2.3.4가동,NCH20,,5.0,0,6
9014,종로,종로구,종로1.2.3.4가동,NCH20,,6.0,0,385
9014,종로,종로구,종로1.2.3.4가동,NCH20,,7.0,0,7
9014,종로,종로구,종로1.2.3.4가동,NCH20,,10.0,0,548
9014,종로,종로구,종로1.2.3.4가동,NCH20,,16.0,0,428
9014,종로,종로구,종로1.2.3.4가동,NCH20,,25.0,0,245
9014,종로,종로구,종로1.2.3.4가동,NCH20,,40.0,0,117
9014,종로,종로구,종로1.2.3.4가동,NCH20,,65.0,0,45
9014,종로,종로구,종로1.2.3.4가동,NCH20,,100.0,0,36
9014,종로,종로구,종로1.2.3.4가동,NCH20,,160.0,0,12
9014,종로,종로구,종로1.2.3.4가동,NCH20,,250.0,0,6
9014,종로,종로구,종로1.2.3.4가동,NCH20,,283.0,0,1
9014,종로,종로구,종로1.2.3.4가동,NCH20,,400.0,0,2
9014,종로,종로구,종로1.2.3.4가동,NCH20,,650.0,0,2
9014,종로,종로구,종로1.2.3.4가동,NCH20,,1600.0,0,1
9014,종로,종로구,종로1.2.3.4가동,NCH21,,40.0,0,1
9014,종로,종로구,종로1.2.3.4가동,NCH21,,65.0,0,3
9014,종로,종로구,종로1.2.3.4가동,NCH21,,100.0,0,1
9014,종로,종로구,종로1.2.3.4가동,NCH21,,160.0,0,5
9014,종로,종로구,종로1.2.3.4가동,NCH34,,25.0,0,2
9014,종로,종로구,종로1.2.3.4가동,NCH34,,40.0,0,1
9014,종로,종로구,종로1.2.3.4가동,NCH34,,100.0,0,2
9014,종로,종로구,종로1.2.3.4가동,NCH34,,160.0,0,2
9014,종로,종로구,종로1.2.3.4가동,NCH34,,400.0,0,1
9014,종로,종로구,종로1.2.3.4가동,NFH80,,4.0,0,2
9014,종로,종로구,종로1.2.3.4가동,NFH80,,6.0,0,2
9014,종로,종로구,종로1.2.3.4가동,NFH80,,25.0,0,2
9014,종로,종로구,종로1.2.3.4가동,NOG33,,400.0,0,1
9014,종로,종로구,종로1.2.3.4가동,NOH30,,2.5,0,54
9014,종로,종로구,종로1.2.3.4가동,NOH30,,3.0,0,13
9014,종로,종로구,종로1.2.3.4가동,NOH30,,4.0,0,143
9014,종로,종로구,종로1.2.3.4가동,NOH30,,6.0,0,45
9014,종로,종로구,종로1.2.3.4가동,NOH30,,7.0,0,1
9014,종로,종로구,종로1.2.3.4가동,NOH30,,10.0,0,16
9014,종로,종로구,종로1.2.3.4가동,NOH30,,16.0,0,14
9014,종로,종로구,종로1.2.3.4가동,NOH30,,25.0,0,13
9014,종로,종로구,종로1.2.3.4가동,NOH30,,40.0,0,11
9014,종로,종로구,종로1.2.3.4가동,NOH30,,65.0,0,9
9014,종로,종로구,종로1.2.3.4가동,NOH30,,100.0,0,7
9014,종로,종로구,종로1.2.3.4가동,NOH30,,160.0,0,11
9014,종로,종로구,종로1.2.3.4가동,NOH30,,250.0,0,8
9014,종로,종로구,종로1.2.3.4가동,NOH30,,400.0,0,16
9014,종로,종로구,종로1.2.3.4가동,NOH30,,650.0,0,7
9014,종로,종로구,종로1.2.3.4가동,NOH30,,1000.0,0,3
9014,종로,종로구,종로1.2.3.4가동,NOH30,,1600.0,0,2
9014,종로,종로구,종로1.2.3.4가동,NRC10,,2.5,0,1
9014,종로,종로구,종로1.2.3.4가동,NRC10,,3.0,0,1
9014,종로,종로구,종로1.2.3.4가동,NRC10,,4.0,0,18
9014,종로,종로구,종로1.2.3.4가동,NRC10,,6.0,0,1
9014,종로,종로구,종로1.2.3.4가동,NRH11,,2.5,0,137
9014,종로,종로구,종로1.2.3.4가동,NRH11,,4.0,0,1124
9014,종로,종로구,종로1.2.3.4가동,NRH11,,5.0,0,1
9014,종로,종로구,종로1.2.3.4가동,NRH11,,6.0,0,514
9014,종로,종로구,종로1.2.3.4가동,NRH11,,10.0,0,11
9014,종로,종로구,종로1.2.3.4가동,NRH11,,16.0,0,5
9014,종로,종로구,종로1.2.3.4가동,NRH11,,25.0,0,3
9014,종로,종로구,종로1.2.3.4가동,NRH12,,2.5,0,1191
9014,종로,종로구,종로1.2.3.4가동,NRH12,,3.0,0,31
9014,종로,종로구,종로1.2.3.4가동,NRH12,,4.0,0,1204
9014,종로,종로구,종로1.2.3.4가동,NRH12,,6.0,0,23
9014,종로,종로구,종로1.2.3.4가동,NRH12,,10.0,0,7
9014,종로,종로구,종로1.2.3.4가동,NRH12,,16.0,0,1
9014,종로,종로구,종로1.2.3.4가동,NRH12,,25.0,0,1
9014,종로,종로구,종로1.2.3.4가동,NRH12,,40.0,0,1
9014,종로,종로구,종로1.2.3.4가동,NRH12,,65.0,0,1
9014,종로,종로구,종로1.2.3.4가동,NRH50,,65.0,0,1
9014,종로,종로구,종로1.2.3.4가동,NWH41,,4.0,0,3
9014,종로,종로구,종로1.2.3.4가동,NWH41,,6.0,0,1
9014,종로,종로구,종로1.2.3.4가동,NWH41,,10.0,0,3
9014,종로,종로구,종로1.2.3.4가동,NWH41,,40.0,0,2
9014,종로,종로구,종로1.2.3.4가동,NWH41,,65.0,0,1
9014,종로,종로구,종로1.2.3.4가동,NWH41,,100.0,0,1
9014,종로,종로구,종로1.2.3.4가동,NWH42,,100.0,0,1
9014,종로,종로구,종로5.6가동,NAH36,,40.0,0,4
9014,종로,종로구,종로5.6가동,NAH36,,65.0,0,2
9014,종로,종로구,종로5.6가동,NAH36,,100.0,0,1
9014,종로,종로구,종로5.6가동,NAH36,,160.0,0,1
9014,종로,종로구,종로5.6가동,NAH36,,400.0,0,2
9014,종로,종로구,종로5.6가동,NAH36,,650.0,0,1
9014,종로,종로구,종로5.6가동,NCH20,,2.5,0,46
9014,종로,종로구,종로5.6가동,NCH20,,3.0,0,3
9014,종로,종로구,종로5.6가동,NCH20,,4.0,0,205
9014,종로,종로구,종로5.6가동,NCH20,,6.0,0,127
9014,종로,종로구,종로5.6가동,NCH20,,7.0,0,1
9014,종로,종로구,종로5.6가동,NCH20,,10.0,0,162
9014,종로,종로구,종로5.6가동,NCH20,,16.0,0,85
9014,종로,종로구,종로5.6가동,NCH20,,25.0,0,40
9014,종로,종로구,종로5.6가동,NCH20,,40.0,0,20
9014,종로,종로구,종로5.6가동,NCH20,,65.0,0,6
9014,종로,종로구,종로5.6가동,NCH20,,100.0,0,3
9014,종로,종로구,종로5.6가동,NCH20,,160.0,0,7
9014,종로,종로구,종로5.6가동,NCH20,,400.0,0,1
9014,종로,종로구,종로5.6가동,NCH34,,40.0,0,1
9014,종로,종로구,종로5.6가동,NCH34,,250.0,0,1
9014,종로,종로구,종로5.6가동,NFH80,,2.5,0,1
9014,종로,종로구,종로5.6가동,NFH80,,4.0,0,1
9014,종로,종로구,종로5.6가동,NIH40,,10.0,0,1
9014,종로,종로구,종로5.6가동,NIH40,,16.0,0,13
9014,종로,종로구,종로5.6가동,NIH40,,25.0,0,7
9014,종로,종로구,종로5.6가동,NIH40,,40.0,0,3
9014,종로,종로구,종로5.6가동,NOH30,,2.5,0,26
9014,종로,종로구,종로5.6가동,NOH30,,3.0,0,9
9014,종로,종로구,종로5.6가동,NOH30,,4.0,0,60
9014,종로,종로구,종로5.6가동,NOH30,,5.0,0,1
9014,종로,종로구,종로5.6가동,NOH30,,6.0,0,39
9014,종로,종로구,종로5.6가동,NOH30,,10.0,0,6
9014,종로,종로구,종로5.6가동,NOH30,,16.0,0,2
9014,종로,종로구,종로5.6가동,NOH30,,25.0,0,3
9014,종로,종로구,종로5.6가동,NOH30,,40.0,0,1
9014,종로,종로구,종로5.6가동,NOH30,,65.0,0,1
9014,종로,종로구,종로5.6가동,NOH30,,100.0,0,1
9014,종로,종로구,종로5.6가동,NOH30,,250.0,0,1
9014,종로,종로구,종로5.6가동,NOH30,,400.0,0,2
9014,종로,종로구,종로5.6가동,NOH30,,650.0,0,2
9014,종로,종로구,종로5.6가동,NOH30,,1000.0,0,1
9014,종로,종로구,종로5.6가동,NRC10,,3.0,0,6
9014,종로,종로구,종로5.6가동,NRC10,,4.0,0,22
9014,종로,종로구,종로5.6가동,NRC10,,5.0,0,1
9014,종로,종로구,종로5.6가동,NRC10,,6.0,0,2
9014,종로,종로구,종로5.6가동,NRH11,,2.5,0,306
9014,종로,종로구,종로5.6가동,NRH11,,3.0,0,15
9014,종로,종로구,종로5.6가동,NRH11,,4.0,0,2004
9014,종로,종로구,종로5.6가동,NRH11,,5.0,0,1
9014,종로,종로구,종로5.6가동,NRH11,,6.0,0,247
9014,종로,종로구,종로5.6가동,NRH11,,10.0,0,5
9014,종로,종로구,종로5.6가동,NRH12,,2.5,0,1773
9014,종로,종로구,종로5.6가동,NRH12,,4.0,0,210
9014,종로,종로구,종로5.6가동,NRH12,,6.0,0,6
9014,종로,종로구,종로5.6가동,NRH12,,10.0,0,2
9014,종로,종로구,종로5.6가동,NWH41,,4.0,0,2
9014,종로,종로구,종로5.6가동,NWH41,,6.0,0,1
9014,종로,종로구,종로5.6가동,NWH41,,10.0,0,2
9014,종로,종로구,종로5.6가동,NWH41,,40.0,0,1
9014,종로,종로구,창신제1동,NAH36,,6.0,0,1
9014,종로,종로구,창신제1동,NAH36,,10.0,0,1
9014,종로,종로구,창신제1동,NAH36,,40.0,0,1
9014,종로,종로구,창신제1동,NAH36,,65.0,0,3
9014,종로,종로구,창신제1동,NAH36,,100.0,0,2
9014,종로,종로구,창신제1동,NAH36,,400.0,0,2
9014,종로,종로구,창신제1동,NAH36,,650.0,0,1
9014,종로,종로구,창신제1동,NCH20,,2.5,0,14
9014,종로,종로구,창신제1동,NCH20,,3.0,0,1
9014,종로,종로구,창신제1동,NCH20,,4.0,0,44
9014,종로,종로구,창신제1동,NCH20,,5.0,0,3
9014,종로,종로구,창신제1동,NCH20,,6.0,0,83
9014,종로,종로구,창신제1동,NCH20,,10.0,0,60
9014,종로,종로구,창신제1동,NCH20,,16.0,0,37
9014,종로,종로구,창신제1동,NCH20,,25.0,0,23
9014,종로,종로구,창신제1동,NCH20,,40.0,0,3
9014,종로,종로구,창신제1동,NCH20,,65.0,0,2
9014,종로,종로구,창신제1동,NCH20,,100.0,0,3
9014,종로,종로구,창신제1동,NCH20,,160.0,0,2
9014,종로,종로구,창신제1동,NCH20,,250.0,0,2
9014,종로,종로구,창신제1동,NCH20,,400.0,0,1
9014,종로,종로구,창신제1동,NCH34,,400.0,0,1
9014,종로,종로구,창신제1동,NFH80,,2.5,0,1
9014,종로,종로구,창신제1동,NIH40,,10.0,0,1
9014,종로,종로구,창신제1동,NIH40,,16.0,0,1
9014,종로,종로구,창신제1동,NOH30,,2.5,0,5
9014,종로,종로구,창신제1동,NOH30,,4.0,0,19
9014,종로,종로구,창신제1동,NOH30,,5.0,0,1
9014,종로,종로구,창신제1동,NOH30,,6.0,0,2
9014,종로,종로구,창신제1동,NOH30,,16.0,0,1
9014,종로,종로구,창신제1동,NOH30,,25.0,0,3
9014,종로,종로구,창신제1동,NOH30,,40.0,0,2
9014,종로,종로구,창신제1동,NOH30,,400.0,0,1
9014,종로,종로구,창신제1동,NRC10,,3.0,0,3
9014,종로,종로구,창신제1동,NRC10,,4.0,0,14
9014,종로,종로구,창신제1동,NRC10,,6.0,0,1
9014,종로,종로구,창신제1동,NRC10,,10.0,0,1
9014,종로,종로구,창신제1동,NRH11,,2.0,0,1
9014,종로,종로구,창신제1동,NRH11,,2.5,0,144
9014,종로,종로구,창신제1동,NRH11,,3.0,0,6
9014,종로,종로구,창신제1동,NRH11,,4.0,0,2343
9014,종로,종로구,창신제1동,NRH11,,6.0,0,78
9014,종로,종로구,창신제1동,NRH11,,10.0,0,6
9014,종로,종로구,창신제1동,NRH12,,2.5,0,397
9014,종로,종로구,창신제1동,NRH12,,4.0,0,26
9014,종로,종로구,창신제1동,NRH12,,6.0,0,3
9014,종로,종로구,창신제1동,NWH41,,4.0,0,1
9014,종로,종로구,창신제1동,NWH41,,6.0,0,1
9014,종로,종로구,창신제1동,NWH41,,10.0,0,1
9014,종로,종로구,창신제2동,NAH36,,10.0,0,2
9014,종로,종로구,창신제2동,NAH36,,40.0,0,1
9014,종로,종로구,창신제2동,NCH20,,2.5,0,21
9014,종로,종로구,창신제2동,NCH20,,3.0,0,5
9014,종로,종로구,창신제2동,NCH20,,4.0,0,56
9014,종로,종로구,창신제2동,NCH20,,5.0,0,4
9014,종로,종로구,창신제2동,NCH20,,6.0,0,73
9014,종로,종로구,창신제2동,NCH20,,7.0,0,2
9014,종로,종로구,창신제2동,NCH20,,10.0,0,61
9014,종로,종로구,창신제2동,NCH20,,16.0,0,13
9014,종로,종로구,창신제2동,NCH20,,25.0,0,6
9014,종로,종로구,창신제2동,NCH20,,40.0,0,1
9014,종로,종로구,창신제2동,NCH34,,65.0,0,1
9014,종로,종로구,창신제2동,NFH80,,2.5,0,1
9014,종로,종로구,창신제2동,NOH30,,2.5,0,5
9014,종로,종로구,창신제2동,NOH30,,3.0,0,5
9014,종로,종로구,창신제2동,NOH30,,4.0,0,19
9014,종로,종로구,창신제2동,NOH30,,6.0,0,7
9014,종로,종로구,창신제2동,NOH30,,10.0,0,1
9014,종로,종로구,창신제2동,NOH30,,16.0,0,1
9014,종로,종로구,창신제2동,NOH30,,25.0,0,1
9014,종로,종로구,창신제2동,NOH30,,40.0,0,3
9014,종로,종로구,창신제2동,NRC10,,2.5,0,2
9014,종로,종로구,창신제2동,NRC10,,3.0,0,7
9014,종로,종로구,창신제2동,NRC10,,4.0,0,28
9014,종로,종로구,창신제2동,NRH11,,2.5,0,233
9014,종로,종로구,창신제2동,NRH11,,3.0,0,9
9014,종로,종로구,창신제2동,NRH11,,4.0,0,4304
9014,종로,종로구,창신제2동,NRH11,,6.0,0,226
9014,종로,종로구,창신제2동,NRH11,,10.0,0,4
9014,종로,종로구,창신제2동,NRH12,,2.5,0,92
9014,종로,종로구,창신제2동,NRH12,,4.0,0,13
9014,종로,종로구,창신제2동,NWH41,,4.0,0,4
9014,종로,종로구,창신제2동,NWH41,,6.0,0,2
9014,종로,종로구,창신제2동,NWH41,,10.0,0,1
9014,종로,종로구,창신제2동,NWH41,,16.0,0,1
9014,종로,종로구,창신제3동,NCH20,,2.5,0,8
9014,종로,종로구,창신제3동,NCH20,,4.0,0,20
9014,종로,종로구,창신제3동,NCH20,,6.0,0,15
9014,종로,종로구,창신제3동,NCH20,,10.0,0,18
9014,종로,종로구,창신제3동,NCH20,,16.0,0,5
9014,종로,종로구,창신제3동,NCH20,,25.0,0,2
9014,종로,종로구,창신제3동,NCH20,,40.0,0,3
9014,종로,종로구,창신제3동,NCH20,,65.0,0,1
9014,종로,종로구,창신제3동,NCH20,,100.0,0,1
9014,종로,종로구,창신제3동,NCH20,,250.0,0,1
9014,종로,종로구,창신제3동,NOH30,,2.5,0,1
9014,종로,종로구,창신제3동,NOH30,,3.0,0,2
9014,종로,종로구,창신제3동,NOH30,,4.0,0,7
9014,종로,종로구,창신제3동,NOH30,,6.0,0,2
9014,종로,종로구,창신제3동,NOH30,,25.0,0,1
9014,종로,종로구,창신제3동,NOH30,,40.0,0,1
9014,종로,종로구,창신제3동,NRC10,,4.0,0,7
9014,종로,종로구,창신제3동,NRH11,,2.5,0,48
9014,종로,종로구,창신제3동,NRH11,,3.0,0,7
9014,종로,종로구,창신제3동,NRH11,,4.0,0,2499
9014,종로,종로구,창신제3동,NRH11,,5.0,0,1
9014,종로,종로구,창신제3동,NRH11,,6.0,0,361
9014,종로,종로구,창신제3동,NRH11,,10.0,0,2
9014,종로,종로구,창신제3동,NRH12,,2.5,0,24
9014,종로,종로구,창신제3동,NRH12,,4.0,0,6
9014,종로,종로구,창신제3동,NWH41,,4.0,0,2
9014,종로,종로구,창신제3동,NWH41,,6.0,0,4
9014,종로,종로구,창신제3동,NWH41,,10.0,0,3
9014,종로,종로구,창신제3동,NWH41,,16.0,0,1
9014,종로,종로구,창신제3동,NWH41,,25.0,0,1
9014,종로,종로구,혜화동,NAH36,,10.0,0,2
9014,종로,종로구,혜화동,NAH36,,25.0,0,2
9014,종로,종로구,혜화동,NAH36,,40.0,0,3
9014,종로,종로구,혜화동,NAH36,,65.0,0,1
9014,종로,종로구,혜화동,NAH36,,100.0,0,3
9014,종로,종로구,혜화동,NAH36,,160.0,0,4
9014,종로,종로구,혜화동,NAH36,,250.0,0,2
9014,종로,종로구,혜화동,NAH36,,400.0,0,3
9014,종로,종로구,혜화동,NCH20,,2.5,0,31
9014,종로,종로구,혜화동,NCH20,,3.0,0,6
9014,종로,종로구,혜화동,NCH20,,4.0,0,178
9014,종로,종로구,혜화동,NCH20,,5.0,0,3
9014,종로,종로구,혜화동,NCH20,,6.0,0,230
9014,종로,종로구,혜화동,NCH20,,7.0,0,3
9014,종로,종로구,혜화동,NCH20,,10.0,0,253
9014,종로,종로구,혜화동,NCH20,,16.0,0,128
9014,종로,종로구,혜화동,NCH20,,25.0,0,38
9014,종로,종로구,혜화동,NCH20,,40.0,0,16
9014,종로,종로구,혜화동,NCH20,,65.0,0,11
9014,종로,종로구,혜화동,NCH20,,100.0,0,10
9014,종로,종로구,혜화동,NCH20,,120.0,0,1
9014,종로,종로구,혜화동,NCH20,,160.0,0,2
9014,종로,종로구,혜화동,NCH20,,250.0,0,2
9014,종로,종로구,혜화동,NCH20,,400.0,0,1
9014,종로,종로구,혜화동,NCH34,,100.0,0,1
9014,종로,종로구,혜화동,NOH30,,2.5,0,18
9014,종로,종로구,혜화동,NOH30,,3.0,0,2
9014,종로,종로구,혜화동,NOH30,,4.0,0,58
9014,종로,종로구,혜화동,NOH30,,5.0,0,2
9014,종로,종로구,혜화동,NOH30,,6.0,0,35
9014,종로,종로구,혜화동,NOH30,,10.0,0,12
9014,종로,종로구,혜화동,NOH30,,16.0,0,6
9014,종로,종로구,혜화동,NOH30,,25.0,0,4
9014,종로,종로구,혜화동,NOH30,,40.0,0,12
9014,종로,종로구,혜화동,NOH30,,65.0,0,2
9014,종로,종로구,혜화동,NOH30,,100.0,0,3
9014,종로,종로구,혜화동,NOH30,,160.0,0,2
9014,종로,종로구,혜화동,NOH30,,400.0,0,1
9014,종로,종로구,혜화동,NRC10,,2.5,0,2
9014,종로,종로구,혜화동,NRC10,,3.0,0,1
9014,종로,종로구,혜화동,NRC10,,4.0,0,15
9014,종로,종로구,혜화동,NRH11,,2.5,0,1509
9014,종로,종로구,혜화동,NRH11,,3.0,0,20
9014,종로,종로구,혜화동,NRH11,,4.0,0,7630
9014,종로,종로구,혜화동,NRH11,,5.0,0,3
9014,종로,종로구,혜화동,NRH11,,6.0,0,840
9014,종로,종로구,혜화동,NRH11,,10.0,0,53
9014,종로,종로구,혜화동,NRH11,,16.0,0,16
9014,종로,종로구,혜화동,NRH11,,25.0,0,6
9014,종로,종로구,혜화동,NRH12,,2.5,0,1644
9014,종로,종로구,혜화동,NRH12,,4.0,0,65
9014,종로,종로구,혜화동,NRH12,,6.0,0,6
9014,종로,종로구,혜화동,NRH12,,10.0,0,5
9014,종로,종로구,혜화동,NRH12,,25.0,0,1
9014,종로,종로구,혜화동,NRH12,,100.0,0,1
9014,종로,종로구,혜화동,NRH12,,400.0,0,1
9014,종로,종로구,혜화동,NWH41,,4.0,0,2
9014,종로,종로구,혜화동,NWH41,,6.0,0,4
9014,종로,종로구,혜화동,NWH41,,10.0,0,1
9014,종로,종로구,혜화동,NWH41,,16.0,0,1
9014,종로,종로구,혜화동,NWH41,,25.0,0,1
9014,종로,종로구,혜화동,NWH41,,40.0,0,1
9016,용산,용산구,남영동,NAH36,,6.0,0,4
9016,용산,용산구,남영동,NAH36,,10.0,0,1
9016,용산,용산구,남영동,NAH36,,25.0,0,1
9016,용산,용산구,남영동,NAH36,,40.0,0,1
9016,용산,용산구,남영동,NAH36,,65.0,0,4
9016,용산,용산구,남영동,NAH36,,100.0,0,2
9016,용산,용산구,남영동,NAH36,,250.0,0,3
9016,용산,용산구,남영동,NAH36,,400.0,0,1
9016,용산,용산구,남영동,NAH36,,650.0,0,1
9016,용산,용산구,남영동,NCH20,,2.5,0,25
9016,용산,용산구,남영동,NCH20,,3.0,0,3
9016,용산,용산구,남영동,NCH20,,4.0,0,154
9016,용산,용산구,남영동,NCH20,,5.0,0,1
9016,용산,용산구,남영동,NCH20,,6.0,0,117
9016,용산,용산구,남영동,NCH20,,7.0,0,1
9016,용산,용산구,남영동,NCH20,,10.0,0,119
9016,용산,용산구,남영동,NCH20,,16.0,0,95
9016,용산,용산구,남영동,NCH20,,25.0,0,42
9016,용산,용산구,남영동,NCH20,,40.0,0,15
9016,용산,용산구,남영동,NCH20,,65.0,0,1
9016,용산,용산구,남영동,NCH20,,100.0,0,2
9016,용산,용산구,남영동,NCH20,,160.0,0,4
9016,용산,용산구,남영동,NCH20,,400.0,0,2
9016,용산,용산구,남영동,NCH34,,100.0,0,1
9016,용산,용산구,남영동,NOH30,,2.5,0,9
9016,용산,용산구,남영동,NOH30,,3.0,0,2
9016,용산,용산구,남영동,NOH30,,4.0,0,19
9016,용산,용산구,남영동,NOH30,,5.0,0,1
9016,용산,용산구,남영동,NOH30,,6.0,0,9
9016,용산,용산구,남영동,NOH30,,10.0,0,5
9016,용산,용산구,남영동,NOH30,,16.0,0,4
9016,용산,용산구,남영동,NOH30,,25.0,0,4
9016,용산,용산구,남영동,NOH30,,40.0,0,1
9016,용산,용산구,남영동,NOH30,,65.0,0,4
9016,용산,용산구,남영동,NOH30,,160.0,0,2
9016,용산,용산구,남영동,NOH30,,400.0,0,2
9016,용산,용산구,남영동,NOH30,,1000.0,0,1
9016,용산,용산구,남영동,NRC10,,2.5,0,358
9016,용산,용산구,남영동,NRC10,,3.0,0,2
9016,용산,용산구,남영동,NRC10,,4.0,0,8
9016,용산,용산구,남영동,NRC10,,6.0,0,1
9016,용산,용산구,남영동,NRH11,,2.5,0,375
9016,용산,용산구,남영동,NRH11,,3.0,0,4
9016,용산,용산구,남영동,NRH11,,4.0,0,2348
9016,용산,용산구,남영동,NRH11,,6.0,0,233
9016,용산,용산구,남영동,NRH11,,10.0,0,13
9016,용산,용산구,남영동,NRH11,,16.0,0,3
9016,용산,용산구,남영동,NRH12,,2.5,0,72
9016,용산,용산구,남영동,NRH12,,4.0,0,355
9016,용산,용산구,남영동,NRH12,,6.0,0,3
9016,용산,용산구,남영동,NRH12,,10.0,0,1
9016,용산,용산구,남영동,NRH12,,25.0,0,1
9016,용산,용산구,남영동,NRH50,,650.0,0,1
9016,용산,용산구,남영동,NRH50,,1000.0,0,2
9016,용산,용산구,남영동,NWH41,,4.0,0,2
9016,용산,용산구,남영동,NWH41,,6.0,0,8
9016,용산,용산구,남영동,NWH41,,10.0,0,2
9016,용산,용산구,남영동,NWH41,,16.0,0,2
9016,용산,용산구,남영동,NWH41,,25.0,0,5
9016,용산,용산구,남영동,NWH41,,40.0,0,1
9016,용산,용산구,남영동,NWH42,,100.0,0,1
9016,용산,용산구,보광동,NCH20,,2.5,0,7
9016,용산,용산구,보광동,NCH20,,3.0,0,1
9016,용산,용산구,보광동,NCH20,,4.0,0,49
9016,용산,용산구,보광동,NCH20,,5.0,0,2
9016,용산,용산구,보광동,NCH20,,6.0,0,58
9016,용산,용산구,보광동,NCH20,,10.0,0,32
9016,용산,용산구,보광동,NCH20,,16.0,0,9
9016,용산,용산구,보광동,NCH20,,25.0,0,4
9016,용산,용산구,보광동,NCH20,,40.0,0,2
9016,용산,용산구,보광동,NCH20,,65.0,0,1
9016,용산,용산구,보광동,NCH20,,100.0,0,1
9016,용산,용산구,보광동,NCH34,,25.0,0,1
9016,용산,용산구,보광동,NCH34,,40.0,0,1
9016,용산,용산구,보광동,NCH34,,65.0,0,1
9016,용산,용산구,보광동,NCH34,,100.0,0,1
9016,용산,용산구,보광동,NOH30,,2.5,0,1
9016,용산,용산구,보광동,NOH30,,4.0,0,8
9016,용산,용산구,보광동,NOH30,,5.0,0,1
9016,용산,용산구,보광동,NOH30,,6.0,0,5
9016,용산,용산구,보광동,NOH30,,10.0,0,1
9016,용산,용산구,보광동,NOH30,,16.0,0,2
9016,용산,용산구,보광동,NOH30,,25.0,0,1
9016,용산,용산구,보광동,NOH30,,40.0,0,2
9016,용산,용산구,보광동,NRC10,,2.5,0,2
9016,용산,용산구,보광동,NRC10,,3.0,0,5
9016,용산,용산구,보광동,NRC10,,4.0,0,1
9016,용산,용산구,보광동,NRH11,,2.5,0,28
9016,용산,용산구,보광동,NRH11,,3.0,0,27
9016,용산,용산구,보광동,NRH11,,4.0,0,2953
9016,용산,용산구,보광동,NRH11,,5.0,0,1
9016,용산,용산구,보광동,NRH11,,6.0,0,373
9016,용산,용산구,보광동,NRH11,,10.0,0,5
9016,용산,용산구,보광동,NRH12,,2.5,0,15
9016,용산,용산구,보광동,NRH12,,4.0,0,1
9016,용산,용산구,보광동,NWH41,,4.0,0,5
9016,용산,용산구,보광동,NWH41,,6.0,0,3
9016,용산,용산구,서빙고동,NAH36,,25.0,0,2
9016,용산,용산구,서빙고동,NAH36,,65.0,0,1
9016,용산,용산구,서빙고동,NCH20,,2.0,0,1
9016,용산,용산구,서빙고동,NCH20,,2.5,0,1
9016,용산,용산구,서빙고동,NCH20,,3.0,0,2
9016,용산,용산구,서빙고동,NCH20,,4.0,0,35
9016,용산,용산구,서빙고동,NCH20,,5.0,0,1
9016,용산,용산구,서빙고동,NCH20,,6.0,0,27
9016,용산,용산구,서빙고동,NCH20,,7.0,0,2
9016,용산,용산구,서빙고동,NCH20,,10.0,0,16
9016,용산,용산구,서빙고동,NCH20,,16.0,0,10
9016,용산,용산구,서빙고동,NCH20,,25.0,0,5
9016,용산,용산구,서빙고동,NCH20,,40.0,0,3
9016,용산,용산구,서빙고동,NOH30,,2.5,0,5
9016,용산,용산구,서빙고동,NOH30,,3.0,0,1
9016,용산,용산구,서빙고동,NOH30,,4.0,0,16
9016,용산,용산구,서빙고동,NOH30,,5.0,0,2
9016,용산,용산구,서빙고동,NOH30,,6.0,0,11
9016,용산,용산구,서빙고동,NOH30,,10.0,0,4
9016,용산,용산구,서빙고동,NOH30,,16.0,0,6
9016,용산,용산구,서빙고동,NOH30,,25.0,0,3
9016,용산,용산구,서빙고동,NOH30,,40.0,0,2
9016,용산,용산구,서빙고동,NOH30,,160.0,0,1
9016,용산,용산구,서빙고동,NRC10,,2.5,0,1
9016,용산,용산구,서빙고동,NRC10,,3.0,0,2
9016,용산,용산구,서빙고동,NRC10,,4.0,0,2
9016,용산,용산구,서빙고동,NRC10,,25.0,0,1
9016,용산,용산구,서빙고동,NRH11,,2.5,0,26
9016,용산,용산구,서빙고동,NRH11,,3.0,0,25
9016,용산,용산구,서빙고동,NRH11,,4.0,0,2674
9016,용산,용산구,서빙고동,NRH11,,6.0,0,501
9016,용산,용산구,서빙고동,NRH11,,10.0,0,31
9016,용산,용산구,서빙고동,NRH11,,16.0,0,6
9016,용산,용산구,서빙고동,NRH11,,25.0,0,5
9016,용산,용산구,서빙고동,NRH11,,40.0,0,1
9016,용산,용산구,서빙고동,NRH12,,2.5,0,28
9016,용산,용산구,서빙고동,NRH12,,4.0,0,13
9016,용산,용산구,서빙고동,NRH12,,6.0,0,1
9016,용산,용산구,서빙고동,NRH12,,40.0,0,1
9016,용산,용산구,서빙고동,NUH74,,6.0,0,1
9016,용산,용산구,서빙고동,NUH74,,10.0,0,4
9016,용산,용산구,서빙고동,NUH74,,25.0,0,1
9016,용산,용산구,서빙고동,NUH74,,40.0,0,5
9016,용산,용산구,서빙고동,NWH41,,4.0,0,2
9016,용산,용산구,서빙고동,NWH41,,6.0,0,2
9016,용산,용산구,서빙고동,NWH41,,16.0,0,1
9016,용산,용산구,용산2가동,NAH36,,40.0,0,2
9016,용산,용산구,용산2가동,NAH36,,65.0,0,1
9016,용산,용산구,용산2가동,NAH36,,160.0,0,1
9016,용산,용산구,용산2가동,NCH20,,2.5,0,31
9016,용산,용산구,용산2가동,NCH20,,3.0,0,2
9016,용산,용산구,용산2가동,NCH20,,4.0,0,121
9016,용산,용산구,용산2가동,NCH20,,6.0,0,86
9016,용산,용산구,용산2가동,NCH20,,10.0,0,55
9016,용산,용산구,용산2가동,NCH20,,16.0,0,18
9016,용산,용산구,용산2가동,NCH20,,25.0,0,5
9016,용산,용산구,용산2가동,NCH20,,40.0,0,2
9016,용산,용산구,용산2가동,NCH20,,65.0,0,3
9016,용산,용산구,용산2가동,NCH20,,100.0,0,3
9016,용산,용산구,용산2가동,NCH20,,160.0,0,1
9016,용산,용산구,용산2가동,NCH20,,250.0,0,1
9016,용산,용산구,용산2가동,NCH34,,65.0,0,1
9016,용산,용산구,용산2가동,NOH30,,2.5,0,1
9016,용산,용산구,용산2가동,NOH30,,3.0,0,1
9016,용산,용산구,용산2가동,NOH30,,4.0,0,15
9016,용산,용산구,용산2가동,NOH30,,6.0,0,6
9016,용산,용산구,용산2가동,NOH30,,10.0,0,1
9016,용산,용산구,용산2가동,NOH30,,16.0,0,3
9016,용산,용산구,용산2가동,NOH30,,25.0,0,2
9016,용산,용산구,용산2가동,NOH30,,65.0,0,1
9016,용산,용산구,용산2가동,NOH30,,100.0,0,1
9016,용산,용산구,용산2가동,NOH30,,160.0,0,1
9016,용산,용산구,용산2가동,NOH30,,650.0,0,1
9016,용산,용산구,용산2가동,NRC10,,3.0,0,3
9016,용산,용산구,용산2가동,NRC10,,4.0,0,16
9016,용산,용산구,용산2가동,NRC10,,10.0,0,1
9016,용산,용산구,용산2가동,NRH11,,2.0,0,1
9016,용산,용산구,용산2가동,NRH11,,2.5,0,348
9016,용산,용산구,용산2가동,NRH11,,3.0,0,14
9016,용산,용산구,용산2가동,NRH11,,4.0,0,5283
9016,용산,용산구,용산2가동,NRH11,,6.0,0,204
9016,용산,용산구,용산2가동,NRH11,,10.0,0,11
9016,용산,용산구,용산2가동,NRH11,,16.0,0,1
9016,용산,용산구,용산2가동,NRH12,,2.5,0,150
9016,용산,용산구,용산2가동,NRH12,,4.0,0,11
9016,용산,용산구,용산2가동,NRH12,,6.0,0,2
9016,용산,용산구,용산2가동,NUH72,,100.0,0,1
9016,용산,용산구,용산2가동,NUH74,,250.0,0,5
9016,용산,용산구,용산2가동,NUH74,,1000.0,0,1
9016,용산,용산구,용산2가동,NWH41,,4.0,0,36
9016,용산,용산구,용산2가동,NWH41,,6.0,0,2
9016,용산,용산구,용산2가동,NWH41,,10.0,0,2
9016,용산,용산구,용산2가동,NWH41,,16.0,0,1
9016,용산,용산구,이태원제1동,NAH36,,10.0,0,10
9016,용산,용산구,이태원제1동,NAH36,,25.0,0,1
9016,용산,용산구,이태원제1동,NAH36,,100.0,0,1
9016,용산,용산구,이태원제1동,NAH36,,160.0,0,2
9016,용산,용산구,이태원제1동,NAH36,,400.0,0,1
9016,용산,용산구,이태원제1동,NCH20,,2.5,0,39
9016,용산,용산구,이태원제1동,NCH20,,3.0,0,3
9016,용산,용산구,이태원제1동,NCH20,,4.0,0,165
9016,용산,용산구,이태원제1동,NCH20,,5.0,0,5
9016,용산,용산구,이태원제1동,NCH20,,6.0,0,178
9016,용산,용산구,이태원제1동,NCH20,,10.0,0,216
9016,용산,용산구,이태원제1동,NCH20,,16.0,0,82
9016,용산,용산구,이태원제1동,NCH20,,25.0,0,45
9016,용산,용산구,이태원제1동,NCH20,,40.0,0,15
9016,용산,용산구,이태원제1동,NCH20,,65.0,0,3
9016,용산,용산구,이태원제1동,NCH20,,100.0,0,2
9016,용산,용산구,이태원제1동,NCH20,,250.0,0,2
9016,용산,용산구,이태원제1동,NCH20,,650.0,0,1
9016,용산,용산구,이태원제1동,NCH21,,650.0,0,1
9016,용산,용산구,이태원제1동,NCH34,,250.0,0,1
9016,용산,용산구,이태원제1동,NFH80,,4.0,0,1
9016,용산,용산구,이태원제1동,NGH37,,160.0,0,1
9016,용산,용산구,이태원제1동,NGH37,,250.0,0,1
9016,용산,용산구,이태원제1동,NHO46,,1600.0,0,1
9016,용산,용산구,이태원제1동,NOG33,,650.0,0,1
9016,용산,용산구,이태원제1동,NOH30,,2.5,0,4
9016,용산,용산구,이태원제1동,NOH30,,3.0,0,3
9016,용산,용산구,이태원제1동,NOH30,,4.0,0,17
9016,용산,용산구,이태원제1동,NOH30,,6.0,0,14
9016,용산,용산구,이태원제1동,NOH30,,10.0,0,3
9016,용산,용산구,이태원제1동,NOH30,,16.0,0,3
9016,용산,용산구,이태원제1동,NOH30,,25.0,0,2
9016,용산,용산구,이태원제1동,NOH30,,40.0,0,1
9016,용산,용산구,이태원제1동,NRC10,,2.5,0,6
9016,용산,용산구,이태원제1동,NRC10,,4.0,0,200
9016,용산,용산구,이태원제1동,NRC10,,6.0,0,363
9016,용산,용산구,이태원제1동,NRC10,,10.0,0,1
9016,용산,용산구,이태원제1동,NRH11,,2.5,0,80
9016,용산,용산구,이태원제1동,NRH11,,3.0,0,20
9016,용산,용산구,이태원제1동,NRH11,,4.0,0,2299
9016,용산,용산구,이태원제1동,NRH11,,5.0,0,1
9016,용산,용산구,이태원제1동,NRH11,,6.0,0,517
9016,용산,용산구,이태원제1동,NRH11,,10.0,0,47
9016,용산,용산구,이태원제1동,NRH11,,16.0,0,37
9016,용산,용산구,이태원제1동,NRH11,,25.0,0,23
9016,용산,용산구,이태원제1동,NRH11,,40.0,0,3
9016,용산,용산구,이태원제1동,NRH11,,65.0,0,1
9016,용산,용산구,이태원제1동,NRH11,,100.0,0,1
9016,용산,용산구,이태원제1동,NRH12,,2.5,0,233
9016,용산,용산구,이태원제1동,NRH12,,4.0,0,15
9016,용산,용산구,이태원제1동,NRH12,,6.0,0,2
9016,용산,용산구,이태원제1동,NRH12,,10.0,0,2
9016,용산,용산구,이태원제1동,NRH12,,16.0,0,1
9016,용산,용산구,이태원제1동,NRH12,,25.0,0,4
9016,용산,용산구,이태원제1동,NRH12,,100.0,0,2
9016,용산,용산구,이태원제1동,NRH12,,160.0,0,1
9016,용산,용산구,이태원제1동,NWH41,,4.0,0,2
9016,용산,용산구,이태원제1동,NWH41,,6.0,0,3
9016,용산,용산구,이태원제1동,NWH41,,25.0,0,1
9016,용산,용산구,이태원제2동,NAH36,,4.0,0,1
9016,용산,용산구,이태원제2동,NAH36,,10.0,0,1
9016,용산,용산구,이태원제2동,NAH36,,16.0,0,1
9016,용산,용산구,이태원제2동,NAH36,,25.0,0,3
9016,용산,용산구,이태원제2동,NAH36,,65.0,0,1
9016,용산,용산구,이태원제2동,NCH20,,2.5,0,41
9016,용산,용산구,이태원제2동,NCH20,,3.0,0,4
9016,용산,용산구,이태원제2동,NCH20,,4.0,0,155
9016,용산,용산구,이태원제2동,NCH20,,6.0,0,120
9016,용산,용산구,이태원제2동,NCH20,,10.0,0,92
9016,용산,용산구,이태원제2동,NCH20,,16.0,0,25
9016,용산,용산구,이태원제2동,NCH20,,25.0,0,14
9016,용산,용산구,이태원제2동,NCH20,,40.0,0,11
9016,용산,용산구,이태원제2동,NCH20,,65.0,0,1
9016,용산,용산구,이태원제2동,NCH20,,250.0,0,2
9016,용산,용산구,이태원제2동,NOH30,,2.5,0,19
9016,용산,용산구,이태원제2동,NOH30,,3.0,0,2
9016,용산,용산구,이태원제2동,NOH30,,4.0,0,28
9016,용산,용산구,이태원제2동,NOH30,,6.0,0,26
9016,용산,용산구,이태원제2동,NOH30,,10.0,0,3
9016,용산,용산구,이태원제2동,NOH30,,16.0,0,1
9016,용산,용산구,이태원제2동,NOH30,,25.0,0,1
9016,용산,용산구,이태원제2동,NOH30,,40.0,0,2
9016,용산,용산구,이태원제2동,NRC10,,2.0,0,5
9016,용산,용산구,이태원제2동,NRC10,,2.5,0,410
9016,용산,용산구,이태원제2동,NRC10,,3.0,0,4
9016,용산,용산구,이태원제2동,NRC10,,4.0,0,2
9016,용산,용산구,이태원제2동,NRC10,,6.0,0,2
9016,용산,용산구,이태원제2동,NRC10,,10.0,0,1
9016,용산,용산구,이태원제2동,NRC10,,16.0,0,1
9016,용산,용산구,이태원제2동,NRH11,,2.0,0,1
9016,용산,용산구,이태원제2동,NRH11,,2.5,0,178
9016,용산,용산구,이태원제2동,NRH11,,3.0,0,20
9016,용산,용산구,이태원제2동,NRH11,,4.0,0,4027
9016,용산,용산구,이태원제2동,NRH11,,6.0,0,828
9016,용산,용산구,이태원제2동,NRH11,,10.0,0,51
9016,용산,용산구,이태원제2동,NRH11,,16.0,0,21
9016,용산,용산구,이태원제2동,NRH11,,25.0,0,3
9016,용산,용산구,이태원제2동,NRH12,,2.5,0,379
9016,용산,용산구,이태원제2동,NRH12,,4.0,0,32
9016,용산,용산구,이태원제2동,NRH12,,6.0,0,21
9016,용산,용산구,이태원제2동,NRH12,,10.0,0,2
9016,용산,용산구,이태원제2동,NRH12,,16.0,0,2
9016,용산,용산구,이태원제2동,NRH12,,25.0,0,1
9016,용산,용산구,이태원제2동,NRH50,,1000.0,0,1
9016,용산,용산구,이태원제2동,NWH41,,4.0,0,5
9016,용산,용산구,이태원제2동,NWH41,,6.0,0,2
9016,용산,용산구,이태원제2동,NWH41,,10.0,0,1
9016,용산,용산구,이태원제2동,NWH41,,25.0,0,1
9016,용산,용산구,한강로동,NCH20,,2.5,0,3
9016,용산,용산구,한강로동,NCH20,,4.0,0,8
9016,용산,용산구,한강로동,NCH20,,6.0,0,6
9016,용산,용산구,한강로동,NCH20,,10.0,0,4
9016,용산,용산구,한강로동,NCH20,,16.0,0,2
9016,용산,용산구,한강로동,NCH20,,25.0,0,1
9016,용산,용산구,한강로동,NCH20,,40.0,0,1
9016,용산,용산구,한강로동,NOH30,,4.0,0,1
9016,용산,용산구,한강로동,NOH30,,6.0,0,2
9016,용산,용산구,한강로동,NOH30,,16.0,0,1
9016,용산,용산구,한강로동,NRH11,,2.5,0,8
9016,용산,용산구,한강로동,NRH11,,4.0,0,247
9016,용산,용산구,한강로동,NRH11,,6.0,0,224
9016,용산,용산구,한강로동,NRH12,,2.5,0,986
9016,용산,용산구,한강로동,NRH12,,4.0,0,198
9016,용산,용산구,한강로동,NWH41,,4.0,0,1
9016,용산,용산구,한남동,NAH36,,6.0,0,1
9016,용산,용산구,한남동,NAH36,,10.0,0,6
9016,용산,용산구,한남동,NAH36,,16.0,0,1
9016,용산,용산구,한남동,NAH36,,25.0,0,2
9016,용산,용산구,한남동,NAH36,,40.0,0,3
9016,용산,용산구,한남동,NAH36,,65.0,0,2
9016,용산,용산구,한남동,NAH36,,250.0,0,1
9016,용산,용산구,한남동,NAH36,,400.0,0,1
9016,용산,용산구,한남동,NCH20,,2.5,0,45
9016,용산,용산구,한남동,NCH20,,3.0,0,3
9016,용산,용산구,한남동,NCH20,,4.0,0,111
9016,용산,용산구,한남동,NCH20,,6.0,0,123
9016,용산,용산구,한남동,NCH20,,10.0,0,120
9016,용산,용산구,한남동,NCH20,,16.0,0,73
9016,용산,용산구,한남동,NCH20,,25.0,0,35
9016,용산,용산구,한남동,NCH20,,40.0,0,7
9016,용산,용산구,한남동,NCH20,,65.0,0,4
9016,용산,용산구,한남동,NCH20,,100.0,0,3
9016,용산,용산구,한남동,NCH20,,160.0,0,2
9016,용산,용산구,한남동,NCH20,,250.0,0,1
9016,용산,용산구,한남동,NCH20,,400.0,0,3
9016,용산,용산구,한남동,NCH20,,650.0,0,1
9016,용산,용산구,한남동,NCH21,,100.0,0,1
9016,용산,용산구,한남동,NCH22,,1600.0,0,1
9016,용산,용산구,한남동,NCH34,,100.0,0,2
9016,용산,용산구,한남동,NFH80,,2.5,0,1
9016,용산,용산구,한남동,NGH37,,65.0,0,4
9016,용산,용산구,한남동,NOH30,,2.5,0,7
9016,용산,용산구,한남동,NOH30,,3.0,0,1
9016,용산,용산구,한남동,NOH30,,4.0,0,48
9016,용산,용산구,한남동,NOH30,,5.0,0,1
9016,용산,용산구,한남동,NOH30,,6.0,0,37
9016,용산,용산구,한남동,NOH30,,10.0,0,7
9016,용산,용산구,한남동,NOH30,,16.0,0,1
9016,용산,용산구,한남동,NOH30,,25.0,0,5
9016,용산,용산구,한남동,NOH30,,40.0,0,6
9016,용산,용산구,한남동,NOH30,,65.0,0,1
9016,용산,용산구,한남동,NOH30,,100.0,0,2
9016,용산,용산구,한남동,NRC10,,3.0,0,2
9016,용산,용산구,한남동,NRC10,,4.0,0,10
9016,용산,용산구,한남동,NRC10,,6.0,0,1
9016,용산,용산구,한남동,NRC10,,25.0,0,1
9016,용산,용산구,한남동,NRC10,,40.0,0,1
9016,용산,용산구,한남동,NRH11,,2.5,0,19
9016,용산,용산구,한남동,NRH11,,3.0,0,12
9016,용산,용산구,한남동,NRH11,,4.0,0,1364
9016,용산,용산구,한남동,NRH11,,5.0,0,1
9016,용산,용산구,한남동,NRH11,,6.0,0,855
9016,용산,용산구,한남동,NRH11,,10.0,0,59
9016,용산,용산구,한남동,NRH11,,16.0,0,56
9016,용산,용산구,한남동,NRH11,,25.0,0,13
9016,용산,용산구,한남동,NRH11,,40.0,0,1
9016,용산,용산구,한남동,NRH11,,65.0,0,1
9016,용산,용산구,한남동,NRH12,,2.5,0,117
9016,용산,용산구,한남동,NRH12,,4.0,0,16
9016,용산,용산구,한남동,NRH12,,6.0,0,5
9016,용산,용산구,한남동,NRH12,,10.0,0,3
9016,용산,용산구,한남동,NRH12,,25.0,0,1
9016,용산,용산구,한남동,NRH12,,65.0,0,1
9016,용산,용산구,한남동,NRH12,,100.0,0,5
9016,용산,용산구,한남동,NRH15,,25.0,0,1
9016,용산,용산구,한남동,NRH15,,65.0,0,1
9016,용산,용산구,한남동,NWH41,,4.0,0,1
9016,용산,용산구,한남동,NWH41,,6.0,0,1
9016,용산,용산구,한남동,NWH41,,10.0,0,1
9016,용산,용산구,한남동,NWH41,,25.0,0,2
9016,용산,용산구,한남동,NWH41,,250.0,0,1
9016,용산,용산구,후암동,NAH36,,4.0,0,1
9016,용산,용산구,후암동,NAH36,,10.0,0,1
9016,용산,용산구,후암동,NAH36,,16.0,0,2
9016,용산,용산구,후암동,NAH36,,25.0,0,1
9016,용산,용산구,후암동,NAH36,,65.0,0,2
9016,용산,용산구,후암동,NAH36,,100.0,0,1
9016,용산,용산구,후암동,NAH36,,250.0,0,1
9016,용산,용산구,후암동,NCH20,,2.5,0,30
9016,용산,용산구,후암동,NCH20,,3.0,0,3
9016,용산,용산구,후암동,NCH20,,4.0,0,117
9016,용산,용산구,후암동,NCH20,,5.0,0,3
9016,용산,용산구,후암동,NCH20,,6.0,0,92
9016,용산,용산구,후암동,NCH20,,7.0,0,1
9016,용산,용산구,후암동,NCH20,,10.0,0,61
9016,용산,용산구,후암동,NCH20,,16.0,0,37
9016,용산,용산구,후암동,NCH20,,25.0,0,12
9016,용산,용산구,후암동,NCH20,,40.0,0,4
9016,용산,용산구,후암동,NCH20,,65.0,0,4
9016,용산,용산구,후암동,NCH20,,160.0,0,1
9016,용산,용산구,후암동,NCH34,,16.0,0,1
9016,용산,용산구,후암동,NCH34,,40.0,0,1
9016,용산,용산구,후암동,NCH34,,100.0,0,3
9016,용산,용산구,후암동,NFH80,,16.0,0,1
9016,용산,용산구,후암동,NOH30,,2.5,0,4
9016,용산,용산구,후암동,NOH30,,3.0,0,6
9016,용산,용산구,후암동,NOH30,,4.0,0,48
9016,용산,용산구,후암동,NOH30,,5.0,0,3
9016,용산,용산구,후암동,NOH30,,6.0,0,12
9016,용산,용산구,후암동,NOH30,,10.0,0,7
9016,용산,용산구,후암동,NOH30,,16.0,0,4
9016,용산,용산구,후암동,NOH30,,25.0,0,4
9016,용산,용산구,후암동,NOH30,,40.0,0,2
9016,용산,용산구,후암동,NOH30,,160.0,0,3
9016,용산,용산구,후암동,NRC10,,2.5,0,5
9016,용산,용산구,후암동,NRC10,,3.0,0,8
9016,용산,용산구,후암동,NRC10,,4.0,0,16
9016,용산,용산구,후암동,NRC10,,6.0,0,3
9016,용산,용산구,후암동,NRH11,,2.0,0,1
9016,용산,용산구,후암동,NRH11,,2.5,0,434
9016,용산,용산구,후암동,NRH11,,3.0,0,9
9016,용산,용산구,후암동,NRH11,,4.0,0,6388
9016,용산,용산구,후암동,NRH11,,5.0,0,3
9016,용산,용산구,후암동,NRH11,,6.0,0,1068
9016,용산,용산구,후암동,NRH11,,7.0,0,1
9016,용산,용산구,후암동,NRH11,,10.0,0,28
9016,용산,용산구,후암동,NRH11,,16.0,0,7
9016,용산,용산구,후암동,NRH12,,2.5,0,693
9016,용산,용산구,후암동,NRH12,,4.0,0,80
9016,용산,용산구,후암동,NRH12,,6.0,0,8
9016,용산,용산구,후암동,NRH12,,10.0,0,3
9016,용산,용산구,후암동,NWH41,,2.5,0,3
9016,용산,용산구,후암동,NWH41,,4.0,0,14
9016,용산,용산구,후암동,NWH41,,6.0,0,8
9016,용산,용산구,후암동,NWH41,,10.0,0,2
9016,용산,용산구,후암동,NWH41,,16.0,0,3
9016,용산,용산구,후암동,NWH41,,25.0,0,1
9016,용산,용산구,후암동,NWH41,,40.0,0,1
9016,용산,용산구,후암동,NWH41,,65.0,0,1
9016,용산,용산구,후암동,NWH41,,100.0,0,1
9018,장안,동대문구,답십리제1동,NAH36,,4.0,0,1
9018,장안,동대문구,답십리제1동,NAH36,,40.0,0,1
9018,장안,동대문구,답십리제1동,NAH36,,65.0,0,1
9018,장안,동대문구,답십리제1동,NAH36,,160.0,0,1
9018,장안,동대문구,답십리제1동,NCH20,,2.5,0,50
9018,장안,동대문구,답십리제1동,NCH20,,3.0,0,10
9018,장안,동대문구,답십리제1동,NCH20,,4.0,0,96
9018,장안,동대문구,답십리제1동,NCH20,,5.0,0,4
9018,장안,동대문구,답십리제1동,NCH20,,6.0,0,115
9018,장안,동대문구,답십리제1동,NCH20,,7.0,0,3
9018,장안,동대문구,답십리제1동,NCH20,,10.0,0,97
9018,장안,동대문구,답십리제1동,NCH20,,16.0,0,53
9018,장안,동대문구,답십리제1동,NCH20,,25.0,0,30
9018,장안,동대문구,답십리제1동,NCH20,,40.0,0,12
9018,장안,동대문구,답십리제1동,NCH20,,65.0,0,4
9018,장안,동대문구,답십리제1동,NCH20,,160.0,0,4
9018,장안,동대문구,답십리제1동,NCH34,,160.0,0,1
9018,장안,동대문구,답십리제1동,NFH80,,2.5,0,1
9018,장안,동대문구,답십리제1동,NFH80,,4.0,0,1
9018,장안,동대문구,답십리제1동,NFH80,,6.0,0,1
9018,장안,동대문구,답십리제1동,NFH80,,10.0,0,1
9018,장안,동대문구,답십리제1동,NIH40,,100.0,0,1
9018,장안,동대문구,답십리제1동,NOH30,,2.5,0,17
9018,장안,동대문구,답십리제1동,NOH30,,3.0,0,12
9018,장안,동대문구,답십리제1동,NOH30,,4.0,0,79
9018,장안,동대문구,답십리제1동,NOH30,,6.0,0,17
9018,장안,동대문구,답십리제1동,NOH30,,10.0,0,6
9018,장안,동대문구,답십리제1동,NOH30,,16.0,0,2
9018,장안,동대문구,답십리제1동,NOH30,,40.0,0,2
9018,장안,동대문구,답십리제1동,NOH30,,100.0,0,2
9018,장안,동대문구,답십리제1동,NRC10,,2.5,0,5
9018,장안,동대문구,답십리제1동,NRC10,,3.0,0,2
9018,장안,동대문구,답십리제1동,NRC10,,4.0,0,9
9018,장안,동대문구,답십리제1동,NRH11,,2.5,0,136
9018,장안,동대문구,답십리제1동,NRH11,,3.0,0,40
9018,장안,동대문구,답십리제1동,NRH11,,4.0,0,8658
9018,장안,동대문구,답십리제1동,NRH11,,6.0,0,1587
9018,장안,동대문구,답십리제1동,NRH11,,10.0,0,3
9018,장안,동대문구,답십리제1동,NRH11,,16.0,0,1
9018,장안,동대문구,답십리제1동,NRH12,,2.5,0,3584
9018,장안,동대문구,답십리제1동,NRH12,,4.0,0,849
9018,장안,동대문구,답십리제1동,NRH12,,6.0,0,4
9018,장안,동대문구,답십리제1동,NRH50,,160.0,0,1
9018,장안,동대문구,답십리제1동,NRH50,,250.0,0,1
9018,장안,동대문구,답십리제1동,NWH41,,4.0,0,14
9018,장안,동대문구,답십리제1동,NWH41,,6.0,0,8
9018,장안,동대문구,답십리제1동,NWH41,,10.0,0,2
9018,장안,동대문구,답십리제1동,NWH41,,16.0,0,4
9018,장안,동대문구,답십리제1동,NWH41,,25.0,0,1
9018,장안,동대문구,답십리제1동,NWH42,,10.0,0,1
9018,장안,동대문구,답십리제1동,NWH42,,40.0,0,1
9018,장안,동대문구,답십리제2동,NAH36,,16.0,0,2
9018,장안,동대문구,답십리제2동,NAH36,,65.0,0,2
9018,장안,동대문구,답십리제2동,NAH36,,160.0,0,1
9018,장안,동대문구,답십리제2동,NCH20,,2.0,0,1
9018,장안,동대문구,답십리제2동,NCH20,,2.5,0,24
9018,장안,동대문구,답십리제2동,NCH20,,3.0,0,6
9018,장안,동대문구,답십리제2동,NCH20,,4.0,0,79
9018,장안,동대문구,답십리제2동,NCH20,,5.0,0,5
9018,장안,동대문구,답십리제2동,NCH20,,6.0,0,100
9018,장안,동대문구,답십리제2동,NCH20,,7.0,0,2
9018,장안,동대문구,답십리제2동,NCH20,,10.0,0,84
9018,장안,동대문구,답십리제2동,NCH20,,16.0,0,30
9018,장안,동대문구,답십리제2동,NCH20,,25.0,0,18
9018,장안,동대문구,답십리제2동,NCH20,,40.0,0,5
9018,장안,동대문구,답십리제2동,NCH20,,65.0,0,4
9018,장안,동대문구,답십리제2동,NCH34,,65.0,0,1
9018,장안,동대문구,답십리제2동,NCH34,,100.0,0,1
9018,장안,동대문구,답십리제2동,NCH34,,400.0,0,1
9018,장안,동대문구,답십리제2동,NIH40,,2.5,0,1
9018,장안,동대문구,답십리제2동,NIH40,,25.0,0,1
9018,장안,동대문구,답십리제2동,NOH30,,2.0,0,2
9018,장안,동대문구,답십리제2동,NOH30,,2.5,0,11
9018,장안,동대문구,답십리제2동,NOH30,,3.0,0,15
9018,장안,동대문구,답십리제2동,NOH30,,4.0,0,47
9018,장안,동대문구,답십리제2동,NOH30,,5.0,0,2
9018,장안,동대문구,답십리제2동,NOH30,,6.0,0,18
9018,장안,동대문구,답십리제2동,NOH30,,10.0,0,5
9018,장안,동대문구,답십리제2동,NOH30,,16.0,0,2
9018,장안,동대문구,답십리제2동,NOH30,,25.0,0,2
9018,장안,동대문구,답십리제2동,NOH30,,100.0,0,1
9018,장안,동대문구,답십리제2동,NRC10,,3.0,0,1
9018,장안,동대문구,답십리제2동,NRC10,,4.0,0,13
9018,장안,동대문구,답십리제2동,NRH11,,2.5,0,211
9018,장안,동대문구,답십리제2동,NRH11,,3.0,0,44
9018,장안,동대문구,답십리제2동,NRH11,,4.0,0,10104
9018,장안,동대문구,답십리제2동,NRH11,,6.0,0,1495
9018,장안,동대문구,답십리제2동,NRH11,,10.0,0,2
9018,장안,동대문구,답십리제2동,NRH12,,2.5,0,304
9018,장안,동대문구,답십리제2동,NRH12,,4.0,0,11
9018,장안,동대문구,답십리제2동,NRH12,,6.0,0,2
9018,장안,동대문구,답십리제2동,NWH41,,2.5,0,1
9018,장안,동대문구,답십리제2동,NWH41,,4.0,0,14
9018,장안,동대문구,답십리제2동,NWH41,,6.0,0,15
9018,장안,동대문구,답십리제2동,NWH41,,10.0,0,4
9018,장안,동대문구,답십리제2동,NWH41,,16.0,0,4
9018,장안,동대문구,답십리제2동,NWH41,,25.0,0,1
9018,장안,동대문구,장안제1동,NAH36,,6.0,0,11
9018,장안,동대문구,장안제1동,NAH36,,25.0,0,1
9018,장안,동대문구,장안제1동,NAH36,,40.0,0,4
9018,장안,동대문구,장안제1동,NAH36,,65.0,0,6
9018,장안,동대문구,장안제1동,NAH36,,100.0,0,3
9018,장안,동대문구,장안제1동,NAH36,,160.0,0,3
9018,장안,동대문구,장안제1동,NAH36,,250.0,0,1
9018,장안,동대문구,장안제1동,NCH20,,2.5,0,63
9018,장안,동대문구,장안제1동,NCH20,,3.0,0,13
9018,장안,동대문구,장안제1동,NCH20,,4.0,0,246
9018,장안,동대문구,장안제1동,NCH20,,5.0,0,11
9018,장안,동대문구,장안제1동,NCH20,,6.0,0,225
9018,장안,동대문구,장안제1동,NCH20,,7.0,0,11
9018,장안,동대문구,장안제1동,NCH20,,10.0,0,227
9018,장안,동대문구,장안제1동,NCH20,,16.0,0,141
9018,장안,동대문구,장안제1동,NCH20,,25.0,0,51
9018,장안,동대문구,장안제1동,NCH20,,40.0,0,24
9018,장안,동대문구,장안제1동,NCH20,,65.0,0,7
9018,장안,동대문구,장안제1동,NCH20,,100.0,0,3
9018,장안,동대문구,장안제1동,NCH20,,160.0,0,1
9018,장안,동대문구,장안제1동,NCH34,,6.0,0,1
9018,장안,동대문구,장안제1동,NCH34,,25.0,0,1
9018,장안,동대문구,장안제1동,NCH34,,100.0,0,1
9018,장안,동대문구,장안제1동,NCH34,,160.0,0,4
9018,장안,동대문구,장안제1동,NFH80,,2.5,0,2
9018,장안,동대문구,장안제1동,NFH80,,6.0,0,1
9018,장안,동대문구,장안제1동,NIH40,,5.0,0,1
9018,장안,동대문구,장안제1동,NIH40,,7.0,0,2
9018,장안,동대문구,장안제1동,NIH40,,10.0,0,1
9018,장안,동대문구,장안제1동,NIH40,,25.0,0,2
9018,장안,동대문구,장안제1동,NIH40,,40.0,0,1
9018,장안,동대문구,장안제1동,NIH40,,100.0,0,1
9018,장안,동대문구,장안제1동,NOH30,,2.5,0,37
9018,장안,동대문구,장안제1동,NOH30,,3.0,0,7
9018,장안,동대문구,장안제1동,NOH30,,4.0,0,59
9018,장안,동대문구,장안제1동,NOH30,,5.0,0,7
9018,장안,동대문구,장안제1동,NOH30,,6.0,0,30
9018,장안,동대문구,장안제1동,NOH30,,10.0,0,8
9018,장안,동대문구,장안제1동,NOH30,,16.0,0,9
9018,장안,동대문구,장안제1동,NOH30,,25.0,0,2
9018,장안,동대문구,장안제1동,NOH30,,40.0,0,6
9018,장안,동대문구,장안제1동,NOH30,,65.0,0,2
9018,장안,동대문구,장안제1동,NOH30,,100.0,0,8
9018,장안,동대문구,장안제1동,NOH30,,400.0,0,1
9018,장안,동대문구,장안제1동,NRC10,,2.5,0,4
9018,장안,동대문구,장안제1동,NRC10,,3.0,0,3
9018,장안,동대문구,장안제1동,NRC10,,4.0,0,9
9018,장안,동대문구,장안제1동,NRH11,,2.5,0,598
9018,장안,동대문구,장안제1동,NRH11,,3.0,0,31
9018,장안,동대문구,장안제1동,NRH11,,4.0,0,10960
9018,장안,동대문구,장안제1동,NRH11,,5.0,0,3
9018,장안,동대문구,장안제1동,NRH11,,6.0,0,2983
9018,장안,동대문구,장안제1동,NRH11,,7.0,0,1
9018,장안,동대문구,장안제1동,NRH11,,10.0,0,2
9018,장안,동대문구,장안제1동,NRH11,,16.0,0,2
9018,장안,동대문구,장안제1동,NRH12,,2.5,0,4282
9018,장안,동대문구,장안제1동,NRH12,,3.0,0,3
9018,장안,동대문구,장안제1동,NRH12,,4.0,0,668
9018,장안,동대문구,장안제1동,NRH12,,6.0,0,13
9018,장안,동대문구,장안제1동,NRH12,,10.0,0,13
9018,장안,동대문구,장안제1동,NWH41,,2.5,0,1
9018,장안,동대문구,장안제1동,NWH41,,4.0,0,11
9018,장안,동대문구,장안제1동,NWH41,,5.0,0,1
9018,장안,동대문구,장안제1동,NWH41,,6.0,0,13
9018,장안,동대문구,장안제1동,NWH41,,10.0,0,4
9018,장안,동대문구,장안제1동,NWH41,,16.0,0,2
9018,장안,동대문구,장안제1동,NWH41,,40.0,0,2
9018,장안,동대문구,장안제2동,NAH36,,40.0,0,2
9018,장안,동대문구,장안제2동,NAH36,,65.0,0,2
9018,장안,동대문구,장안제2동,NCH20,,2.5,0,40
9018,장안,동대문구,장안제2동,NCH20,,3.0,0,7
9018,장안,동대문구,장안제2동,NCH20,,4.0,0,161
9018,장안,동대문구,장안제2동,NCH20,,5.0,0,10
9018,장안,동대문구,장안제2동,NCH20,,6.0,0,252
9018,장안,동대문구,장안제2동,NCH20,,7.0,0,2
9018,장안,동대문구,장안제2동,NCH20,,10.0,0,207
9018,장안,동대문구,장안제2동,NCH20,,16.0,0,99
9018,장안,동대문구,장안제2동,NCH20,,25.0,0,114
9018,장안,동대문구,장안제2동,NCH20,,40.0,0,22
9018,장안,동대문구,장안제2동,NCH20,,65.0,0,3
9018,장안,동대문구,장안제2동,NCH20,,100.0,0,3
9018,장안,동대문구,장안제2동,NCH20,,160.0,0,4
9018,장안,동대문구,장안제2동,NCH34,,100.0,0,1
9018,장안,동대문구,장안제2동,NFH80,,2.5,0,5
9018,장안,동대문구,장안제2동,NFH80,,4.0,0,1
9018,장안,동대문구,장안제2동,NFH80,,10.0,0,2
9018,장안,동대문구,장안제2동,NFH80,,16.0,0,1
9018,장안,동대문구,장안제2동,NIH40,,16.0,0,1
9018,장안,동대문구,장안제2동,NIH40,,25.0,0,1
9018,장안,동대문구,장안제2동,NOH30,,2.5,0,12
9018,장안,동대문구,장안제2동,NOH30,,3.0,0,5
9018,장안,동대문구,장안제2동,NOH30,,4.0,0,31
9018,장안,동대문구,장안제2동,NOH30,,6.0,0,29
9018,장안,동대문구,장안제2동,NOH30,,10.0,0,12
9018,장안,동대문구,장안제2동,NOH30,,16.0,0,4
9018,장안,동대문구,장안제2동,NOH30,,25.0,0,3
9018,장안,동대문구,장안제2동,NOH30,,40.0,0,3
9018,장안,동대문구,장안제2동,NOH30,,65.0,0,1
9018,장안,동대문구,장안제2동,NOH30,,100.0,0,4
9018,장안,동대문구,장안제2동,NRC10,,2.0,0,6
9018,장안,동대문구,장안제2동,NRC10,,2.5,0,449
9018,장안,동대문구,장안제2동,NRC10,,3.0,0,5
9018,장안,동대문구,장안제2동,NRC10,,4.0,0,3
9018,장안,동대문구,장안제2동,NRH11,,2.0,0,1
9018,장안,동대문구,장안제2동,NRH11,,2.5,0,596
9018,장안,동대문구,장안제2동,NRH11,,3.0,0,43
9018,장안,동대문구,장안제2동,NRH11,,4.0,0,9693
9018,장안,동대문구,장안제2동,NRH11,,5.0,0,1
9018,장안,동대문구,장안제2동,NRH11,,6.0,0,1723
9018,장안,동대문구,장안제2동,NRH11,,10.0,0,7
9018,장안,동대문구,장안제2동,NRH11,,16.0,0,5
9018,장안,동대문구,장안제2동,NRH12,,2.5,0,2279
9018,장안,동대문구,장안제2동,NRH12,,4.0,0,296
9018,장안,동대문구,장안제2동,NRH12,,6.0,0,1
9018,장안,동대문구,장안제2동,NRH12,,7.0,0,1
9018,장안,동대문구,장안제2동,NRH12,,10.0,0,55
9018,장안,동대문구,장안제2동,NRH50,,160.0,0,1
9018,장안,동대문구,장안제2동,NRH50,,1000.0,0,1
9018,장안,동대문구,장안제2동,NWH41,,2.5,0,1
9018,장안,동대문구,장안제2동,NWH41,,4.0,0,14
9018,장안,동대문구,장안제2동,NWH41,,6.0,0,12
9018,장안,동대문구,장안제2동,NWH41,,10.0,0,6
9018,장안,동대문구,장안제2동,NWH41,,16.0,0,4
9018,장안,동대문구,장안제2동,NWH41,,25.0,0,3
9018,장안,동대문구,장안제2동,NWH41,,40.0,0,1
9018,장안,동대문구,장안제2동,NWH41,,100.0,0,1
9019,상봉,중랑구,면목본동,NAH36,,6.0,0,2
9019,상봉,중랑구,면목본동,NAH36,,16.0,0,2
9019,상봉,중랑구,면목본동,NAH36,,25.0,0,1
9019,상봉,중랑구,면목본동,NAH36,,40.0,0,1
9019,상봉,중랑구,면목본동,NCH20,,2.5,0,38
9019,상봉,중랑구,면목본동,NCH20,,3.0,0,5
9019,상봉,중랑구,면목본동,NCH20,,4.0,0,107
9019,상봉,중랑구,면목본동,NCH20,,5.0,0,4
9019,상봉,중랑구,면목본동,NCH20,,6.0,0,166
9019,상봉,중랑구,면목본동,NCH20,,7.0,0,1
9019,상봉,중랑구,면목본동,NCH20,,10.0,0,133
9019,상봉,중랑구,면목본동,NCH20,,16.0,0,64
9019,상봉,중랑구,면목본동,NCH20,,25.0,0,21
9019,상봉,중랑구,면목본동,NCH20,,40.0,0,4
9019,상봉,중랑구,면목본동,NCH20,,65.0,0,2
9019,상봉,중랑구,면목본동,NCH20,,100.0,0,1
9019,상봉,중랑구,면목본동,NCH34,,25.0,0,2
9019,상봉,중랑구,면목본동,NCH34,,65.0,0,1
9019,상봉,중랑구,면목본동,NCH34,,100.0,0,2
9019,상봉,중랑구,면목본동,NOH30,,2.5,0,11
9019,상봉,중랑구,면목본동,NOH30,,3.0,0,2
9019,상봉,중랑구,면목본동,NOH30,,4.0,0,25
9019,상봉,중랑구,면목본동,NOH30,,6.0,0,21
9019,상봉,중랑구,면목본동,NOH30,,10.0,0,7
9019,상봉,중랑구,면목본동,NOH30,,16.0,0,2
9019,상봉,중랑구,면목본동,NOH30,,25.0,0,4
9019,상봉,중랑구,면목본동,NOH30,,40.0,0,3
9019,상봉,중랑구,면목본동,NOH30,,65.0,0,1
9019,상봉,중랑구,면목본동,NOH30,,160.0,0,1
9019,상봉,중랑구,면목본동,NRC10,,2.5,0,5
9019,상봉,중랑구,면목본동,NRC10,,3.0,0,10
9019,상봉,중랑구,면목본동,NRC10,,4.0,0,22
9019,상봉,중랑구,면목본동,NRC10,,6.0,0,1
9019,상봉,중랑구,면목본동,NRH11,,2.5,0,1126
9019,상봉,중랑구,면목본동,NRH11,,3.0,0,58
9019,상봉,중랑구,면목본동,NRH11,,4.0,0,14151
9019,상봉,중랑구,면목본동,NRH11,,5.0,0,1
9019,상봉,중랑구,면목본동,NRH11,,6.0,0,626
9019,상봉,중랑구,면목본동,NRH11,,10.0,0,5
9019,상봉,중랑구,면목본동,NRH12,,2.5,0,2509
9019,상봉,중랑구,면목본동,NRH12,,3.0,0,1
9019,상봉,중랑구,면목본동,NRH12,,4.0,0,201
9019,상봉,중랑구,면목본동,NRH12,,6.0,0,8
9019,상봉,중랑구,면목본동,NRH12,,16.0,0,1
9019,상봉,중랑구,면목본동,NRH13,,10.0,0,1
9019,상봉,중랑구,면목본동,NWH41,,2.5,0,1
9019,상봉,중랑구,면목본동,NWH41,,4.0,0,11
9019,상봉,중랑구,면목본동,NWH41,,6.0,0,7
9019,상봉,중랑구,면목본동,NWH41,,10.0,0,6
9019,상봉,중랑구,면목본동,NWH41,,16.0,0,1
9019,상봉,중랑구,면목제2동,NCH20,,2.0,0,1
9019,상봉,중랑구,면목제2동,NCH20,,2.5,0,33
9019,상봉,중랑구,면목제2동,NCH20,,3.0,0,6
9019,상봉,중랑구,면목제2동,NCH20,,4.0,0,91
9019,상봉,중랑구,면목제2동,NCH20,,5.0,0,2
9019,상봉,중랑구,면목제2동,NCH20,,6.0,0,141
9019,상봉,중랑구,면목제2동,NCH20,,7.0,0,3
9019,상봉,중랑구,면목제2동,NCH20,,10.0,0,125
9019,상봉,중랑구,면목제2동,NCH20,,16.0,0,43
9019,상봉,중랑구,면목제2동,NCH20,,25.0,0,8
9019,상봉,중랑구,면목제2동,NCH20,,40.0,0,4
9019,상봉,중랑구,면목제2동,NCH20,,65.0,0,2
9019,상봉,중랑구,면목제2동,NCH20,,100.0,0,1
9019,상봉,중랑구,면목제2동,NCH34,,100.0,0,1
9019,상봉,중랑구,면목제2동,NFH80,,2.5,0,1
9019,상봉,중랑구,면목제2동,NIH40,,10.0,0,1
9019,상봉,중랑구,면목제2동,NIH40,,160.0,0,1
9019,상봉,중랑구,면목제2동,NOH30,,2.0,0,1
9019,상봉,중랑구,면목제2동,NOH30,,2.5,0,16
9019,상봉,중랑구,면목제2동,NOH30,,3.0,0,2
9019,상봉,중랑구,면목제2동,NOH30,,4.0,0,30
9019,상봉,중랑구,면목제2동,NOH30,,6.0,0,17
9019,상봉,중랑구,면목제2동,NOH30,,7.0,0,1
9019,상봉,중랑구,면목제2동,NOH30,,10.0,0,5
9019,상봉,중랑구,면목제2동,NOH30,,16.0,0,3
9019,상봉,중랑구,면목제2동,NOH30,,25.0,0,1
9019,상봉,중랑구,면목제2동,NOH30,,40.0,0,4
9019,상봉,중랑구,면목제2동,NOH30,,160.0,0,1
9019,상봉,중랑구,면목제2동,NRC10,,2.0,0,8
9019,상봉,중랑구,면목제2동,NRC10,,2.5,0,3
9019,상봉,중랑구,면목제2동,NRC10,,3.0,0,13
9019,상봉,중랑구,면목제2동,NRC10,,4.0,0,934
9019,상봉,중랑구,면목제2동,NRC10,,10.0,0,1
9019,상봉,중랑구,면목제2동,NRH11,,2.5,0,435
9019,상봉,중랑구,면목제2동,NRH11,,3.0,0,54
9019,상봉,중랑구,면목제2동,NRH11,,4.0,0,9776
9019,상봉,중랑구,면목제2동,NRH11,,6.0,0,662
9019,상봉,중랑구,면목제2동,NRH11,,7.0,0,1
9019,상봉,중랑구,면목제2동,NRH11,,10.0,0,5
9019,상봉,중랑구,면목제2동,NRH11,,16.0,0,1
9019,상봉,중랑구,면목제2동,NRH12,,2.5,0,1078
9019,상봉,중랑구,면목제2동,NRH12,,4.0,0,50
9019,상봉,중랑구,면목제2동,NRH12,,6.0,0,2
9019,상봉,중랑구,면목제2동,NRH14,,2.5,0,731
9019,상봉,중랑구,면목제2동,NRH14,,4.0,0,4
9019,상봉,중랑구,면목제2동,NWH41,,2.5,0,2
9019,상봉,중랑구,면목제2동,NWH41,,4.0,0,10
9019,상봉,중랑구,면목제2동,NWH41,,6.0,0,7
9019,상봉,중랑구,면목제2동,NWH41,,10.0,0,3
9019,상봉,중랑구,면목제2동,NWH41,,16.0,0,2
9019,상봉,중랑구,면목제2동,NWH41,,25.0,0,4
9019,상봉,중랑구,면목제2동,NWH41,,100.0,0,1
9019,상봉,중랑구,면목제2동,NWH42,,40.0,0,1
9019,상봉,중랑구,면목제5동,NAH36,,16.0,0,3
9019,상봉,중랑구,면목제5동,NAH36,,400.0,0,1
9019,상봉,중랑구,면목제5동,NCH20,,2.5,0,19
9019,상봉,중랑구,면목제5동,NCH20,,3.0,0,3
9019,상봉,중랑구,면목제5동,NCH20,,4.0,0,47
9019,상봉,중랑구,면목제5동,NCH20,,5.0,0,1
9019,상봉,중랑구,면목제5동,NCH20,,6.0,0,50
9019,상봉,중랑구,면목제5동,NCH20,,7.0,0,2
9019,상봉,중랑구,면목제5동,NCH20,,10.0,0,37
9019,상봉,중랑구,면목제5동,NCH20,,16.0,0,14
9019,상봉,중랑구,면목제5동,NCH20,,25.0,0,7
9019,상봉,중랑구,면목제5동,NCH20,,40.0,0,1
9019,상봉,중랑구,면목제5동,NCH20,,160.0,0,1
9019,상봉,중랑구,면목제5동,NIH40,,40.0,0,1
9019,상봉,중랑구,면목제5동,NOH30,,2.5,0,4
9019,상봉,중랑구,면목제5동,NOH30,,4.0,0,7
9019,상봉,중랑구,면목제5동,NOH30,,5.0,0,1
9019,상봉,중랑구,면목제5동,NOH30,,6.0,0,3
9019,상봉,중랑구,면목제5동,NRC10,,2.5,0,1
9019,상봉,중랑구,면목제5동,NRC10,,3.0,0,2
9019,상봉,중랑구,면목제5동,NRC10,,4.0,0,6
9019,상봉,중랑구,면목제5동,NRH11,,2.5,0,191
9019,상봉,중랑구,면목제5동,NRH11,,3.0,0,21
9019,상봉,중랑구,면목제5동,NRH11,,4.0,0,4773
9019,상봉,중랑구,면목제5동,NRH11,,6.0,0,1279
9019,상봉,중랑구,면목제5동,NRH11,,10.0,0,1
9019,상봉,중랑구,면목제5동,NRH12,,2.5,0,365
9019,상봉,중랑구,면목제5동,NRH12,,6.0,0,2
9019,상봉,중랑구,면목제5동,NWH41,,4.0,0,2
9019,상봉,중랑구,면목제5동,NWH41,,6.0,0,6
9019,상봉,중랑구,면목제5동,NWH41,,10.0,0,3
9019,상봉,중랑구,면목제5동,NWH41,,25.0,0,1
9019,상봉,중랑구,상봉제2동,NAH36,,100.0,0,1
9019,상봉,중랑구,상봉제2동,NAH36,,160.0,0,2
9019,상봉,중랑구,상봉제2동,NAH36,,250.0,0,2
9019,상봉,중랑구,상봉제2동,NAH36,,400.0,0,1
9019,상봉,중랑구,상봉제2동,NCH20,,2.5,0,36
9019,상봉,중랑구,상봉제2동,NCH20,,3.0,0,2
9019,상봉,중랑구,상봉제2동,NCH20,,4.0,0,115
9019,상봉,중랑구,상봉제2동,NCH20,,5.0,0,1
9019,상봉,중랑구,상봉제2동,NCH20,,6.0,0,183
9019,상봉,중랑구,상봉제2동,NCH20,,7.0,0,4
9019,상봉,중랑구,상봉제2동,NCH20,,10.0,0,211
9019,상봉,중랑구,상봉제2동,NCH20,,16.0,0,101
9019,상봉,중랑구,상봉제2동,NCH20,,25.0,0,41
9019,상봉,중랑구,상봉제2동,NCH20,,40.0,0,10
9019,상봉,중랑구,상봉제2동,NCH20,,65.0,0,4
9019,상봉,중랑구,상봉제2동,NCH20,,100.0,0,3
9019,상봉,중랑구,상봉제2동,NCH20,,160.0,0,2
9019,상봉,중랑구,상봉제2동,NCH34,,65.0,0,1
9019,상봉,중랑구,상봉제2동,NCH34,,100.0,0,1
9019,상봉,중랑구,상봉제2동,NFH80,,2.5,0,2
9019,상봉,중랑구,상봉제2동,NFH80,,6.0,0,1
9019,상봉,중랑구,상봉제2동,NFH80,,10.0,0,1
9019,상봉,중랑구,상봉제2동,NIH40,,25.0,0,1
9019,상봉,중랑구,상봉제2동,NIH40,,65.0,0,1
9019,상봉,중랑구,상봉제2동,NOH30,,2.5,0,19
9019,상봉,중랑구,상봉제2동,NOH30,,4.0,0,30
9019,상봉,중랑구,상봉제2동,NOH30,,6.0,0,11
9019,상봉,중랑구,상봉제2동,NOH30,,10.0,0,6
9019,상봉,중랑구,상봉제2동,NOH30,,16.0,0,3
9019,상봉,중랑구,상봉제2동,NOH30,,25.0,0,2
9019,상봉,중랑구,상봉제2동,NOH30,,40.0,0,1
9019,상봉,중랑구,상봉제2동,NOH30,,65.0,0,1
9019,상봉,중랑구,상봉제2동,NRC10,,2.0,0,1
9019,상봉,중랑구,상봉제2동,NRC10,,2.5,0,2
9019,상봉,중랑구,상봉제2동,NRC10,,3.0,0,6
9019,상봉,중랑구,상봉제2동,NRC10,,4.0,0,4
9019,상봉,중랑구,상봉제2동,NRC10,,5.0,0,1
9019,상봉,중랑구,상봉제2동,NRH11,,2.5,0,1219
9019,상봉,중랑구,상봉제2동,NRH11,,3.0,0,16
9019,상봉,중랑구,상봉제2동,NRH11,,4.0,0,7519
9019,상봉,중랑구,상봉제2동,NRH11,,6.0,0,629
9019,상봉,중랑구,상봉제2동,NRH11,,10.0,0,8
9019,상봉,중랑구,상봉제2동,NRH11,,16.0,0,1
9019,상봉,중랑구,상봉제2동,NRH12,,2.5,0,5369
9019,상봉,중랑구,상봉제2동,NRH12,,4.0,0,260
9019,상봉,중랑구,상봉제2동,NRH12,,6.0,0,5
9019,상봉,중랑구,상봉제2동,NRH14,,4.0,0,1
9019,상봉,중랑구,상봉제2동,NWH41,,4.0,0,1
9019,상봉,중랑구,상봉제2동,NWH41,,6.0,0,7
9019,상봉,중랑구,상봉제2동,NWH41,,10.0,0,5
9019,상봉,중랑구,상봉제2동,NWH41,,16.0,0,1
9019,상봉,중랑구,상봉제2동,NWH41,,25.0,0,1
9019,상봉,중랑구,중화제2동,NAH36,,100.0,0,1
9019,상봉,중랑구,중화제2동,NCH20,,2.5,0,6
9019,상봉,중랑구,중화제2동,NCH20,,4.0,0,22
9019,상봉,중랑구,중화제2동,NCH20,,5.0,0,1
9019,상봉,중랑구,중화제2동,NCH20,,6.0,0,37
9019,상봉,중랑구,중화제2동,NCH20,,10.0,0,42
9019,상봉,중랑구,중화제2동,NCH20,,16.0,0,15
9019,상봉,중랑구,중화제2동,NCH20,,25.0,0,6
9019,상봉,중랑구,중화제2동,NCH20,,40.0,0,2
9019,상봉,중랑구,중화제2동,NCH20,,65.0,0,3
9019,상봉,중랑구,중화제2동,NCH34,,65.0,0,1
9019,상봉,중랑구,중화제2동,NCH34,,160.0,0,1
9019,상봉,중랑구,중화제2동,NOH30,,2.5,0,7
9019,상봉,중랑구,중화제2동,NOH30,,4.0,0,8
9019,상봉,중랑구,중화제2동,NOH30,,6.0,0,2
9019,상봉,중랑구,중화제2동,NOH30,,10.0,0,1
9019,상봉,중랑구,중화제2동,NOH30,,16.0,0,3
9019,상봉,중랑구,중화제2동,NRC10,,4.0,0,2
9019,상봉,중랑구,중화제2동,NRC10,,6.0,0,1
9019,상봉,중랑구,중화제2동,NRC10,,10.0,0,1
9019,상봉,중랑구,중화제2동,NRH11,,2.5,0,181
9019,상봉,중랑구,중화제2동,NRH11,,3.0,0,13
9019,상봉,중랑구,중화제2동,NRH11,,4.0,0,4568
9019,상봉,중랑구,중화제2동,NRH11,,6.0,0,170
9019,상봉,중랑구,중화제2동,NRH11,,10.0,0,1
9019,상봉,중랑구,중화제2동,NRH12,,2.5,0,417
9019,상봉,중랑구,중화제2동,NRH12,,4.0,0,55
9019,상봉,중랑구,중화제2동,NRH12,,6.0,0,3
9019,상봉,중랑구,중화제2동,NRH14,,4.0,0,1
9019,상봉,중랑구,중화제2동,NRH15,,40.0,0,1
9019,상봉,중랑구,중화제2동,NWH41,,4.0,0,1
9019,상봉,중랑구,중화제2동,NWH41,,6.0,0,4
9019,상봉,중랑구,중화제2동,NWH41,,10.0,0,2
9019,상봉,중랑구,중화제2동,NWH41,,25.0,0,1
9020,성수,광진구,군자동,NAH36,,4.0,0,6
9020,성수,광진구,군자동,NAH36,,6.0,0,1
9020,성수,광진구,군자동,NAH36,,10.0,0,3
9020,성수,광진구,군자동,NAH36,,16.0,0,3
9020,성수,광진구,군자동,NAH36,,25.0,0,4
9020,성수,광진구,군자동,NAH36,,40.0,0,2
9020,성수,광진구,군자동,NAH36,,100.0,0,3
9020,성수,광진구,군자동,NAH36,,160.0,0,3
9020,성수,광진구,군자동,NAH36,,250.0,0,1
9020,성수,광진구,군자동,NAH36,,650.0,0,1
9020,성수,광진구,군자동,NCH20,,2.5,0,42
9020,성수,광진구,군자동,NCH20,,3.0,0,10
9020,성수,광진구,군자동,NCH20,,4.0,0,101
9020,성수,광진구,군자동,NCH20,,5.0,0,4
9020,성수,광진구,군자동,NCH20,,6.0,0,177
9020,성수,광진구,군자동,NCH20,,7.0,0,2
9020,성수,광진구,군자동,NCH20,,10.0,0,151
9020,성수,광진구,군자동,NCH20,,16.0,0,71
9020,성수,광진구,군자동,NCH20,,25.0,0,41
9020,성수,광진구,군자동,NCH20,,40.0,0,10
9020,성수,광진구,군자동,NCH20,,65.0,0,11
9020,성수,광진구,군자동,NCH20,,100.0,0,3
9020,성수,광진구,군자동,NCH20,,160.0,0,1
9020,성수,광진구,군자동,NCH20,,250.0,0,1
9020,성수,광진구,군자동,NCH34,,100.0,0,1
9020,성수,광진구,군자동,NFH80,,2.5,0,1
9020,성수,광진구,군자동,NFH80,,4.0,0,2
9020,성수,광진구,군자동,NIH40,,6.0,0,1
9020,성수,광진구,군자동,NOH30,,2.5,0,36
9020,성수,광진구,군자동,NOH30,,3.0,0,1
9020,성수,광진구,군자동,NOH30,,4.0,0,26
9020,성수,광진구,군자동,NOH30,,5.0,0,2
9020,성수,광진구,군자동,NOH30,,6.0,0,32
9020,성수,광진구,군자동,NOH30,,10.0,0,6
9020,성수,광진구,군자동,NOH30,,16.0,0,4
9020,성수,광진구,군자동,NOH30,,25.0,0,4
9020,성수,광진구,군자동,NOH30,,40.0,0,2
9020,성수,광진구,군자동,NOH30,,65.0,0,1
9020,성수,광진구,군자동,NOH30,,160.0,0,1
9020,성수,광진구,군자동,NRC10,,2.5,0,4
9020,성수,광진구,군자동,NRC10,,3.0,0,3
9020,성수,광진구,군자동,NRC10,,4.0,0,5
9020,성수,광진구,군자동,NRC10,,6.0,0,1
9020,성수,광진구,군자동,NRH11,,2.5,0,1634
9020,성수,광진구,군자동,NRH11,,3.0,0,37
9020,성수,광진구,군자동,NRH11,,4.0,0,8137
9020,성수,광진구,군자동,NRH11,,6.0,0,808
9020,성수,광진구,군자동,NRH11,,10.0,0,8
9020,성수,광진구,군자동,NRH11,,16.0,0,2
9020,성수,광진구,군자동,NRH12,,2.5,0,2230
9020,성수,광진구,군자동,NRH12,,3.0,0,1
9020,성수,광진구,군자동,NRH12,,4.0,0,207
9020,성수,광진구,군자동,NRH12,,6.0,0,10
9020,성수,광진구,군자동,NRH12,,10.0,0,3
9020,성수,광진구,군자동,NWH41,,2.5,0,1
9020,성수,광진구,군자동,NWH41,,4.0,0,2
9020,성수,광진구,군자동,NWH41,,6.0,0,4
9020,성수,광진구,군자동,NWH41,,10.0,0,2
9020,성수,광진구,군자동,NWH41,,16.0,0,1
9020,성수,광진구,군자동,NWH41,,25.0,0,2
9020,성수,광진구,군자동,NWH41,,40.0,0,4
9020,성수,광진구,군자동,NWH42,,40.0,0,1
9020,성수,성동구,성수1가제1동,NAH36,,40.0,0,1
9020,성수,성동구,성수1가제1동,NAH36,,65.0,0,1
9020,성수,성동구,성수1가제1동,NAH36,,100.0,0,2
9020,성수,성동구,성수1가제1동,NCH20,,2.5,0,16
9020,성수,성동구,성수1가제1동,NCH20,,3.0,0,1
9020,성수,성동구,성수1가제1동,NCH20,,4.0,0,77
9020,성수,성동구,성수1가제1동,NCH20,,5.0,0,3
9020,성수,성동구,성수1가제1동,NCH20,,6.0,0,93
9020,성수,성동구,성수1가제1동,NCH20,,7.0,0,1
9020,성수,성동구,성수1가제1동,NCH20,,10.0,0,70
9020,성수,성동구,성수1가제1동,NCH20,,16.0,0,36
9020,성수,성동구,성수1가제1동,NCH20,,25.0,0,17
9020,성수,성동구,성수1가제1동,NCH20,,40.0,0,6
9020,성수,성동구,성수1가제1동,NCH20,,65.0,0,3
9020,성수,성동구,성수1가제1동,NCH20,,100.0,0,2
9020,성수,성동구,성수1가제1동,NCH34,,100.0,0,1
9020,성수,성동구,성수1가제1동,NCH34,,160.0,0,1
9020,성수,성동구,성수1가제1동,NFH80,,2.5,0,1
9020,성수,성동구,성수1가제1동,NFH80,,4.0,0,3
9020,성수,성동구,성수1가제1동,NFH80,,6.0,0,2
9020,성수,성동구,성수1가제1동,NFH80,,10.0,0,1
9020,성수,성동구,성수1가제1동,NIH40,,4.0,0,1
9020,성수,성동구,성수1가제1동,NIH40,,16.0,0,2
9020,성수,성동구,성수1가제1동,NIH40,,40.0,0,2
9020,성수,성동구,성수1가제1동,NIH40,,160.0,0,1
9020,성수,성동구,성수1가제1동,NOH30,,2.5,0,7
9020,성수,성동구,성수1가제1동,NOH30,,3.0,0,3
9020,성수,성동구,성수1가제1동,NOH30,,4.0,0,19
9020,성수,성동구,성수1가제1동,NOH30,,6.0,0,8
9020,성수,성동구,성수1가제1동,NOH30,,10.0,0,1
9020,성수,성동구,성수1가제1동,NOH30,,25.0,0,4
9020,성수,성동구,성수1가제1동,NOH30,,40.0,0,2
9020,성수,성동구,성수1가제1동,NOH30,,100.0,0,2
9020,성수,성동구,성수1가제1동,NRC10,,2.5,0,20
9020,성수,성동구,성수1가제1동,NRC10,,3.0,0,1
9020,성수,성동구,성수1가제1동,NRC10,,4.0,0,36
9020,성수,성동구,성수1가제1동,NRH11,,2.0,0,1
9020,성수,성동구,성수1가제1동,NRH11,,2.5,0,191
9020,성수,성동구,성수1가제1동,NRH11,,3.0,0,38
9020,성수,성동구,성수1가제1동,NRH11,,4.0,0,5523
9020,성수,성동구,성수1가제1동,NRH11,,6.0,0,389
9020,성수,성동구,성수1가제1동,NRH11,,10.0,0,1
9020,성수,성동구,성수1가제1동,NRH12,,2.5,0,557
9020,성수,성동구,성수1가제1동,NRH12,,4.0,0,614
9020,성수,성동구,성수1가제1동,NRH12,,6.0,0,7
9020,성수,성동구,성수1가제1동,NRH14,,2.5,0,17
9020,성수,성동구,성수1가제1동,NRH14,,4.0,0,34
9020,성수,성동구,성수1가제1동,NWH41,,4.0,0,9
9020,성수,성동구,성수1가제1동,NWH41,,6.0,0,4
9020,성수,성동구,성수1가제1동,NWH41,,16.0,0,2
9020,성수,성동구,성수1가제1동,NWH41,,25.0,0,1
9020,성수,성동구,성수1가제2동,NAH36,,10.0,0,1
9020,성수,성동구,성수1가제2동,NAH36,,25.0,0,2
9020,성수,성동구,성수1가제2동,NAH36,,40.0,0,2
9020,성수,성동구,성수1가제2동,NAH36,,65.0,0,2
9020,성수,성동구,성수1가제2동,NAH36,,160.0,0,2
9020,성수,성동구,성수1가제2동,NAH36,,250.0,0,1
9020,성수,성동구,성수1가제2동,NCH20,,2.5,0,74
9020,성수,성동구,성수1가제2동,NCH20,,3.0,0,8
9020,성수,성동구,성수1가제2동,NCH20,,4.0,0,173
9020,성수,성동구,성수1가제2동,NCH20,,5.0,0,2
9020,성수,성동구,성수1가제2동,NCH20,,6.0,0,173
9020,성수,성동구,성수1가제2동,NCH20,,7.0,0,2
9020,성수,성동구,성수1가제2동,NCH20,,10.0,0,247
9020,성수,성동구,성수1가제2동,NCH20,,16.0,0,90
9020,성수,성동구,성수1가제2동,NCH20,,25.0,0,33
9020,성수,성동구,성수1가제2동,NCH20,,40.0,0,9
9020,성수,성동구,성수1가제2동,NCH20,,65.0,0,5
9020,성수,성동구,성수1가제2동,NCH20,,100.0,0,4
9020,성수,성동구,성수1가제2동,NCH20,,160.0,0,1
9020,성수,성동구,성수1가제2동,NCH20,,250.0,0,1
9020,성수,성동구,성수1가제2동,NCH20,,400.0,0,1
9020,성수,성동구,성수1가제2동,NCH20,,650.0,0,1
9020,성수,성동구,성수1가제2동,NCH34,,65.0,0,1
9020,성수,성동구,성수1가제2동,NFH80,,2.5,0,4
9020,성수,성동구,성수1가제2동,NFH80,,4.0,0,3
9020,성수,성동구,성수1가제2동,NFH80,,10.0,0,1
9020,성수,성동구,성수1가제2동,NFH80,,16.0,0,1
9020,성수,성동구,성수1가제2동,NFH80,,25.0,0,1
9020,성수,성동구,성수1가제2동,NGH37,,65.0,0,1
9020,성수,성동구,성수1가제2동,NHO46,,250.0,0,2
9020,성수,성동구,성수1가제2동,NIH40,,10.0,0,1
9020,성수,성동구,성수1가제2동,NIH40,,16.0,0,1
9020,성수,성동구,성수1가제2동,NIH40,,25.0,0,2
9020,성수,성동구,성수1가제2동,NOH30,,2.5,0,13
9020,성수,성동구,성수1가제2동,NOH30,,4.0,0,40
9020,성수,성동구,성수1가제2동,NOH30,,5.0,0,2
9020,성수,성동구,성수1가제2동,NOH30,,6.0,0,28
9020,성수,성동구,성수1가제2동,NOH30,,10.0,0,9
9020,성수,성동구,성수1가제2동,NOH30,,16.0,0,4
9020,성수,성동구,성수1가제2동,NOH30,,25.0,0,2
9020,성수,성동구,성수1가제2동,NOH30,,40.0,0,7
9020,성수,성동구,성수1가제2동,NOH30,,65.0,0,1
9020,성수,성동구,성수1가제2동,NOH30,,160.0,0,1
9020,성수,성동구,성수1가제2동,NOH30,,650.0,0,1
9020,성수,성동구,성수1가제2동,NRC10,,2.5,0,3
9020,성수,성동구,성수1가제2동,NRC10,,4.0,0,4
9020,성수,성동구,성수1가제2동,NRH11,,2.5,0,120
9020,성수,성동구,성수1가제2동,NRH11,,3.0,0,23
9020,성수,성동구,성수1가제2동,NRH11,,4.0,0,6280
9020,성수,성동구,성수1가제2동,NRH11,,6.0,0,237
9020,성수,성동구,성수1가제2동,NRH11,,10.0,0,231
9020,성수,성동구,성수1가제2동,NRH12,,2.5,0,694
9020,성수,성동구,성수1가제2동,NRH12,,4.0,0,611
9020,성수,성동구,성수1가제2동,NRH12,,6.0,0,10
9020,성수,성동구,성수1가제2동,NRH12,,10.0,0,2
9020,성수,성동구,성수1가제2동,NTH62,,650.0,0,1
9020,성수,성동구,성수1가제2동,NWH41,,4.0,0,6
9020,성수,성동구,성수1가제2동,NWH41,,6.0,0,3
9020,성수,성동구,성수1가제2동,NWH41,,10.0,0,1
9020,성수,성동구,성수1가제2동,NWH41,,16.0,0,3
9020,성수,성동구,성수1가제2동,NWH41,,25.0,0,1
9020,성수,성동구,성수2가제1동,NAH36,,25.0,0,2
9020,성수,성동구,성수2가제1동,NAH36,,40.0,0,5
9020,성수,성동구,성수2가제1동,NAH36,,65.0,0,1
9020,성수,성동구,성수2가제1동,NAH36,,250.0,0,1
9020,성수,성동구,성수2가제1동,NCH20,,2.5,0,31
9020,성수,성동구,성수2가제1동,NCH20,,3.0,0,2
9020,성수,성동구,성수2가제1동,NCH20,,4.0,0,117
9020,성수,성동구,성수2가제1동,NCH20,,5.0,0,2
9020,성수,성동구,성수2가제1동,NCH20,,6.0,0,152
9020,성수,성동구,성수2가제1동,NCH20,,10.0,0,172
9020,성수,성동구,성수2가제1동,NCH20,,16.0,0,73
9020,성수,성동구,성수2가제1동,NCH20,,25.0,0,31
9020,성수,성동구,성수2가제1동,NCH20,,40.0,0,16
9020,성수,성동구,성수2가제1동,NCH20,,65.0,0,5
9020,성수,성동구,성수2가제1동,NCH20,,100.0,0,4
9020,성수,성동구,성수2가제1동,NCH20,,160.0,0,1
9020,성수,성동구,성수2가제1동,NCH34,,10.0,0,1
9020,성수,성동구,성수2가제1동,NCH34,,40.0,0,2
9020,성수,성동구,성수2가제1동,NCH34,,65.0,0,1
9020,성수,성동구,성수2가제1동,NFH80,,2.5,0,2
9020,성수,성동구,성수2가제1동,NFH80,,4.0,0,1
9020,성수,성동구,성수2가제1동,NFH80,,6.0,0,1
9020,성수,성동구,성수2가제1동,NIH40,,4.0,0,1
9020,성수,성동구,성수2가제1동,NIH40,,6.0,0,5
9020,성수,성동구,성수2가제1동,NIH40,,10.0,0,1
9020,성수,성동구,성수2가제1동,NIH40,,16.0,0,3
9020,성수,성동구,성수2가제1동,NIH40,,25.0,0,13
9020,성수,성동구,성수2가제1동,NIH40,,40.0,0,3
9020,성수,성동구,성수2가제1동,NIH40,,65.0,0,1
9020,성수,성동구,성수2가제1동,NIH40,,100.0,0,1
9020,성수,성동구,성수2가제1동,NIH40,,160.0,0,1
9020,성수,성동구,성수2가제1동,NOH30,,2.5,0,7
9020,성수,성동구,성수2가제1동,NOH30,,3.0,0,3
9020,성수,성동구,성수2가제1동,NOH30,,4.0,0,39
9020,성수,성동구,성수2가제1동,NOH30,,5.0,0,2
9020,성수,성동구,성수2가제1동,NOH30,,6.0,0,12
9020,성수,성동구,성수2가제1동,NOH30,,10.0,0,7
9020,성수,성동구,성수2가제1동,NOH30,,16.0,0,3
9020,성수,성동구,성수2가제1동,NOH30,,25.0,0,5
9020,성수,성동구,성수2가제1동,NOH30,,40.0,0,2
9020,성수,성동구,성수2가제1동,NOH30,,100.0,0,5
9020,성수,성동구,성수2가제1동,NOH30,,160.0,0,1
9020,성수,성동구,성수2가제1동,NRC10,,2.5,0,60
9020,성수,성동구,성수2가제1동,NRC10,,3.0,0,7
9020,성수,성동구,성수2가제1동,NRC10,,4.0,0,4
9020,성수,성동구,성수2가제1동,NRH11,,2.0,0,1
9020,성수,성동구,성수2가제1동,NRH11,,2.5,0,333
9020,성수,성동구,성수2가제1동,NRH11,,3.0,0,98
9020,성수,성동구,성수2가제1동,NRH11,,4.0,0,6417
9020,성수,성동구,성수2가제1동,NRH11,,5.0,0,1
9020,성수,성동구,성수2가제1동,NRH11,,6.0,0,989
9020,성수,성동구,성수2가제1동,NRH11,,10.0,0,12
9020,성수,성동구,성수2가제1동,NRH12,,2.5,0,206
9020,성수,성동구,성수2가제1동,NRH12,,3.0,0,1
9020,성수,성동구,성수2가제1동,NRH12,,4.0,0,47
9020,성수,성동구,성수2가제1동,NRH12,,6.0,0,2
9020,성수,성동구,성수2가제1동,NRH14,,2.5,0,58
9020,성수,성동구,성수2가제1동,NRH14,,4.0,0,2
9020,성수,성동구,성수2가제1동,NWH41,,2.5,0,1
9020,성수,성동구,성수2가제1동,NWH41,,4.0,0,2
9020,성수,성동구,성수2가제1동,NWH41,,6.0,0,3
9020,성수,성동구,성수2가제1동,NWH41,,10.0,0,2
9020,성수,성동구,성수2가제1동,NWH41,,16.0,0,1
9020,성수,성동구,성수2가제1동,NWH41,,25.0,0,1
9020,성수,성동구,성수2가제3동,NAH36,,4.0,0,1
9020,성수,성동구,성수2가제3동,NAH36,,6.0,0,1
9020,성수,성동구,성수2가제3동,NAH36,,10.0,0,10
9020,성수,성동구,성수2가제3동,NAH36,,25.0,0,3
9020,성수,성동구,성수2가제3동,NAH36,,40.0,0,5
9020,성수,성동구,성수2가제3동,NAH36,,65.0,0,2
9020,성수,성동구,성수2가제3동,NAH36,,250.0,0,2
9020,성수,성동구,성수2가제3동,NAH36,,400.0,0,2
9020,성수,성동구,성수2가제3동,NCH20,,2.5,0,77
9020,성수,성동구,성수2가제3동,NCH20,,3.0,0,29
9020,성수,성동구,성수2가제3동,NCH20,,4.0,0,144
9020,성수,성동구,성수2가제3동,NCH20,,5.0,0,7
9020,성수,성동구,성수2가제3동,NCH20,,6.0,0,143
9020,성수,성동구,성수2가제3동,NCH20,,7.0,0,1
9020,성수,성동구,성수2가제3동,NCH20,,10.0,0,238
9020,성수,성동구,성수2가제3동,NCH20,,16.0,0,120
9020,성수,성동구,성수2가제3동,NCH20,,25.0,0,88
9020,성수,성동구,성수2가제3동,NCH20,,40.0,0,54
9020,성수,성동구,성수2가제3동,NCH20,,65.0,0,14
9020,성수,성동구,성수2가제3동,NCH20,,100.0,0,11
9020,성수,성동구,성수2가제3동,NCH20,,160.0,0,4
9020,성수,성동구,성수2가제3동,NCH20,,250.0,0,1
9020,성수,성동구,성수2가제3동,NCH34,,4.0,0,1
9020,성수,성동구,성수2가제3동,NCH34,,25.0,0,2
9020,성수,성동구,성수2가제3동,NCH34,,40.0,0,1
9020,성수,성동구,성수2가제3동,NCH34,,250.0,0,2
9020,성수,성동구,성수2가제3동,NCH34,,400.0,0,1
9020,성수,성동구,성수2가제3동,NFH80,,2.5,0,2
9020,성수,성동구,성수2가제3동,NFH80,,4.0,0,5
9020,성수,성동구,성수2가제3동,NFH80,,6.0,0,2
9020,성수,성동구,성수2가제3동,NIH40,,2.5,0,1
9020,성수,성동구,성수2가제3동,NIH40,,4.0,0,5
9020,성수,성동구,성수2가제3동,NIH40,,6.0,0,5
9020,성수,성동구,성수2가제3동,NIH40,,10.0,0,6
9020,성수,성동구,성수2가제3동,NIH40,,16.0,0,3
9020,성수,성동구,성수2가제3동,NIH40,,25.0,0,13
9020,성수,성동구,성수2가제3동,NIH40,,40.0,0,12
9020,성수,성동구,성수2가제3동,NIH40,,65.0,0,3
9020,성수,성동구,성수2가제3동,NIH40,,100.0,0,12
9020,성수,성동구,성수2가제3동,NIH40,,160.0,0,4
9020,성수,성동구,성수2가제3동,NIH40,,250.0,0,4
9020,성수,성동구,성수2가제3동,NIH40,,400.0,0,2
9020,성수,성동구,성수2가제3동,NOH30,,2.5,0,15
9020,성수,성동구,성수2가제3동,NOH30,,3.0,0,12
9020,성수,성동구,성수2가제3동,NOH30,,4.0,0,136
9020,성수,성동구,성수2가제3동,NOH30,,5.0,0,7
9020,성수,성동구,성수2가제3동,NOH30,,6.0,0,54
9020,성수,성동구,성수2가제3동,NOH30,,10.0,0,13
9020,성수,성동구,성수2가제3동,NOH30,,16.0,0,13
9020,성수,성동구,성수2가제3동,NOH30,,25.0,0,12
9020,성수,성동구,성수2가제3동,NOH30,,40.0,0,2
9020,성수,성동구,성수2가제3동,NOH30,,65.0,0,5
9020,성수,성동구,성수2가제3동,NOH30,,100.0,0,3
9020,성수,성동구,성수2가제3동,NOH30,,160.0,0,5
9020,성수,성동구,성수2가제3동,NOH30,,250.0,0,3
9020,성수,성동구,성수2가제3동,NRC10,,2.5,0,1
9020,성수,성동구,성수2가제3동,NRC10,,3.0,0,1
9020,성수,성동구,성수2가제3동,NRC10,,4.0,0,2
9020,성수,성동구,성수2가제3동,NRC10,,6.0,0,1
9020,성수,성동구,성수2가제3동,NRC10,,10.0,0,1
9020,성수,성동구,성수2가제3동,NRH11,,2.5,0,185
9020,성수,성동구,성수2가제3동,NRH11,,3.0,0,10
9020,성수,성동구,성수2가제3동,NRH11,,4.0,0,2107
9020,성수,성동구,성수2가제3동,NRH11,,6.0,0,1392
9020,성수,성동구,성수2가제3동,NRH11,,10.0,0,4
9020,성수,성동구,성수2가제3동,NRH12,,2.5,0,885
9020,성수,성동구,성수2가제3동,NRH12,,4.0,0,403
9020,성수,성동구,성수2가제3동,NRH12,,6.0,0,2
9020,성수,성동구,성수2가제3동,NRH12,,10.0,0,2
9020,성수,성동구,성수2가제3동,NWH41,,4.0,0,7
9020,성수,성동구,성수2가제3동,NWH41,,6.0,0,2
9020,성수,성동구,성수2가제3동,NWH41,,16.0,0,2
9020,성수,성동구,성수2가제3동,NWH41,,25.0,0,1
9020,성수,성동구,송정동,NAH36,,10.0,0,2
9020,성수,성동구,송정동,NCH20,,2.5,0,10
9020,성수,성동구,송정동,NCH20,,3.0,0,1
9020,성수,성동구,송정동,NCH20,,4.0,0,44
9020,성수,성동구,송정동,NCH20,,5.0,0,1
9020,성수,성동구,송정동,NCH20,,6.0,0,37
9020,성수,성동구,송정동,NCH20,,10.0,0,24
9020,성수,성동구,송정동,NCH20,,16.0,0,16
9020,성수,성동구,송정동,NCH20,,25.0,0,5
9020,성수,성동구,송정동,NCH20,,40.0,0,5
9020,성수,성동구,송정동,NCH20,,65.0,0,1
9020,성수,성동구,송정동,NCH34,,40.0,0,1
9020,성수,성동구,송정동,NCH34,,100.0,0,1
9020,성수,성동구,송정동,NIH40,,10.0,0,1
9020,성수,성동구,송정동,NOH30,,2.5,0,15
9020,성수,성동구,송정동,NOH30,,4.0,0,13
9020,성수,성동구,송정동,NOH30,,5.0,0,1
9020,성수,성동구,송정동,NOH30,,6.0,0,3
9020,성수,성동구,송정동,NOH30,,10.0,0,3
9020,성수,성동구,송정동,NOH30,,16.0,0,2
9020,성수,성동구,송정동,NOH30,,160.0,0,1
9020,성수,성동구,송정동,NRC10,,3.0,0,3
9020,성수,성동구,송정동,NRC10,,4.0,0,5
9020,성수,성동구,송정동,NRH11,,2.5,0,249
9020,성수,성동구,송정동,NRH11,,3.0,0,41
9020,성수,성동구,송정동,NRH11,,4.0,0,4767
9020,성수,성동구,송정동,NRH11,,6.0,0,434
9020,성수,성동구,송정동,NRH11,,10.0,0,2
9020,성수,성동구,송정동,NRH12,,2.5,0,382
9020,성수,성동구,송정동,NRH12,,4.0,0,207
9020,성수,성동구,송정동,NRH12,,6.0,0,5
9020,성수,성동구,송정동,NWH41,,4.0,0,7
9020,성수,성동구,송정동,NWH41,,6.0,0,2
9020,성수,성동구,송정동,NWH41,,10.0,0,2
9020,성수,성동구,송정동,NWH41,,16.0,0,1
9020,성수,성동구,송정동,NWH41,,65.0,0,1
9020,성수,성동구,송정동,NWH42,,10.0,0,3
9020,성수,성동구,용답동,NAH36,,4.0,0,1
9020,성수,성동구,용답동,NCH20,,16.0,0,1
9020,성수,성동구,용답동,NCH20,,40.0,0,1
9020,성수,성동구,용답동,NCH34,,650.0,0,3
9020,성수,성동구,용답동,NCH34,,1000.0,0,1
9020,성수,성동구,용답동,NOH30,,6.0,0,1
9021,정릉,성북구,길음제1동,NCH20,,2.5,0,2
9021,정릉,성북구,길음제1동,NCH20,,4.0,0,1
9021,정릉,성북구,길음제1동,NCH20,,16.0,0,2
9021,정릉,성북구,길음제1동,NOH30,,2.5,0,1
9021,정릉,성북구,길음제1동,NOH30,,4.0,0,1
9021,정릉,성북구,길음제1동,NOH30,,10.0,0,1
9021,정릉,성북구,길음제1동,NRH11,,4.0,0,702
9021,정릉,성북구,길음제1동,NWH41,,4.0,0,2
9021,정릉,성북구,길음제1동,NWH41,,25.0,0,1
9021,정릉,성북구,돈암제1동,NRH11,,4.0,0,55
9021,정릉,성북구,돈암제1동,NRH11,,6.0,0,26
9021,정릉,성북구,돈암제2동,NAH36,,65.0,0,1
9021,정릉,성북구,돈암제2동,NAH36,,160.0,0,1
9021,정릉,성북구,돈암제2동,NAH36,,400.0,0,2
9021,정릉,성북구,돈암제2동,NCH20,,2.5,0,6
9021,정릉,성북구,돈암제2동,NCH20,,4.0,0,24
9021,정릉,성북구,돈암제2동,NCH20,,6.0,0,36
9021,정릉,성북구,돈암제2동,NCH20,,10.0,0,20
9021,정릉,성북구,돈암제2동,NCH20,,16.0,0,11
9021,정릉,성북구,돈암제2동,NCH20,,25.0,0,8
9021,정릉,성북구,돈암제2동,NCH20,,40.0,0,4
9021,정릉,성북구,돈암제2동,NCH20,,65.0,0,1
9021,정릉,성북구,돈암제2동,NCH34,,160.0,0,1
9021,정릉,성북구,돈암제2동,NCH34,,283.0,0,1
9021,정릉,성북구,돈암제2동,NCH34,,400.0,0,1
9021,정릉,성북구,돈암제2동,NOH30,,2.5,0,1
9021,정릉,성북구,돈암제2동,NOH30,,4.0,0,8
9021,정릉,성북구,돈암제2동,NOH30,,6.0,0,3
9021,정릉,성북구,돈암제2동,NOH30,,10.0,0,3
9021,정릉,성북구,돈암제2동,NOH30,,16.0,0,2
9021,정릉,성북구,돈암제2동,NOH30,,40.0,0,2
9021,정릉,성북구,돈암제2동,NOH30,,100.0,0,1
9021,정릉,성북구,돈암제2동,NRC10,,2.0,0,404
9021,정릉,성북구,돈암제2동,NRC10,,2.5,0,3801
9021,정릉,성북구,돈암제2동,NRH11,,2.5,0,22
9021,정릉,성북구,돈암제2동,NRH11,,4.0,0,3064
9021,정릉,성북구,돈암제2동,NRH11,,6.0,0,793
9021,정릉,성북구,돈암제2동,NRH12,,2.5,0,91
9021,정릉,성북구,돈암제2동,NRH12,,4.0,0,11
9021,정릉,성북구,돈암제2동,NRH12,,6.0,0,1
9021,정릉,성북구,돈암제2동,NRH12,,10.0,0,1
9021,정릉,성북구,돈암제2동,NRH50,,1600.0,0,5
9021,정릉,성북구,돈암제2동,NWH41,,2.5,0,1
9021,정릉,성북구,돈암제2동,NWH41,,4.0,0,5
9021,정릉,성북구,돈암제2동,NWH41,,6.0,0,8
9021,정릉,성북구,돈암제2동,NWH41,,10.0,0,1
9021,정릉,성북구,돈암제2동,NWH41,,16.0,0,1
9021,정릉,성북구,돈암제2동,NWH41,,40.0,0,1
9021,정릉,성북구,동선동,NAH36,,25.0,0,1
9021,정릉,성북구,동선동,NAH36,,40.0,0,2
9021,정릉,성북구,동선동,NAH36,,65.0,0,5
9021,정릉,성북구,동선동,NAH36,,100.0,0,1
9021,정릉,성북구,동선동,NAH36,,250.0,0,1
9021,정릉,성북구,동선동,NCH20,,2.5,0,121
9021,정릉,성북구,동선동,NCH20,,3.0,0,1
9021,정릉,성북구,동선동,NCH20,,4.0,0,111
9021,정릉,성북구,동선동,NCH20,,5.0,0,4
9021,정릉,성북구,동선동,NCH20,,6.0,0,155
9021,정릉,성북구,동선동,NCH20,,10.0,0,161
9021,정릉,성북구,동선동,NCH20,,16.0,0,107
9021,정릉,성북구,동선동,NCH20,,25.0,0,27
9021,정릉,성북구,동선동,NCH20,,40.0,0,16
9021,정릉,성북구,동선동,NCH20,,65.0,0,5
9021,정릉,성북구,동선동,NCH20,,100.0,0,1
9021,정릉,성북구,동선동,NCH20,,160.0,0,4
9021,정릉,성북구,동선동,NCH21,,100.0,0,1
9021,정릉,성북구,동선동,NCH34,,10.0,0,1
9021,정릉,성북구,동선동,NCH34,,25.0,0,1
9021,정릉,성북구,동선동,NFH80,,2.5,0,1
9021,정릉,성북구,동선동,NOH30,,2.5,0,22
9021,정릉,성북구,동선동,NOH30,,3.0,0,4
9021,정릉,성북구,동선동,NOH30,,4.0,0,33
9021,정릉,성북구,동선동,NOH30,,5.0,0,3
9021,정릉,성북구,동선동,NOH30,,6.0,0,41
9021,정릉,성북구,동선동,NOH30,,7.0,0,1
9021,정릉,성북구,동선동,NOH30,,10.0,0,8
9021,정릉,성북구,동선동,NOH30,,16.0,0,5
9021,정릉,성북구,동선동,NOH30,,25.0,0,5
9021,정릉,성북구,동선동,NOH30,,40.0,0,5
9021,정릉,성북구,동선동,NOH30,,65.0,0,1
9021,정릉,성북구,동선동,NOH30,,100.0,0,2
9021,정릉,성북구,동선동,NOH30,,160.0,0,1
9021,정릉,성북구,동선동,NRC10,,2.5,0,3
9021,정릉,성북구,동선동,NRC10,,3.0,0,2
9021,정릉,성북구,동선동,NRC10,,4.0,0,6
9021,정릉,성북구,동선동,NRH11,,2.5,0,494
9021,정릉,성북구,동선동,NRH11,,3.0,0,5
9021,정릉,성북구,동선동,NRH11,,4.0,0,2718
9021,정릉,성북구,동선동,NRH11,,6.0,0,464
9021,정릉,성북구,동선동,NRH11,,10.0,0,16
9021,정릉,성북구,동선동,NRH11,,16.0,0,7
9021,정릉,성북구,동선동,NRH12,,2.5,0,2235
9021,정릉,성북구,동선동,NRH12,,3.0,0,1
9021,정릉,성북구,동선동,NRH12,,4.0,0,185
9021,정릉,성북구,동선동,NRH12,,6.0,0,1
9021,정릉,성북구,동선동,NRH12,,10.0,0,2
9021,정릉,성북구,동선동,NWH41,,2.5,0,1
9021,정릉,성북구,동선동,NWH41,,4.0,0,7
9021,정릉,성북구,동선동,NWH41,,6.0,0,6
9021,정릉,성북구,동선동,NWH41,,10.0,0,5
9021,정릉,성북구,동선동,NWH41,,16.0,0,1
9021,정릉,성북구,성북동,NAH36,,10.0,0,1
9021,정릉,성북구,성북동,NAH36,,16.0,0,5
9021,정릉,성북구,성북동,NAH36,,25.0,0,1
9021,정릉,성북구,성북동,NAH36,,40.0,0,2
9021,정릉,성북구,성북동,NAH36,,100.0,0,1
9021,정릉,성북구,성북동,NCH20,,2.5,0,36
9021,정릉,성북구,성북동,NCH20,,3.0,0,1
9021,정릉,성북구,성북동,NCH20,,4.0,0,113
9021,정릉,성북구,성북동,NCH20,,5.0,0,3
9021,정릉,성북구,성북동,NCH20,,6.0,0,93
9021,정릉,성북구,성북동,NCH20,,7.0,0,2
9021,정릉,성북구,성북동,NCH20,,10.0,0,94
9021,정릉,성북구,성북동,NCH20,,16.0,0,72
9021,정릉,성북구,성북동,NCH20,,25.0,0,37
9021,정릉,성북구,성북동,NCH20,,40.0,0,21
9021,정릉,성북구,성북동,NCH20,,65.0,0,4
9021,정릉,성북구,성북동,NCH20,,100.0,0,2
9021,정릉,성북구,성북동,NCH34,,25.0,0,1
9021,정릉,성북구,성북동,NCH34,,40.0,0,1
9021,정릉,성북구,성북동,NCH34,,100.0,0,1
9021,정릉,성북구,성북동,NFH80,,2.5,0,1
9021,정릉,성북구,성북동,NFH80,,4.0,0,1
9021,정릉,성북구,성북동,NFH80,,6.0,0,2
9021,정릉,성북구,성북동,NFH80,,10.0,0,1
9021,정릉,성북구,성북동,NOH30,,2.5,0,50
9021,정릉,성북구,성북동,NOH30,,3.0,0,6
9021,정릉,성북구,성북동,NOH30,,4.0,0,39
9021,정릉,성북구,성북동,NOH30,,5.0,0,3
9021,정릉,성북구,성북동,NOH30,,6.0,0,34
9021,정릉,성북구,성북동,NOH30,,7.0,0,2
9021,정릉,성북구,성북동,NOH30,,10.0,0,13
9021,정릉,성북구,성북동,NOH30,,16.0,0,7
9021,정릉,성북구,성북동,NOH30,,25.0,0,3
9021,정릉,성북구,성북동,NOH30,,40.0,0,6
9021,정릉,성북구,성북동,NOH30,,65.0,0,6
9021,정릉,성북구,성북동,NRC10,,2.5,0,2
9021,정릉,성북구,성북동,NRC10,,3.0,0,1
9021,정릉,성북구,성북동,NRC10,,4.0,0,10
9021,정릉,성북구,성북동,NRC10,,6.0,0,2
9021,정릉,성북구,성북동,NRC10,,10.0,0,1
9021,정릉,성북구,성북동,NRC10,,16.0,0,2
9021,정릉,성북구,성북동,NRC10,,25.0,0,1
9021,정릉,성북구,성북동,NRH11,,2.5,0,434
9021,정릉,성북구,성북동,NRH11,,3.0,0,11
9021,정릉,성북구,성북동,NRH11,,4.0,0,4354
9021,정릉,성북구,성북동,NRH11,,5.0,0,3
9021,정릉,성북구,성북동,NRH11,,6.0,0,1169
9021,정릉,성북구,성북동,NRH11,,10.0,0,300
9021,정릉,성북구,성북동,NRH11,,16.0,0,280
9021,정릉,성북구,성북동,NRH11,,25.0,0,155
9021,정릉,성북구,성북동,NRH11,,40.0,0,27
9021,정릉,성북구,성북동,NRH12,,2.5,0,1105
9021,정릉,성북구,성북동,NRH12,,4.0,0,279
9021,정릉,성북구,성북동,NRH12,,6.0,0,29
9021,정릉,성북구,성북동,NRH12,,10.0,0,12
9021,정릉,성북구,성북동,NRH12,,16.0,0,5
9021,정릉,성북구,성북동,NRH12,,25.0,0,6
9021,정릉,성북구,성북동,NRH12,,40.0,0,1
9021,정릉,성북구,성북동,NRH12,,65.0,0,1
9021,정릉,성북구,성북동,NRH13,,10.0,0,2
9021,정릉,성북구,성북동,NRH15,,6.0,0,1
9021,정릉,성북구,성북동,NWH41,,2.5,0,1
9021,정릉,성북구,성북동,NWH41,,4.0,0,4
9021,정릉,성북구,성북동,NWH41,,6.0,0,5
9021,정릉,성북구,성북동,NWH41,,10.0,0,3
9021,정릉,성북구,성북동,NWH41,,16.0,0,2
9021,정릉,성북구,성북동,NWH41,,40.0,0,2
9021,정릉,성북구,정릉제1동,NAH36,,25.0,0,1
9021,정릉,성북구,정릉제1동,NAH36,,65.0,0,1
9021,정릉,성북구,정릉제1동,NCH20,,2.5,0,24
9021,정릉,성북구,정릉제1동,NCH20,,3.0,0,1
9021,정릉,성북구,정릉제1동,NCH20,,4.0,0,56
9021,정릉,성북구,정릉제1동,NCH20,,6.0,0,67
9021,정릉,성북구,정릉제1동,NCH20,,10.0,0,50
9021,정릉,성북구,정릉제1동,NCH20,,16.0,0,22
9021,정릉,성북구,정릉제1동,NCH20,,25.0,0,3
9021,정릉,성북구,정릉제1동,NCH20,,40.0,0,3
9021,정릉,성북구,정릉제1동,NCH20,,65.0,0,1
9021,정릉,성북구,정릉제1동,NCH34,,100.0,0,1
9021,정릉,성북구,정릉제1동,NOH30,,2.5,0,4
9021,정릉,성북구,정릉제1동,NOH30,,3.0,0,1
9021,정릉,성북구,정릉제1동,NOH30,,4.0,0,14
9021,정릉,성북구,정릉제1동,NOH30,,6.0,0,5
9021,정릉,성북구,정릉제1동,NOH30,,10.0,0,2
9021,정릉,성북구,정릉제1동,NOH30,,25.0,0,1
9021,정릉,성북구,정릉제1동,NRC10,,4.0,0,4
9021,정릉,성북구,정릉제1동,NRH11,,2.5,0,198
9021,정릉,성북구,정릉제1동,NRH11,,3.0,0,4
9021,정릉,성북구,정릉제1동,NRH11,,4.0,0,4901
9021,정릉,성북구,정릉제1동,NRH11,,6.0,0,1856
9021,정릉,성북구,정릉제1동,NRH11,,10.0,0,4
9021,정릉,성북구,정릉제1동,NRH11,,16.0,0,6
9021,정릉,성북구,정릉제1동,NRH11,,25.0,0,3
9021,정릉,성북구,정릉제1동,NRH12,,2.5,0,460
9021,정릉,성북구,정릉제1동,NRH12,,4.0,0,31
9021,정릉,성북구,정릉제1동,NRH12,,6.0,0,8
9021,정릉,성북구,정릉제1동,NRH12,,10.0,0,2
9021,정릉,성북구,정릉제1동,NWH41,,4.0,0,9
9021,정릉,성북구,정릉제1동,NWH41,,6.0,0,8
9021,정릉,성북구,정릉제1동,NWH41,,10.0,0,2
9021,정릉,성북구,정릉제1동,NWH41,,25.0,0,1
9021,정릉,성북구,정릉제2동,NAH36,,6.0,0,2
9021,정릉,성북구,정릉제2동,NCH20,,2.5,0,26
9021,정릉,성북구,정릉제2동,NCH20,,3.0,0,1
9021,정릉,성북구,정릉제2동,NCH20,,4.0,0,65
9021,정릉,성북구,정릉제2동,NCH20,,6.0,0,71
9021,정릉,성북구,정릉제2동,NCH20,,10.0,0,51
9021,정릉,성북구,정릉제2동,NCH20,,16.0,0,21
9021,정릉,성북구,정릉제2동,NCH20,,25.0,0,12
9021,정릉,성북구,정릉제2동,NCH20,,40.0,0,3
9021,정릉,성북구,정릉제2동,NCH20,,65.0,0,3
9021,정릉,성북구,정릉제2동,NCH34,,160.0,0,1
9021,정릉,성북구,정릉제2동,NFH80,,2.5,0,1
9021,정릉,성북구,정릉제2동,NOH30,,2.5,0,4
9021,정릉,성북구,정릉제2동,NOH30,,3.0,0,1
9021,정릉,성북구,정릉제2동,NOH30,,4.0,0,11
9021,정릉,성북구,정릉제2동,NOH30,,6.0,0,7
9021,정릉,성북구,정릉제2동,NOH30,,10.0,0,1
9021,정릉,성북구,정릉제2동,NOH30,,16.0,0,2
9021,정릉,성북구,정릉제2동,NOH30,,25.0,0,2
9021,정릉,성북구,정릉제2동,NRC10,,2.5,0,1
9021,정릉,성북구,정릉제2동,NRC10,,4.0,0,6
9021,정릉,성북구,정릉제2동,NRC10,,6.0,0,1
9021,정릉,성북구,정릉제2동,NRH11,,2.5,0,239
9021,정릉,성북구,정릉제2동,NRH11,,3.0,0,6
9021,정릉,성북구,정릉제2동,NRH11,,4.0,0,7788
9021,정릉,성북구,정릉제2동,NRH11,,6.0,0,894
9021,정릉,성북구,정릉제2동,NRH11,,10.0,0,20
9021,정릉,성북구,정릉제2동,NRH11,,16.0,0,5
9021,정릉,성북구,정릉제2동,NRH12,,2.5,0,930
9021,정릉,성북구,정릉제2동,NRH12,,4.0,0,50
9021,정릉,성북구,정릉제2동,NRH12,,6.0,0,5
9021,정릉,성북구,정릉제2동,NRH12,,10.0,0,1
9021,정릉,성북구,정릉제2동,NRH12,,16.0,0,2
9021,정릉,성북구,정릉제2동,NWH41,,4.0,0,13
9021,정릉,성북구,정릉제2동,NWH41,,6.0,0,10
9021,정릉,성북구,정릉제2동,NWH41,,10.0,0,3
9021,정릉,성북구,정릉제2동,NWH41,,16.0,0,1
9021,정릉,성북구,정릉제2동,NWH41,,40.0,0,1
9021,정릉,성북구,정릉제2동,NWH41,,160.0,0,1
9021,정릉,성북구,정릉제3동,NAH36,,10.0,0,1
9021,정릉,성북구,정릉제3동,NAH36,,25.0,0,1
9021,정릉,성북구,정릉제3동,NAH36,,65.0,0,1
9021,정릉,성북구,정릉제3동,NAH36,,100.0,0,2
9021,정릉,성북구,정릉제3동,NAH36,,400.0,0,1
9021,정릉,성북구,정릉제3동,NCH20,,2.5,0,20
9021,정릉,성북구,정릉제3동,NCH20,,4.0,0,54
9021,정릉,성북구,정릉제3동,NCH20,,5.0,0,1
9021,정릉,성북구,정릉제3동,NCH20,,6.0,0,65
9021,정릉,성북구,정릉제3동,NCH20,,10.0,0,76
9021,정릉,성북구,정릉제3동,NCH20,,16.0,0,30
9021,정릉,성북구,정릉제3동,NCH20,,25.0,0,19
9021,정릉,성북구,정릉제3동,NCH20,,40.0,0,9
9021,정릉,성북구,정릉제3동,NCH20,,65.0,0,5
9021,정릉,성북구,정릉제3동,NCH20,,100.0,0,5
9021,정릉,성북구,정릉제3동,NCH34,,160.0,0,1
9021,정릉,성북구,정릉제3동,NOH30,,2.5,0,9
9021,정릉,성북구,정릉제3동,NOH30,,4.0,0,10
9021,정릉,성북구,정릉제3동,NOH30,,6.0,0,8
9021,정릉,성북구,정릉제3동,NOH30,,10.0,0,7
9021,정릉,성북구,정릉제3동,NOH30,,25.0,0,8
9021,정릉,성북구,정릉제3동,NOH30,,40.0,0,5
9021,정릉,성북구,정릉제3동,NOH30,,65.0,0,2
9021,정릉,성북구,정릉제3동,NOH30,,100.0,0,1
9021,정릉,성북구,정릉제3동,NOH30,,250.0,0,1
9021,정릉,성북구,정릉제3동,NOH30,,400.0,0,1
9021,정릉,성북구,정릉제3동,NOH30,,1600.0,0,2
9021,정릉,성북구,정릉제3동,NRC10,,2.5,0,4
9021,정릉,성북구,정릉제3동,NRC10,,3.0,0,1
9021,정릉,성북구,정릉제3동,NRC10,,4.0,0,7
9021,정릉,성북구,정릉제3동,NRH11,,2.5,0,522
9021,정릉,성북구,정릉제3동,NRH11,,3.0,0,1
9021,정릉,성북구,정릉제3동,NRH11,,4.0,0,4591
9021,정릉,성북구,정릉제3동,NRH11,,6.0,0,775
9021,정릉,성북구,정릉제3동,NRH11,,10.0,0,13
9021,정릉,성북구,정릉제3동,NRH11,,16.0,0,6
9021,정릉,성북구,정릉제3동,NRH11,,25.0,0,1
9021,정릉,성북구,정릉제3동,NRH11,,40.0,0,1
9021,정릉,성북구,정릉제3동,NRH12,,2.5,0,2274
9021,정릉,성북구,정릉제3동,NRH12,,4.0,0,51
9021,정릉,성북구,정릉제3동,NRH12,,6.0,0,15
9021,정릉,성북구,정릉제3동,NRH12,,10.0,0,11
9021,정릉,성북구,정릉제3동,NRH12,,16.0,0,1
9021,정릉,성북구,정릉제3동,NRH12,,25.0,0,1
9021,정릉,성북구,정릉제3동,NRH50,,400.0,0,1
9021,정릉,성북구,정릉제3동,NWH41,,4.0,0,21
9021,정릉,성북구,정릉제3동,NWH41,,6.0,0,5
9021,정릉,성북구,정릉제3동,NWH41,,10.0,0,3
9021,정릉,성북구,정릉제3동,NWH41,,16.0,0,1
9021,정릉,성북구,정릉제3동,NWH41,,25.0,0,5
9021,정릉,성북구,정릉제3동,NWH41,,40.0,0,1
9021,정릉,성북구,정릉제4동,NAH36,,10.0,0,3
9021,정릉,성북구,정릉제4동,NAH36,,16.0,0,1
9021,정릉,성북구,정릉제4동,NAH36,,25.0,0,1
9021,정릉,성북구,정릉제4동,NAH36,,40.0,0,2
9021,정릉,성북구,정릉제4동,NCH20,,2.5,0,16
9021,정릉,성북구,정릉제4동,NCH20,,3.0,0,1
9021,정릉,성북구,정릉제4동,NCH20,,4.0,0,96
9021,정릉,성북구,정릉제4동,NCH20,,6.0,0,78
9021,정릉,성북구,정릉제4동,NCH20,,7.0,0,1
9021,정릉,성북구,정릉제4동,NCH20,,10.0,0,52
9021,정릉,성북구,정릉제4동,NCH20,,16.0,0,31
9021,정릉,성북구,정릉제4동,NCH20,,25.0,0,18
9021,정릉,성북구,정릉제4동,NCH20,,40.0,0,9
9021,정릉,성북구,정릉제4동,NCH20,,65.0,0,2
9021,정릉,성북구,정릉제4동,NCH34,,4.0,0,1
9021,정릉,성북구,정릉제4동,NCH34,,6.0,0,1
9021,정릉,성북구,정릉제4동,NCH34,,10.0,0,1
9021,정릉,성북구,정릉제4동,NCH34,,250.0,0,1
9021,정릉,성북구,정릉제4동,NFH80,,2.5,0,1
9021,정릉,성북구,정릉제4동,NOH30,,2.5,0,8
9021,정릉,성북구,정릉제4동,NOH30,,4.0,0,16
9021,정릉,성북구,정릉제4동,NOH30,,6.0,0,13
9021,정릉,성북구,정릉제4동,NOH30,,10.0,0,7
9021,정릉,성북구,정릉제4동,NOH30,,16.0,0,6
9021,정릉,성북구,정릉제4동,NOH30,,25.0,0,10
9021,정릉,성북구,정릉제4동,NOH30,,40.0,0,7
9021,정릉,성북구,정릉제4동,NOH30,,65.0,0,2
9021,정릉,성북구,정릉제4동,NOH30,,100.0,0,1
9021,정릉,성북구,정릉제4동,NOH30,,160.0,0,1
9021,정릉,성북구,정릉제4동,NOH30,,250.0,0,1
9021,정릉,성북구,정릉제4동,NRC10,,2.5,0,1
9021,정릉,성북구,정릉제4동,NRC10,,4.0,0,7
9021,정릉,성북구,정릉제4동,NRC10,,6.0,0,2
9021,정릉,성북구,정릉제4동,NRH11,,2.5,0,421
9021,정릉,성북구,정릉제4동,NRH11,,3.0,0,10
9021,정릉,성북구,정릉제4동,NRH11,,4.0,0,7563
9021,정릉,성북구,정릉제4동,NRH11,,6.0,0,2122
9021,정릉,성북구,정릉제4동,NRH11,,10.0,0,10
9021,정릉,성북구,정릉제4동,NRH11,,16.0,0,5
9021,정릉,성북구,정릉제4동,NRH12,,2.5,0,700
9021,정릉,성북구,정릉제4동,NRH12,,4.0,0,77
9021,정릉,성북구,정릉제4동,NRH12,,6.0,0,3
9021,정릉,성북구,정릉제4동,NRH12,,10.0,0,1
9021,정릉,성북구,정릉제4동,NTH62,,650.0,0,2
9021,정릉,성북구,정릉제4동,NWH41,,4.0,0,12
9021,정릉,성북구,정릉제4동,NWH41,,6.0,0,14
9021,정릉,성북구,정릉제4동,NWH41,,10.0,0,7
9021,정릉,성북구,정릉제4동,NWH41,,16.0,0,3
9021,정릉,성북구,정릉제4동,NWH41,,25.0,0,1
9022,서부,종로구,가회동,NAH36,,6.0,0,1
9022,서부,종로구,가회동,NAH36,,25.0,0,2
9022,서부,종로구,가회동,NAH36,,40.0,0,2
9022,서부,종로구,가회동,NAH36,,65.0,0,1
9022,서부,종로구,가회동,NAH36,,160.0,0,1
9022,서부,종로구,가회동,NAH36,,650.0,0,1
9022,서부,종로구,가회동,NCH20,,2.5,0,15
9022,서부,종로구,가회동,NCH20,,3.0,0,1
9022,서부,종로구,가회동,NCH20,,4.0,0,59
9022,서부,종로구,가회동,NCH20,,5.0,0,3
9022,서부,종로구,가회동,NCH20,,6.0,0,59
9022,서부,종로구,가회동,NCH20,,7.0,0,1
9022,서부,종로구,가회동,NCH20,,10.0,0,74
9022,서부,종로구,가회동,NCH20,,16.0,0,44
9022,서부,종로구,가회동,NCH20,,25.0,0,22
9022,서부,종로구,가회동,NCH20,,40.0,0,5
9022,서부,종로구,가회동,NCH20,,65.0,0,5
9022,서부,종로구,가회동,NCH20,,100.0,0,3
9022,서부,종로구,가회동,NCH20,,1000.0,0,1
9022,서부,종로구,가회동,NFH80,,2.5,0,1
9022,서부,종로구,가회동,NOH30,,2.5,0,8
9022,서부,종로구,가회동,NOH30,,4.0,0,33
9022,서부,종로구,가회동,NOH30,,5.0,0,2
9022,서부,종로구,가회동,NOH30,,6.0,0,14
9022,서부,종로구,가회동,NOH30,,10.0,0,6
9022,서부,종로구,가회동,NOH30,,16.0,0,3
9022,서부,종로구,가회동,NOH30,,25.0,0,4
9022,서부,종로구,가회동,NOH30,,40.0,0,4
9022,서부,종로구,가회동,NOH30,,65.0,0,1
9022,서부,종로구,가회동,NOH30,,160.0,0,1
9022,서부,종로구,가회동,NOH30,,1000.0,0,1
9022,서부,종로구,가회동,NRC10,,4.0,0,5
9022,서부,종로구,가회동,NRC10,,6.0,0,2
9022,서부,종로구,가회동,NRH11,,2.5,0,27
9022,서부,종로구,가회동,NRH11,,3.0,0,10
9022,서부,종로구,가회동,NRH11,,4.0,0,1692
9022,서부,종로구,가회동,NRH11,,5.0,0,1
9022,서부,종로구,가회동,NRH11,,6.0,0,380
9022,서부,종로구,가회동,NRH11,,10.0,0,61
9022,서부,종로구,가회동,NRH11,,16.0,0,12
9022,서부,종로구,가회동,NRH11,,25.0,0,2
9022,서부,종로구,가회동,NRH11,,40.0,0,6
9022,서부,종로구,가회동,NRH12,,2.5,0,10
9022,서부,종로구,가회동,NRH12,,4.0,0,24
9022,서부,종로구,가회동,NRH12,,6.0,0,6
9022,서부,종로구,가회동,NRH12,,10.0,0,4
9022,서부,종로구,가회동,NRH12,,16.0,0,1
9022,서부,종로구,가회동,NWH41,,4.0,0,1
9022,서부,종로구,가회동,NWH41,,6.0,0,3
9022,서부,종로구,가회동,NWH41,,10.0,0,1
9022,서부,종로구,교남동,NAH36,,6.0,0,2
9022,서부,종로구,교남동,NAH36,,10.0,0,1
9022,서부,종로구,교남동,NAH36,,25.0,0,3
9022,서부,종로구,교남동,NAH36,,40.0,0,2
9022,서부,종로구,교남동,NAH36,,65.0,0,1
9022,서부,종로구,교남동,NAH36,,100.0,0,5
9022,서부,종로구,교남동,NAH36,,160.0,0,1
9022,서부,종로구,교남동,NAH36,,250.0,0,1
9022,서부,종로구,교남동,NAH36,,400.0,0,2
9022,서부,종로구,교남동,NCH20,,2.5,0,8
9022,서부,종로구,교남동,NCH20,,4.0,0,30
9022,서부,종로구,교남동,NCH20,,5.0,0,1
9022,서부,종로구,교남동,NCH20,,6.0,0,28
9022,서부,종로구,교남동,NCH20,,10.0,0,23
9022,서부,종로구,교남동,NCH20,,16.0,0,10
9022,서부,종로구,교남동,NCH20,,25.0,0,6
9022,서부,종로구,교남동,NCH20,,40.0,0,7
9022,서부,종로구,교남동,NCH20,,65.0,0,3
9022,서부,종로구,교남동,NCH20,,160.0,0,2
9022,서부,종로구,교남동,NCH20,,250.0,0,1
9022,서부,종로구,교남동,NCH20,,400.0,0,3
9022,서부,종로구,교남동,NCH20,,650.0,0,1
9022,서부,종로구,교남동,NCH34,,160.0,0,1
9022,서부,종로구,교남동,NFH80,,10.0,0,1
9022,서부,종로구,교남동,NOH30,,4.0,0,2
9022,서부,종로구,교남동,NOH30,,6.0,0,2
9022,서부,종로구,교남동,NOH30,,10.0,0,3
9022,서부,종로구,교남동,NOH30,,16.0,0,2
9022,서부,종로구,교남동,NOH30,,25.0,0,2
9022,서부,종로구,교남동,NOH30,,40.0,0,1
9022,서부,종로구,교남동,NOH30,,65.0,0,2
9022,서부,종로구,교남동,NOH30,,160.0,0,8
9022,서부,종로구,교남동,NRC10,,4.0,0,4
9022,서부,종로구,교남동,NRH11,,2.5,0,36
9022,서부,종로구,교남동,NRH11,,3.0,0,2
9022,서부,종로구,교남동,NRH11,,4.0,0,4226
9022,서부,종로구,교남동,NRH11,,6.0,0,192
9022,서부,종로구,교남동,NRH11,,10.0,0,2
9022,서부,종로구,교남동,NRH12,,2.5,0,9
9022,서부,종로구,교남동,NRH12,,4.0,0,11
9022,서부,종로구,교남동,NRH12,,6.0,0,1
9022,서부,종로구,교남동,NWH41,,3.0,0,1
9022,서부,종로구,교남동,NWH41,,4.0,0,2
9022,서부,종로구,교남동,NWH41,,6.0,0,8
9022,서부,종로구,교남동,NWH41,,10.0,0,3
9022,서부,용산구,남영동,NAH36,,160.0,0,2
9022,서부,용산구,남영동,NOH30,,65.0,0,1
9022,서부,중구,명동,NAH36,,10.0,0,5
9022,서부,중구,명동,NAH36,,25.0,0,5
9022,서부,중구,명동,NAH36,,40.0,0,12
9022,서부,중구,명동,NAH36,,65.0,0,8
9022,서부,중구,명동,NAH36,,100.0,0,10
9022,서부,중구,명동,NAH36,,160.0,0,22
9022,서부,중구,명동,NAH36,,250.0,0,17
9022,서부,중구,명동,NAH36,,400.0,0,10
9022,서부,중구,명동,NAH36,,650.0,0,4
9022,서부,중구,명동,NAH36,,1000.0,0,2
9022,서부,중구,명동,NAH36,,1600.0,0,1
9022,서부,중구,명동,NCH20,,2.5,0,106
9022,서부,중구,명동,NCH20,,3.0,0,14
9022,서부,중구,명동,NCH20,,4.0,0,167
9022,서부,중구,명동,NCH20,,5.0,0,9
9022,서부,중구,명동,NCH20,,6.0,0,200
9022,서부,중구,명동,NCH20,,7.0,0,12
9022,서부,중구,명동,NCH20,,10.0,0,315
9022,서부,중구,명동,NCH20,,16.0,0,295
9022,서부,중구,명동,NCH20,,25.0,0,227
9022,서부,중구,명동,NCH20,,40.0,0,102
9022,서부,중구,명동,NCH20,,65.0,0,33
9022,서부,중구,명동,NCH20,,100.0,0,25
9022,서부,중구,명동,NCH20,,160.0,0,19
9022,서부,중구,명동,NCH20,,250.0,0,6
9022,서부,중구,명동,NCH20,,400.0,0,10
9022,서부,중구,명동,NCH20,,650.0,0,4
9022,서부,중구,명동,NCH20,,1000.0,0,3
9022,서부,중구,명동,NCH21,,65.0,0,1
9022,서부,중구,명동,NCH21,,100.0,0,1
9022,서부,중구,명동,NCH21,,160.0,0,2
9022,서부,중구,명동,NCH21,,250.0,0,1
9022,서부,중구,명동,NCH21,,400.0,0,1
9022,서부,중구,명동,NCH22,,400.0,0,1
9022,서부,중구,명동,NCH34,,10.0,0,1
9022,서부,중구,명동,NCH34,,25.0,0,1
9022,서부,중구,명동,NCH34,,40.0,0,2
9022,서부,중구,명동,NCH34,,100.0,0,2
9022,서부,중구,명동,NCH34,,400.0,0,1
9022,서부,중구,명동,NFH80,,2.5,0,2
9022,서부,중구,명동,NFH80,,4.0,0,3
9022,서부,중구,명동,NFH80,,6.0,0,2
9022,서부,중구,명동,NFH80,,25.0,0,2
9022,서부,중구,명동,NHO47,,250.0,0,4
9022,서부,중구,명동,NOG33,,160.0,0,2
9022,서부,중구,명동,NOH30,,2.5,0,7
9022,서부,중구,명동,NOH30,,3.0,0,2
9022,서부,중구,명동,NOH30,,4.0,0,140
9022,서부,중구,명동,NOH30,,5.0,0,4
9022,서부,중구,명동,NOH30,,6.0,0,14
9022,서부,중구,명동,NOH30,,7.0,0,1
9022,서부,중구,명동,NOH30,,10.0,0,13
9022,서부,중구,명동,NOH30,,16.0,0,3
9022,서부,중구,명동,NOH30,,25.0,0,9
9022,서부,중구,명동,NOH30,,40.0,0,9
9022,서부,중구,명동,NOH30,,65.0,0,5
9022,서부,중구,명동,NOH30,,100.0,0,12
9022,서부,중구,명동,NOH30,,160.0,0,9
9022,서부,중구,명동,NOH30,,250.0,0,12
9022,서부,중구,명동,NOH30,,400.0,0,18
9022,서부,중구,명동,NOH30,,650.0,0,8
9022,서부,중구,명동,NOH30,,1000.0,0,2
9022,서부,중구,명동,NOH30,,1600.0,0,1
9022,서부,중구,명동,NOH32,,250.0,0,1
9022,서부,중구,명동,NOH32,,650.0,0,1
9022,서부,중구,명동,NRC10,,3.0,0,1
9022,서부,중구,명동,NRC10,,4.0,0,8
9022,서부,중구,명동,NRC10,,6.0,0,1
9022,서부,중구,명동,NRH11,,2.5,0,51
9022,서부,중구,명동,NRH11,,3.0,0,2
9022,서부,중구,명동,NRH11,,4.0,0,365
9022,서부,중구,명동,NRH11,,5.0,0,1
9022,서부,중구,명동,NRH11,,6.0,0,64
9022,서부,중구,명동,NRH11,,10.0,0,5
9022,서부,중구,명동,NRH11,,16.0,0,4
9022,서부,중구,명동,NRH11,,25.0,0,1
9022,서부,중구,명동,NRH12,,2.5,0,84
9022,서부,중구,명동,NRH12,,4.0,0,32
9022,서부,중구,명동,NRH12,,6.0,0,3
9022,서부,중구,명동,NRH12,,10.0,0,4
9022,서부,중구,명동,NWH41,,4.0,0,1
9022,서부,중구,명동,NWH41,,6.0,0,2
9022,서부,중구,명동,NWH41,,16.0,0,1
9022,서부,중구,명동,NWH41,,25.0,0,2
9022,서부,중구,명동,NWH41,,40.0,0,1
9022,서부,종로구,무악동,NAH36,,4.0,0,1
9022,서부,종로구,무악동,NAH36,,65.0,0,1
9022,서부,종로구,무악동,NCH20,,2.5,0,4
9022,서부,종로구,무악동,NCH20,,4.0,0,25
9022,서부,종로구,무악동,NCH20,,6.0,0,16
9022,서부,종로구,무악동,NCH20,,7.0,0,1
9022,서부,종로구,무악동,NCH20,,10.0,0,20
9022,서부,종로구,무악동,NCH20,,16.0,0,9
9022,서부,종로구,무악동,NCH20,,25.0,0,3
9022,서부,종로구,무악동,NCH20,,40.0,0,2
9022,서부,종로구,무악동,NCH20,,65.0,0,1
9022,서부,종로구,무악동,NCH20,,250.0,0,1
9022,서부,종로구,무악동,NCH34,,160.0,0,2
9022,서부,종로구,무악동,NOH30,,3.0,0,3
9022,서부,종로구,무악동,NOH30,,4.0,0,19
9022,서부,종로구,무악동,NOH30,,6.0,0,5
9022,서부,종로구,무악동,NOH30,,16.0,0,3
9022,서부,종로구,무악동,NOH30,,25.0,0,1
9022,서부,종로구,무악동,NOH30,,100.0,0,1
9022,서부,종로구,무악동,NOH30,,160.0,0,1
9022,서부,종로구,무악동,NRC10,,4.0,0,1
9022,서부,종로구,무악동,NRC10,,6.0,0,1
9022,서부,종로구,무악동,NRH11,,2.5,0,8
9022,서부,종로구,무악동,NRH11,,3.0,0,17
9022,서부,종로구,무악동,NRH11,,4.0,0,2046
9022,서부,종로구,무악동,NRH11,,5.0,0,1
9022,서부,종로구,무악동,NRH11,,6.0,0,844
9022,서부,종로구,무악동,NRH11,,16.0,0,1
9022,서부,종로구,무악동,NRH12,,2.5,0,14
9022,서부,종로구,무악동,NRH12,,4.0,0,3
9022,서부,종로구,무악동,NRH12,,6.0,0,3
9022,서부,종로구,무악동,NWH41,,4.0,0,2
9022,서부,종로구,무악동,NWH41,,6.0,0,2
9022,서부,종로구,무악동,NWH41,,10.0,0,2
9022,서부,종로구,사직동,NAH36,,6.0,0,8
9022,서부,종로구,사직동,NAH36,,7.0,0,1
9022,서부,종로구,사직동,NAH36,,10.0,0,6
9022,서부,종로구,사직동,NAH36,,16.0,0,3
9022,서부,종로구,사직동,NAH36,,25.0,0,4
9022,서부,종로구,사직동,NAH36,,40.0,0,4
9022,서부,종로구,사직동,NAH36,,65.0,0,11
9022,서부,종로구,사직동,NAH36,,100.0,0,13
9022,서부,종로구,사직동,NAH36,,160.0,0,9
9022,서부,종로구,사직동,NAH36,,250.0,0,1
9022,서부,종로구,사직동,NAH36,,400.0,0,13
9022,서부,종로구,사직동,NAH36,,650.0,0,4
9022,서부,종로구,사직동,NAH36,,999.0,0,2
9022,서부,종로구,사직동,NCH20,,2.0,0,7
9022,서부,종로구,사직동,NCH20,,2.5,0,484
9022,서부,종로구,사직동,NCH20,,3.0,0,148
9022,서부,종로구,사직동,NCH20,,4.0,0,194
9022,서부,종로구,사직동,NCH20,,5.0,0,7
9022,서부,종로구,사직동,NCH20,,6.0,0,227
9022,서부,종로구,사직동,NCH20,,7.0,0,2
9022,서부,종로구,사직동,NCH20,,10.0,0,280
9022,서부,종로구,사직동,NCH20,,16.0,0,158
9022,서부,종로구,사직동,NCH20,,25.0,0,85
9022,서부,종로구,사직동,NCH20,,40.0,0,52
9022,서부,종로구,사직동,NCH20,,65.0,0,20
9022,서부,종로구,사직동,NCH20,,100.0,0,16
9022,서부,종로구,사직동,NCH20,,160.0,0,6
9022,서부,종로구,사직동,NCH20,,250.0,0,9
9022,서부,종로구,사직동,NCH20,,400.0,0,5
9022,서부,종로구,사직동,NCH20,,1000.0,0,2
9022,서부,종로구,사직동,NCH21,,10.0,0,1
9022,서부,종로구,사직동,NCH34,,40.0,0,1
9022,서부,종로구,사직동,NCH34,,100.0,0,1
9022,서부,종로구,사직동,NCH34,,400.0,0,1
9022,서부,종로구,사직동,NFH80,,2.5,0,1
9022,서부,종로구,사직동,NFH80,,4.0,0,1
9022,서부,종로구,사직동,NFH80,,10.0,0,1
9022,서부,종로구,사직동,NOH30,,2.5,0,16
9022,서부,종로구,사직동,NOH30,,3.0,0,3
9022,서부,종로구,사직동,NOH30,,4.0,0,81
9022,서부,종로구,사직동,NOH30,,5.0,0,3
9022,서부,종로구,사직동,NOH30,,6.0,0,31
9022,서부,종로구,사직동,NOH30,,10.0,0,23
9022,서부,종로구,사직동,NOH30,,16.0,0,10
9022,서부,종로구,사직동,NOH30,,25.0,0,9
9022,서부,종로구,사직동,NOH30,,40.0,0,6
9022,서부,종로구,사직동,NOH30,,65.0,0,2
9022,서부,종로구,사직동,NOH30,,100.0,0,6
9022,서부,종로구,사직동,NOH30,,160.0,0,6
9022,서부,종로구,사직동,NOH30,,250.0,0,6
9022,서부,종로구,사직동,NOH30,,400.0,0,10
9022,서부,종로구,사직동,NOH30,,650.0,0,1
9022,서부,종로구,사직동,NOH30,,999.0,0,2
9022,서부,종로구,사직동,NOH30,,1000.0,0,1
9022,서부,종로구,사직동,NOH30,,1600.0,0,1
9022,서부,종로구,사직동,NRC10,,2.5,0,3
9022,서부,종로구,사직동,NRC10,,3.0,0,2
9022,서부,종로구,사직동,NRC10,,4.0,0,6
9022,서부,종로구,사직동,NRC10,,6.0,0,2
9022,서부,종로구,사직동,NRC10,,10.0,0,1
9022,서부,종로구,사직동,NRH11,,2.0,0,4
9022,서부,종로구,사직동,NRH11,,2.5,0,68
9022,서부,종로구,사직동,NRH11,,3.0,0,26
9022,서부,종로구,사직동,NRH11,,4.0,0,2290
9022,서부,종로구,사직동,NRH11,,5.0,0,1
9022,서부,종로구,사직동,NRH11,,6.0,0,1319
9022,서부,종로구,사직동,NRH11,,7.0,0,1
9022,서부,종로구,사직동,NRH11,,10.0,0,41
9022,서부,종로구,사직동,NRH11,,16.0,0,10
9022,서부,종로구,사직동,NRH11,,25.0,0,5
9022,서부,종로구,사직동,NRH11,,40.0,0,3
9022,서부,종로구,사직동,NRH12,,2.5,0,28
9022,서부,종로구,사직동,NRH12,,3.0,0,12
9022,서부,종로구,사직동,NRH12,,4.0,0,1521
9022,서부,종로구,사직동,NRH12,,6.0,0,73
9022,서부,종로구,사직동,NRH12,,10.0,0,1
9022,서부,종로구,사직동,NRH12,,16.0,0,1
9022,서부,종로구,사직동,NRH12,,40.0,0,1
9022,서부,종로구,사직동,NRH50,,160.0,0,2
9022,서부,종로구,사직동,NRH50,,400.0,0,2
9022,서부,종로구,사직동,NRH51,,65.0,0,1
9022,서부,종로구,사직동,NWH41,,6.0,0,3
9022,서부,종로구,사직동,NWH41,,10.0,0,1
9022,서부,종로구,사직동,NWH41,,16.0,0,1
9022,서부,종로구,사직동,NWH41,,25.0,0,1
9022,서부,종로구,사직동,NWH41,,40.0,0,1
9022,서부,종로구,삼청동,NAH36,,6.0,0,1
9022,서부,종로구,삼청동,NAH36,,16.0,0,3
9022,서부,종로구,삼청동,NAH36,,25.0,0,1
9022,서부,종로구,삼청동,NAH36,,40.0,0,2
9022,서부,종로구,삼청동,NAH36,,65.0,0,4
9022,서부,종로구,삼청동,NAH36,,100.0,0,3
9022,서부,종로구,삼청동,NAH36,,160.0,0,1
9022,서부,종로구,삼청동,NCH20,,2.5,0,15
9022,서부,종로구,삼청동,NCH20,,3.0,0,2
9022,서부,종로구,삼청동,NCH20,,4.0,0,89
9022,서부,종로구,삼청동,NCH20,,5.0,0,4
9022,서부,종로구,삼청동,NCH20,,6.0,0,114
9022,서부,종로구,삼청동,NCH20,,7.0,0,1
9022,서부,종로구,삼청동,NCH20,,10.0,0,100
9022,서부,종로구,삼청동,NCH20,,16.0,0,49
9022,서부,종로구,삼청동,NCH20,,25.0,0,18
9022,서부,종로구,삼청동,NCH20,,40.0,0,12
9022,서부,종로구,삼청동,NCH20,,65.0,0,11
9022,서부,종로구,삼청동,NCH20,,100.0,0,1
9022,서부,종로구,삼청동,NCH20,,250.0,0,1
9022,서부,종로구,삼청동,NCH20,,400.0,0,1
9022,서부,종로구,삼청동,NCH34,,65.0,0,1
9022,서부,종로구,삼청동,NFH80,,4.0,0,1
9022,서부,종로구,삼청동,NOH30,,2.0,0,1
9022,서부,종로구,삼청동,NOH30,,2.5,0,3
9022,서부,종로구,삼청동,NOH30,,3.0,0,2
9022,서부,종로구,삼청동,NOH30,,4.0,0,28
9022,서부,종로구,삼청동,NOH30,,5.0,0,1
9022,서부,종로구,삼청동,NOH30,,6.0,0,28
9022,서부,종로구,삼청동,NOH30,,10.0,0,6
9022,서부,종로구,삼청동,NOH30,,16.0,0,4
9022,서부,종로구,삼청동,NOH30,,25.0,0,5
9022,서부,종로구,삼청동,NOH30,,40.0,0,9
9022,서부,종로구,삼청동,NOH30,,65.0,0,1
9022,서부,종로구,삼청동,NOH30,,100.0,0,1
9022,서부,종로구,삼청동,NOH30,,160.0,0,1
9022,서부,종로구,삼청동,NOH30,,650.0,0,2
9022,서부,종로구,삼청동,NOH32,,250.0,0,3
9022,서부,종로구,삼청동,NRC10,,4.0,0,12
9022,서부,종로구,삼청동,NRC10,,6.0,0,1
9022,서부,종로구,삼청동,NRH11,,2.5,0,28
9022,서부,종로구,삼청동,NRH11,,3.0,0,8
9022,서부,종로구,삼청동,NRH11,,4.0,0,860
9022,서부,종로구,삼청동,NRH11,,5.0,0,1
9022,서부,종로구,삼청동,NRH11,,6.0,0,326
9022,서부,종로구,삼청동,NRH11,,7.0,0,3
9022,서부,종로구,삼청동,NRH11,,10.0,0,39
9022,서부,종로구,삼청동,NRH11,,16.0,0,7
9022,서부,종로구,삼청동,NRH11,,25.0,0,5
9022,서부,종로구,삼청동,NRH11,,40.0,0,3
9022,서부,종로구,삼청동,NRH11,,65.0,0,1
9022,서부,종로구,삼청동,NRH12,,2.5,0,10
9022,서부,종로구,삼청동,NRH12,,4.0,0,13
9022,서부,종로구,삼청동,NRH12,,6.0,0,2
9022,서부,종로구,삼청동,NRH12,,10.0,0,2
9022,서부,종로구,삼청동,NWH41,,6.0,0,1
9022,서부,종로구,삼청동,NWH41,,25.0,0,1
9022,서부,중구,소공동,NAH36,,5.0,0,1
9022,서부,중구,소공동,NAH36,,6.0,0,2
9022,서부,중구,소공동,NAH36,,10.0,0,5
9022,서부,중구,소공동,NAH36,,16.0,0,4
9022,서부,중구,소공동,NAH36,,25.0,0,9
9022,서부,중구,소공동,NAH36,,40.0,0,9
9022,서부,중구,소공동,NAH36,,65.0,0,7
9022,서부,중구,소공동,NAH36,,100.0,0,11
9022,서부,중구,소공동,NAH36,,160.0,0,12
9022,서부,중구,소공동,NAH36,,250.0,0,11
9022,서부,중구,소공동,NAH36,,400.0,0,10
9022,서부,중구,소공동,NAH36,,650.0,0,7
9022,서부,중구,소공동,NCH20,,2.5,0,804
9022,서부,중구,소공동,NCH20,,3.0,0,2
9022,서부,중구,소공동,NCH20,,4.0,0,42
9022,서부,중구,소공동,NCH20,,5.0,0,7
9022,서부,중구,소공동,NCH20,,6.0,0,92
9022,서부,중구,소공동,NCH20,,7.0,0,1
9022,서부,중구,소공동,NCH20,,10.0,0,179
9022,서부,중구,소공동,NCH20,,16.0,0,164
9022,서부,중구,소공동,NCH20,,25.0,0,114
9022,서부,중구,소공동,NCH20,,40.0,0,52
9022,서부,중구,소공동,NCH20,,65.0,0,30
9022,서부,중구,소공동,NCH20,,100.0,0,19
9022,서부,중구,소공동,NCH20,,160.0,0,13
9022,서부,중구,소공동,NCH20,,250.0,0,9
9022,서부,중구,소공동,NCH20,,400.0,0,11
9022,서부,중구,소공동,NCH20,,1000.0,0,1
9022,서부,중구,소공동,NCH20,,1600.0,0,2
9022,서부,중구,소공동,NCH21,,65.0,0,1
9022,서부,중구,소공동,NCH21,,100.0,0,1
9022,서부,중구,소공동,NCH21,,160.0,0,3
9022,서부,중구,소공동,NCH21,,250.0,0,3
9022,서부,중구,소공동,NCH22,,650.0,0,1
9022,서부,중구,소공동,NCH22,,1000.0,0,1
9022,서부,중구,소공동,NFH80,,2.5,0,3
9022,서부,중구,소공동,NFH80,,4.0,0,2
9022,서부,중구,소공동,NFH80,,6.0,0,1
9022,서부,중구,소공동,NFH80,,25.0,0,1
9022,서부,중구,소공동,NOH30,,2.5,0,7
9022,서부,중구,소공동,NOH30,,3.0,0,3
9022,서부,중구,소공동,NOH30,,4.0,0,14
9022,서부,중구,소공동,NOH30,,6.0,0,8
9022,서부,중구,소공동,NOH30,,7.0,0,1
9022,서부,중구,소공동,NOH30,,10.0,0,2
9022,서부,중구,소공동,NOH30,,16.0,0,7
9022,서부,중구,소공동,NOH30,,25.0,0,8
9022,서부,중구,소공동,NOH30,,40.0,0,7
9022,서부,중구,소공동,NOH30,,65.0,0,9
9022,서부,중구,소공동,NOH30,,100.0,0,8
9022,서부,중구,소공동,NOH30,,160.0,0,7
9022,서부,중구,소공동,NOH30,,250.0,0,7
9022,서부,중구,소공동,NOH30,,400.0,0,16
9022,서부,중구,소공동,NOH30,,650.0,0,3
9022,서부,중구,소공동,NOH30,,1000.0,0,2
9022,서부,중구,소공동,NRC10,,3.0,0,1
9022,서부,중구,소공동,NRC10,,4.0,0,1
9022,서부,중구,소공동,NRH11,,2.5,0,2
9022,서부,중구,소공동,NRH11,,3.0,0,1
9022,서부,중구,소공동,NRH11,,4.0,0,353
9022,서부,중구,소공동,NRH11,,6.0,0,214
9022,서부,중구,소공동,NRH11,,10.0,0,1
9022,서부,중구,소공동,NRH12,,2.5,0,320
9022,서부,중구,소공동,NRH12,,3.0,0,2
9022,서부,중구,소공동,NRH12,,4.0,0,599
9022,서부,중구,소공동,NRH12,,6.0,0,97
9022,서부,중구,소공동,NRH12,,10.0,0,1
9022,서부,중구,소공동,NWH41,,4.0,0,1
9022,서부,중구,소공동,NWH41,,6.0,0,1
9022,서부,중구,소공동,NWH41,,16.0,0,3
9022,서부,중구,소공동,NWH41,,25.0,0,1
9022,서부,마포구,아현동,NCH20,,4.0,0,3
9022,서부,마포구,아현동,NCH20,,10.0,0,1
9022,서부,마포구,아현동,NRH11,,4.0,0,19
9022,서부,마포구,아현동,NRH11,,6.0,0,2
9022,서부,중구,중림동,NAH36,,2.5,0,1
9022,서부,중구,중림동,NAH36,,10.0,0,1
9022,서부,중구,중림동,NAH36,,16.0,0,3
9022,서부,중구,중림동,NAH36,,40.0,0,3
9022,서부,중구,중림동,NAH36,,65.0,0,1
9022,서부,중구,중림동,NAH36,,100.0,0,2
9022,서부,중구,중림동,NAH36,,160.0,0,1
9022,서부,중구,중림동,NAH36,,400.0,0,2
9022,서부,중구,중림동,NCH20,,2.5,0,88
9022,서부,중구,중림동,NCH20,,3.0,0,3
9022,서부,중구,중림동,NCH20,,4.0,0,328
9022,서부,중구,중림동,NCH20,,5.0,0,3
9022,서부,중구,중림동,NCH20,,6.0,0,48
9022,서부,중구,중림동,NCH20,,7.0,0,3
9022,서부,중구,중림동,NCH20,,10.0,0,77
9022,서부,중구,중림동,NCH20,,16.0,0,39
9022,서부,중구,중림동,NCH20,,25.0,0,13
9022,서부,중구,중림동,NCH20,,40.0,0,7
9022,서부,중구,중림동,NCH20,,65.0,0,5
9022,서부,중구,중림동,NCH20,,100.0,0,4
9022,서부,중구,중림동,NCH20,,160.0,0,2
9022,서부,중구,중림동,NCH20,,250.0,0,1
9022,서부,중구,중림동,NFH80,,6.0,0,1
9022,서부,중구,중림동,NIH40,,650.0,0,2
9022,서부,중구,중림동,NOH30,,2.5,0,37
9022,서부,중구,중림동,NOH30,,3.0,0,3
9022,서부,중구,중림동,NOH30,,4.0,0,27
9022,서부,중구,중림동,NOH30,,5.0,0,1
9022,서부,중구,중림동,NOH30,,6.0,0,9
9022,서부,중구,중림동,NOH30,,10.0,0,8
9022,서부,중구,중림동,NOH30,,16.0,0,4
9022,서부,중구,중림동,NOH30,,25.0,0,3
9022,서부,중구,중림동,NOH30,,40.0,0,4
9022,서부,중구,중림동,NOH30,,65.0,0,2
9022,서부,중구,중림동,NOH30,,100.0,0,1
9022,서부,중구,중림동,NOH30,,250.0,0,1
9022,서부,중구,중림동,NRC10,,3.0,0,1
9022,서부,중구,중림동,NRC10,,4.0,0,5
9022,서부,중구,중림동,NRH11,,2.0,0,1
9022,서부,중구,중림동,NRH11,,2.5,0,61
9022,서부,중구,중림동,NRH11,,3.0,0,9
9022,서부,중구,중림동,NRH11,,4.0,0,3814
9022,서부,중구,중림동,NRH11,,5.0,0,2
9022,서부,중구,중림동,NRH11,,6.0,0,448
9022,서부,중구,중림동,NRH11,,10.0,0,1
9022,서부,중구,중림동,NRH11,,16.0,0,1
9022,서부,중구,중림동,NRH12,,2.5,0,459
9022,서부,중구,중림동,NRH12,,3.0,0,2
9022,서부,중구,중림동,NRH12,,4.0,0,754
9022,서부,중구,중림동,NRH12,,6.0,0,254
9022,서부,중구,중림동,NRH12,,10.0,0,1
9022,서부,중구,중림동,NRH12,,16.0,0,1
9022,서부,중구,중림동,NWH41,,4.0,0,5
9022,서부,중구,중림동,NWH41,,6.0,0,2
9022,서부,중구,중림동,NWH41,,10.0,0,2
9022,서부,중구,중림동,NWH41,,16.0,0,1
9022,서부,중구,중림동,NWH41,,25.0,0,2
9022,서부,서대문구,천연동,NAH36,,10.0,0,2
9022,서부,서대문구,천연동,NAH36,,16.0,0,1
9022,서부,서대문구,천연동,NAH36,,25.0,0,1
9022,서부,서대문구,천연동,NAH36,,65.0,0,1
9022,서부,서대문구,천연동,NAH36,,100.0,0,1
9022,서부,서대문구,천연동,NAH36,,160.0,0,1
9022,서부,서대문구,천연동,NCH20,,2.5,0,28
9022,서부,서대문구,천연동,NCH20,,4.0,0,86
9022,서부,서대문구,천연동,NCH20,,5.0,0,4
9022,서부,서대문구,천연동,NCH20,,6.0,0,65
9022,서부,서대문구,천연동,NCH20,,7.0,0,2
9022,서부,서대문구,천연동,NCH20,,10.0,0,73
9022,서부,서대문구,천연동,NCH20,,16.0,0,27
9022,서부,서대문구,천연동,NCH20,,25.0,0,14
9022,서부,서대문구,천연동,NCH20,,40.0,0,5
9022,서부,서대문구,천연동,NCH20,,65.0,0,3
9022,서부,서대문구,천연동,NCH20,,100.0,0,4
9022,서부,서대문구,천연동,NCH34,,65.0,0,2
9022,서부,서대문구,천연동,NCH34,,100.0,0,1
9022,서부,서대문구,천연동,NCH34,,283.0,0,1
9022,서부,서대문구,천연동,NGH37,,100.0,0,1
9022,서부,서대문구,천연동,NHO46,,100.0,0,1
9022,서부,서대문구,천연동,NOH30,,2.5,0,4
9022,서부,서대문구,천연동,NOH30,,3.0,0,2
9022,서부,서대문구,천연동,NOH30,,4.0,0,17
9022,서부,서대문구,천연동,NOH30,,6.0,0,8
9022,서부,서대문구,천연동,NOH30,,10.0,0,4
9022,서부,서대문구,천연동,NOH30,,25.0,0,6
9022,서부,서대문구,천연동,NOH30,,40.0,0,1
9022,서부,서대문구,천연동,NOH30,,65.0,0,2
9022,서부,서대문구,천연동,NOH30,,100.0,0,3
9022,서부,서대문구,천연동,NOH30,,400.0,0,1
9022,서부,서대문구,천연동,NRC10,,2.0,0,1
9022,서부,서대문구,천연동,NRC10,,2.5,0,255
9022,서부,서대문구,천연동,NRC10,,4.0,0,33
9022,서부,서대문구,천연동,NRH11,,2.5,0,91
9022,서부,서대문구,천연동,NRH11,,3.0,0,4
9022,서부,서대문구,천연동,NRH11,,4.0,0,6295
9022,서부,서대문구,천연동,NRH11,,5.0,0,1
9022,서부,서대문구,천연동,NRH11,,6.0,0,572
9022,서부,서대문구,천연동,NRH11,,10.0,0,2
9022,서부,서대문구,천연동,NRH11,,16.0,0,2
9022,서부,서대문구,천연동,NRH12,,2.5,0,167
9022,서부,서대문구,천연동,NRH12,,4.0,0,15
9022,서부,서대문구,천연동,NRH12,,6.0,0,6
9022,서부,서대문구,천연동,NRH12,,10.0,0,1
9022,서부,서대문구,천연동,NRH12,,65.0,0,1
9022,서부,서대문구,천연동,NRH14,,2.0,0,1
9022,서부,서대문구,천연동,NRH14,,2.5,0,225
9022,서부,서대문구,천연동,NRH14,,4.0,0,30
9022,서부,서대문구,천연동,NRH50,,1600.0,0,1
9022,서부,서대문구,천연동,NWH41,,2.5,0,2
9022,서부,서대문구,천연동,NWH41,,4.0,0,22
9022,서부,서대문구,천연동,NWH41,,6.0,0,6
9022,서부,서대문구,천연동,NWH41,,10.0,0,3
9022,서부,서대문구,천연동,NWH41,,16.0,0,2
9022,서부,서대문구,천연동,NWH41,,25.0,0,3
9022,서부,서대문구,천연동,NWH41,,40.0,0,2
9022,서부,서대문구,천연동,NWH42,,65.0,0,1
9022,서부,종로구,청운효자동,NAH36,,10.0,0,1
9022,서부,종로구,청운효자동,NAH36,,16.0,0,2
9022,서부,종로구,청운효자동,NAH36,,25.0,0,3
9022,서부,종로구,청운효자동,NAH36,,40.0,0,2
9022,서부,종로구,청운효자동,NAH36,,65.0,0,1
9022,서부,종로구,청운효자동,NAH36,,100.0,0,2
9022,서부,종로구,청운효자동,NAH36,,160.0,0,2
9022,서부,종로구,청운효자동,NCH20,,2.5,0,46
9022,서부,종로구,청운효자동,NCH20,,3.0,0,1
9022,서부,종로구,청운효자동,NCH20,,4.0,0,123
9022,서부,종로구,청운효자동,NCH20,,5.0,0,1
9022,서부,종로구,청운효자동,NCH20,,6.0,0,102
9022,서부,종로구,청운효자동,NCH20,,7.0,0,1
9022,서부,종로구,청운효자동,NCH20,,10.0,0,77
9022,서부,종로구,청운효자동,NCH20,,16.0,0,43
9022,서부,종로구,청운효자동,NCH20,,25.0,0,11
9022,서부,종로구,청운효자동,NCH20,,40.0,0,12
9022,서부,종로구,청운효자동,NCH20,,65.0,0,3
9022,서부,종로구,청운효자동,NCH20,,100.0,0,4
9022,서부,종로구,청운효자동,NCH20,,160.0,0,1
9022,서부,종로구,청운효자동,NCH20,,250.0,0,1
9022,서부,종로구,청운효자동,NCH20,,400.0,0,1
9022,서부,종로구,청운효자동,NCH34,,65.0,0,1
9022,서부,종로구,청운효자동,NCH34,,250.0,0,1
9022,서부,종로구,청운효자동,NFH80,,2.5,0,2
9022,서부,종로구,청운효자동,NFH80,,4.0,0,2
9022,서부,종로구,청운효자동,NOH30,,2.5,0,32
9022,서부,종로구,청운효자동,NOH30,,3.0,0,2
9022,서부,종로구,청운효자동,NOH30,,4.0,0,65
9022,서부,종로구,청운효자동,NOH30,,6.0,0,31
9022,서부,종로구,청운효자동,NOH30,,10.0,0,10
9022,서부,종로구,청운효자동,NOH30,,16.0,0,4
9022,서부,종로구,청운효자동,NOH30,,25.0,0,14
9022,서부,종로구,청운효자동,NOH30,,40.0,0,4
9022,서부,종로구,청운효자동,NOH30,,65.0,0,1
9022,서부,종로구,청운효자동,NOH30,,100.0,0,1
9022,서부,종로구,청운효자동,NOH30,,160.0,0,1
9022,서부,종로구,청운효자동,NOH30,,400.0,0,2
9022,서부,종로구,청운효자동,NRC10,,2.5,0,5
9022,서부,종로구,청운효자동,NRC10,,3.0,0,1
9022,서부,종로구,청운효자동,NRC10,,4.0,0,16
9022,서부,종로구,청운효자동,NRC10,,6.0,0,2
9022,서부,종로구,청운효자동,NRC10,,10.0,0,1
9022,서부,종로구,청운효자동,NRC10,,16.0,0,1
9022,서부,종로구,청운효자동,NRH11,,2.5,0,129
9022,서부,종로구,청운효자동,NRH11,,3.0,0,8
9022,서부,종로구,청운효자동,NRH11,,4.0,0,3795
9022,서부,종로구,청운효자동,NRH11,,5.0,0,3
9022,서부,종로구,청운효자동,NRH11,,6.0,0,1076
9022,서부,종로구,청운효자동,NRH11,,10.0,0,103
9022,서부,종로구,청운효자동,NRH11,,16.0,0,33
9022,서부,종로구,청운효자동,NRH11,,25.0,0,8
9022,서부,종로구,청운효자동,NRH11,,40.0,0,1
9022,서부,종로구,청운효자동,NRH11,,65.0,0,1
9022,서부,종로구,청운효자동,NRH12,,2.5,0,122
9022,서부,종로구,청운효자동,NRH12,,4.0,0,134
9022,서부,종로구,청운효자동,NRH12,,6.0,0,18
9022,서부,종로구,청운효자동,NRH12,,10.0,0,5
9022,서부,종로구,청운효자동,NRH12,,25.0,0,1
9022,서부,종로구,청운효자동,NRH13,,25.0,0,1
9022,서부,종로구,청운효자동,NWH41,,4.0,0,1
9022,서부,종로구,청운효자동,NWH41,,6.0,0,1
9022,서부,종로구,청운효자동,NWH41,,10.0,0,2
9022,서부,종로구,청운효자동,NWH41,,16.0,0,3
9022,서부,종로구,청운효자동,NWH41,,25.0,0,1
9022,서부,종로구,청운효자동,NWH41,,40.0,0,2
9022,서부,서대문구,충현동,NAH36,,6.0,0,1
9022,서부,서대문구,충현동,NAH36,,25.0,0,1
9022,서부,서대문구,충현동,NAH36,,40.0,0,5
9022,서부,서대문구,충현동,NAH36,,65.0,0,6
9022,서부,서대문구,충현동,NAH36,,100.0,0,5
9022,서부,서대문구,충현동,NAH36,,160.0,0,7
9022,서부,서대문구,충현동,NAH36,,400.0,0,9
9022,서부,서대문구,충현동,NAH36,,650.0,0,1
9022,서부,서대문구,충현동,NCH20,,2.0,0,12
9022,서부,서대문구,충현동,NCH20,,2.5,0,91
9022,서부,서대문구,충현동,NCH20,,3.0,0,7
9022,서부,서대문구,충현동,NCH20,,4.0,0,68
9022,서부,서대문구,충현동,NCH20,,5.0,0,2
9022,서부,서대문구,충현동,NCH20,,6.0,0,81
9022,서부,서대문구,충현동,NCH20,,10.0,0,107
9022,서부,서대문구,충현동,NCH20,,16.0,0,77
9022,서부,서대문구,충현동,NCH20,,25.0,0,26
9022,서부,서대문구,충현동,NCH20,,40.0,0,15
9022,서부,서대문구,충현동,NCH20,,65.0,0,11
9022,서부,서대문구,충현동,NCH20,,100.0,0,9
9022,서부,서대문구,충현동,NCH34,,160.0,0,1
9022,서부,서대문구,충현동,NOH30,,2.5,0,4
9022,서부,서대문구,충현동,NOH30,,3.0,0,4
9022,서부,서대문구,충현동,NOH30,,4.0,0,24
9022,서부,서대문구,충현동,NOH30,,6.0,0,13
9022,서부,서대문구,충현동,NOH30,,10.0,0,4
9022,서부,서대문구,충현동,NOH30,,16.0,0,4
9022,서부,서대문구,충현동,NOH30,,25.0,0,5
9022,서부,서대문구,충현동,NOH30,,40.0,0,6
9022,서부,서대문구,충현동,NOH30,,65.0,0,2
9022,서부,서대문구,충현동,NOH30,,100.0,0,6
9022,서부,서대문구,충현동,NOH30,,160.0,0,3
9022,서부,서대문구,충현동,NOH30,,250.0,0,1
9022,서부,서대문구,충현동,NOH30,,400.0,0,2
9022,서부,서대문구,충현동,NOH30,,1000.0,0,1
9022,서부,서대문구,충현동,NRC10,,2.5,0,3
9022,서부,서대문구,충현동,NRC10,,3.0,0,3
9022,서부,서대문구,충현동,NRC10,,4.0,0,98
9022,서부,서대문구,충현동,NRH11,,2.5,0,177
9022,서부,서대문구,충현동,NRH11,,3.0,0,15
9022,서부,서대문구,충현동,NRH11,,4.0,0,2559
9022,서부,서대문구,충현동,NRH11,,5.0,0,1
9022,서부,서대문구,충현동,NRH11,,6.0,0,354
9022,서부,서대문구,충현동,NRH11,,10.0,0,9
9022,서부,서대문구,충현동,NRH11,,16.0,0,1
9022,서부,서대문구,충현동,NRH11,,25.0,0,1
9022,서부,서대문구,충현동,NRH12,,2.5,0,640
9022,서부,서대문구,충현동,NRH12,,3.0,0,17
9022,서부,서대문구,충현동,NRH12,,4.0,0,1080
9022,서부,서대문구,충현동,NRH12,,6.0,0,2
9022,서부,서대문구,충현동,NRH12,,10.0,0,1
9022,서부,서대문구,충현동,NRH12,,16.0,0,1
9022,서부,서대문구,충현동,NRH14,,4.0,0,93
9022,서부,서대문구,충현동,NWH41,,4.0,0,7
9022,서부,서대문구,충현동,NWH41,,6.0,0,4
9022,서부,서대문구,충현동,NWH41,,10.0,0,1
9022,서부,서대문구,충현동,NWH41,,16.0,0,3
9022,서부,서대문구,충현동,NWH41,,25.0,0,2
9022,서부,중구,필동,NCH20,,2.5,0,6
9022,서부,중구,필동,NCH20,,4.0,0,33
9022,서부,중구,필동,NCH20,,10.0,0,4
9022,서부,중구,필동,NCH20,,16.0,0,3
9022,서부,중구,필동,NCH20,,25.0,0,3
9022,서부,중구,필동,NCH20,,40.0,0,1
9022,서부,중구,필동,NOH30,,4.0,0,1
9022,서부,중구,필동,NOH30,,6.0,0,2
9022,서부,중구,필동,NOH30,,16.0,0,1
9022,서부,중구,필동,NRH11,,2.5,0,3
9022,서부,중구,필동,NRH11,,4.0,0,62
9022,서부,중구,필동,NRH11,,6.0,0,8
9022,서부,중구,필동,NRH11,,16.0,0,1
9022,서부,중구,필동,NRH12,,2.5,0,16
9022,서부,중구,필동,NRH12,,4.0,0,1
9022,서부,중구,회현동,NAH36,,16.0,0,1
9022,서부,중구,회현동,NAH36,,25.0,0,1
9022,서부,중구,회현동,NAH36,,40.0,0,2
9022,서부,중구,회현동,NAH36,,65.0,0,8
9022,서부,중구,회현동,NAH36,,100.0,0,8
9022,서부,중구,회현동,NAH36,,160.0,0,3
9022,서부,중구,회현동,NAH36,,250.0,0,5
9022,서부,중구,회현동,NAH36,,400.0,0,6
9022,서부,중구,회현동,NAH36,,650.0,0,6
9022,서부,중구,회현동,NAH36,,1000.0,0,2
9022,서부,중구,회현동,NCH20,,2.5,0,47
9022,서부,중구,회현동,NCH20,,3.0,0,7
9022,서부,중구,회현동,NCH20,,4.0,0,95
9022,서부,중구,회현동,NCH20,,5.0,0,4
9022,서부,중구,회현동,NCH20,,6.0,0,129
9022,서부,중구,회현동,NCH20,,7.0,0,3
9022,서부,중구,회현동,NCH20,,10.0,0,164
9022,서부,중구,회현동,NCH20,,16.0,0,128
9022,서부,중구,회현동,NCH20,,25.0,0,76
9022,서부,중구,회현동,NCH20,,40.0,0,33
9022,서부,중구,회현동,NCH20,,65.0,0,13
9022,서부,중구,회현동,NCH20,,100.0,0,19
9022,서부,중구,회현동,NCH20,,160.0,0,9
9022,서부,중구,회현동,NCH20,,250.0,0,1
9022,서부,중구,회현동,NCH20,,400.0,0,1
9022,서부,중구,회현동,NCH20,,650.0,0,3
9022,서부,중구,회현동,NCH20,,1000.0,0,1
9022,서부,중구,회현동,NCH21,,160.0,0,1
9022,서부,중구,회현동,NCH21,,250.0,0,1
9022,서부,중구,회현동,NCH34,,100.0,0,2
9022,서부,중구,회현동,NCH34,,160.0,0,1
9022,서부,중구,회현동,NCH34,,250.0,0,1
9022,서부,중구,회현동,NFH80,,4.0,0,1
9022,서부,중구,회현동,NFH80,,16.0,0,1
9022,서부,중구,회현동,NFH80,,25.0,0,1
9022,서부,중구,회현동,NOH30,,2.5,0,16
9022,서부,중구,회현동,NOH30,,3.0,0,2
9022,서부,중구,회현동,NOH30,,4.0,0,58
9022,서부,중구,회현동,NOH30,,5.0,0,8
9022,서부,중구,회현동,NOH30,,6.0,0,23
9022,서부,중구,회현동,NOH30,,7.0,0,2
9022,서부,중구,회현동,NOH30,,10.0,0,6
9022,서부,중구,회현동,NOH30,,16.0,0,3
9022,서부,중구,회현동,NOH30,,25.0,0,4
9022,서부,중구,회현동,NOH30,,40.0,0,6
9022,서부,중구,회현동,NOH30,,65.0,0,6
9022,서부,중구,회현동,NOH30,,100.0,0,2
9022,서부,중구,회현동,NOH30,,160.0,0,12
9022,서부,중구,회현동,NOH30,,250.0,0,1
9022,서부,중구,회현동,NOH30,,400.0,0,9
9022,서부,중구,회현동,NOH30,,650.0,0,7
9022,서부,중구,회현동,NOH30,,1000.0,0,2
9022,서부,중구,회현동,NOH30,,1600.0,0,1
9022,서부,중구,회현동,NRC10,,2.5,0,1
9022,서부,중구,회현동,NRC10,,4.0,0,387
9022,서부,중구,회현동,NRC10,,5.0,0,3
9022,서부,중구,회현동,NRC10,,6.0,0,1
9022,서부,중구,회현동,NRH11,,2.5,0,110
9022,서부,중구,회현동,NRH11,,3.0,0,113
9022,서부,중구,회현동,NRH11,,4.0,0,1314
9022,서부,중구,회현동,NRH11,,5.0,0,2
9022,서부,중구,회현동,NRH11,,6.0,0,704
9022,서부,중구,회현동,NRH11,,10.0,0,24
9022,서부,중구,회현동,NRH11,,16.0,0,1
9022,서부,중구,회현동,NRH12,,2.5,0,288
9022,서부,중구,회현동,NRH12,,4.0,0,18
9022,서부,중구,회현동,NRH12,,6.0,0,5
9022,서부,중구,회현동,NRH12,,10.0,0,1
9022,서부,중구,회현동,NRH12,,25.0,0,1
9022,서부,중구,회현동,NRH50,,100.0,0,1
9022,서부,중구,회현동,NRH50,,400.0,0,3
9022,서부,중구,회현동,NWH41,,4.0,0,1
9022,서부,중구,회현동,NWH41,,6.0,0,3
9022,서부,중구,회현동,NWH41,,10.0,0,1
9022,서부,중구,회현동,NWH41,,16.0,0,1
