{"type": "FeatureCollection", "features": [{"type": "Feature", "properties": {"adm_cd": "11050590", "공식adm_nm": "서울특별시 광진구 능동", "행정동": "능동", "주센터번호": 9001, "주센터명": "자양", "운영센터": "9001", "분할비중": "9001(100.0%)", "센터수": 1, "단독": 5035, "공동": 1946, "영업": 330, "합계": 7311, "is_downtown": false, "난이도점수": 13006}, "geometry": {"type": "MultiPolygon", "coordinates": [[[[127.0886731878298, 37.55329248576747], [127.08962831182829, 37.5523990598666], [127.08954811497583, 37.55179027159712], [127.0859963653853, 37.54944792498676], [127.08547636631044, 37.548799378912584], [127.08542301796805, 37.54872257750518], [127.08537939132334, 37.54855229392436], [127.08568708242899, 37.54614000048254], [127.08506451575214, 37.54510801889438], [127.08161361808642, 37.54529864575228], [127.08085214190075, 37.54533447809324], [127.08050039670538, 37.545351030726714], [127.08000215723634, 37.545377426908765], [127.07992110140651, 37.54538195180462], [127.07947901494478, 37.54542964621464], [127.07879049188861, 37.545574788796245], [127.07832155306201, 37.54567451735506], [127.07733142040865, 37.54589843384859], [127.07727657168603, 37.54591977984871], [127.07702341799248, 37.54602140223154], [127.0740568206921, 37.54734047383357], [127.07425424053193, 37.54759712408184], [127.07518803317663, 37.548891176791535], [127.07612406428552, 37.5505350827356], [127.07614021322264, 37.550564163357194], [127.07615979137039, 37.550599432353366], [127.07919968343013, 37.556634244375445], [127.07915357633053, 37.55699532105758], [127.07914413276703, 37.55703636469454], [127.07866141571654, 37.55739392180736], [127.07793067303656, 37.557778284555845], [127.07826283632396, 37.55776340581784], [127.0798590783885, 37.557797316300515], [127.0796302140462, 37.55723033119942], [127.08009244703511, 37.55693476613206], [127.08138153220389, 37.55643516176124], [127.0831025057623, 37.55576762474321], [127.08521240693351, 37.554936663180634], [127.08741222485153, 37.55406217219517], [127.08829013618154, 37.553586393223256], [127.08864184956661, 37.55332284681183], [127.0886731878298, 37.55329248576747]]]]}}, {"type": "Feature", "properties": {"adm_cd": "11050660", "공식adm_nm": "서울특별시 광진구 자양3동", "행정동": "자양제3동", "주센터번호": 9001, "주센터명": "자양", "운영센터": "9001", "분할비중": "9001(100.0%)", "센터수": 1, "단독": 3022, "공동": 7827, "영업": 467, "합계": 11316, "is_downtown": false, "난이도점수": 15272}, "geometry": {"type": "MultiPolygon", "coordinates": [[[[127.07513538778294, 37.53871142962469], [127.07713118200647, 37.53821606301026], [127.07717082900302, 37.53820596198495], [127.07709080396413, 37.537849743160926], [127.07661213112851, 37.53623787511913], [127.07657568203501, 37.53611616970771], [127.07654996710956, 37.5360338288817], [127.07566048866617, 37.53320488831466], [127.07486466181626, 37.530559941749715], [127.07385918908452, 37.527033129998614], [127.07257691884173, 37.52377686080058], [127.06696185902243, 37.52508139275426], [127.06526490616979, 37.52560351988907], [127.06555915261231, 37.52741300643453], [127.06715100587313, 37.53251141564537], [127.06765653567055, 37.53360240527236], [127.0679740699094, 37.53427441868639], [127.07055466537831, 37.539831668523725], [127.0732732417561, 37.539074506605566], [127.07513538778294, 37.53871142962469]]]]}}, {"type": "Feature", "properties": {"adm_cd": "11050670", "공식adm_nm": "서울특별시 광진구 자양4동", "행정동": "자양제4동", "주센터번호": 9001, "주센터명": "자양", "운영센터": "9001", "분할비중": "9001(100.0%)", "센터수": 1, "단독": 9900, "공동": 5639, "영업": 778, "합계": 16317, "is_downtown": false, "난이도점수": 27773}, "geometry": {"type": "MultiPolygon", "coordinates": [[[[127.07055466537831, 37.539831668523725], [127.0679740699094, 37.53427441868639], [127.06765653567055, 37.53360240527236], [127.06715100587313, 37.53251141564537], [127.06555915261231, 37.52741300643453], [127.06526490616979, 37.52560351988907], [127.0602520021255, 37.52752180766007], [127.05656656376357, 37.52910117290873], [127.06282631183319, 37.540186250212805], [127.06394339377985, 37.542150944448245], [127.07055466537831, 37.539831668523725]]]]}}, {"type": "Feature", "properties": {"adm_cd": "11050530", "공식adm_nm": "서울특별시 광진구 화양동", "행정동": "화양동", "주센터번호": 9001, "주센터명": "자양", "운영센터": "9001", "분할비중": "9001(100.0%)", "센터수": 1, "단독": 15575, "공동": 7455, "영업": 1472, "합계": 24502, "is_downtown": false, "난이도점수": 43021}, "geometry": {"type": "MultiPolygon", "coordinates": [[[[127.0740568206921, 37.54734047383357], [127.07702341799248, 37.54602140223154], [127.07727657168603, 37.54591977984871], [127.07733142040865, 37.54589843384859], [127.07832155306201, 37.54567451735506], [127.07879049188861, 37.545574788796245], [127.07947901494478, 37.54542964621464], [127.07992110140651, 37.54538195180462], [127.08000215723634, 37.545377426908765], [127.08050039670538, 37.545351030726714], [127.08085214190075, 37.54533447809324], [127.08161361808642, 37.54529864575228], [127.08237673152614, 37.54497122551575], [127.08191750760544, 37.54409303407575], [127.08177050186195, 37.54381196715664], [127.08151497758021, 37.543325457521924], [127.0813719125099, 37.543119590472465], [127.08134724305417, 37.54308375081293], [127.08129952713867, 37.542902021928626], [127.08127588548778, 37.54281196495609], [127.08127669884864, 37.5426665343926], [127.08127955904983, 37.54215511631794], [127.08131107672475, 37.54212009329555], [127.08140490508941, 37.54201583733276], [127.08247394081931, 37.54149572445384], [127.0829344891279, 37.541372289074786], [127.08229036198267, 37.54003782342226], [127.07994811775137, 37.539002483009384], [127.07894104002818, 37.53893460102604], [127.0784788462719, 37.53902187973175], [127.07678031844922, 37.53921193022391], [127.07526421965281, 37.53932693485519], [127.07513538778294, 37.53871142962469], [127.0732732417561, 37.539074506605566], [127.07055466537831, 37.539831668523725], [127.06394339377985, 37.542150944448245], [127.06749895994145, 37.54831126401998], [127.0716978673025, 37.54788152546347], [127.0740568206921, 37.54734047383357]]]]}}, {"type": "Feature", "properties": {"adm_cd": "11080850", "공식adm_nm": "서울특별시 성북구 석관동", "행정동": "석관동", "주센터번호": 9002, "주센터명": "휘경", "운영센터": "9002", "분할비중": "9002(100.0%)", "센터수": 1, "단독": 0, "공동": 0, "영업": 6, "합계": 6, "is_downtown": false, "난이도점수": 18}, "geometry": {"type": "MultiPolygon", "coordinates": [[[[127.07140313714835, 37.615627975297905], [127.07145874004746, 37.614280278888266], [127.07171776032028, 37.606811751554396], [127.06935521078582, 37.609331567920925], [127.06887323828144, 37.60932980814445], [127.06858826573873, 37.60932246543619], [127.068734389877, 37.60687113867245], [127.06810115048125, 37.606507896929855], [127.06624639751718, 37.605820570982544], [127.064972936501, 37.60587447100198], [127.06233459550035, 37.60528110417022], [127.06213995189704, 37.60513615905444], [127.06166850931804, 37.60462965644957], [127.06077336210909, 37.60356950262505], [127.06004563346212, 37.60209985451752], [127.05725596642395, 37.6012522988318], [127.05202994180435, 37.59995268207153], [127.0513273845387, 37.601626501660306], [127.05160978192009, 37.601999378386196], [127.05223891378316, 37.60285899006672], [127.05225089990701, 37.60407152313747], [127.05215914301503, 37.60473140916549], [127.05193168179082, 37.605113616785644], [127.05169843496091, 37.60539665418316], [127.05160795470466, 37.60548982482577], [127.05153200354033, 37.605550449018615], [127.05128564008946, 37.60576237381712], [127.05113149572514, 37.60594657203384], [127.05065758276254, 37.606687250075495], [127.0506211057854, 37.606746825169914], [127.05060305192, 37.60678170149792], [127.05056770584854, 37.60685478300178], [127.05072035792857, 37.6075460842086], [127.05176940445143, 37.60810552322765], [127.06066805049242, 37.612799969114334], [127.0628925772738, 37.61434391558401], [127.06486632553198, 37.6142220386233], [127.06594372381518, 37.614281944675994], [127.06605194151736, 37.61430486632415], [127.06774837079908, 37.615221458271755], [127.06801197862414, 37.61543761906754], [127.06800857238747, 37.61553675426198], [127.06800697390771, 37.61556823410261], [127.07118706084962, 37.61636856878375], [127.07140313714835, 37.615627975297905]]]]}}, {"type": "Feature", "properties": {"adm_cd": "11060890", "공식adm_nm": "서울특별시 동대문구 이문1동", "행정동": "이문제1동", "주센터번호": 9002, "주센터명": "휘경", "운영센터": "9002+9009", "분할비중": "9002(52.2%)+9009(47.8%)", "센터수": 2, "단독": 8423, "공동": 11624, "영업": 626, "합계": 20673, "is_downtown": false, "난이도점수": 30348}, "geometry": {"type": "MultiPolygon", "coordinates": [[[[127.06982967465093, 37.59774863498778], [127.0696260938658, 37.59488273131149], [127.06512399782358, 37.59532137878429], [127.06443376320183, 37.594634968383886], [127.061626527757, 37.593200448505016], [127.06055636115275, 37.593033100059955], [127.05894061801388, 37.592826519432094], [127.05784416499559, 37.59278862111161], [127.0578179024269, 37.592753189980336], [127.05780061882726, 37.59272987051349], [127.05760255808437, 37.59246210468986], [127.0572535047459, 37.59198984278273], [127.05716362929965, 37.591864443906815], [127.0569026659942, 37.591447671050844], [127.05504867601809, 37.593574750021396], [127.05460184473503, 37.595732843609994], [127.05364666696671, 37.597535331009006], [127.05263341474506, 37.59942320859219], [127.05202994180435, 37.59995268207153], [127.05725596642395, 37.6012522988318], [127.06004563346212, 37.60209985451752], [127.06077336210909, 37.60356950262505], [127.06203854939223, 37.601538292393066], [127.06199997983887, 37.60064587237893], [127.06198383122147, 37.6002570337205], [127.06844998259616, 37.59784949642629], [127.06982967465093, 37.59774863498778]]]]}}, {"type": "Feature", "properties": {"adm_cd": "11060840", "공식adm_nm": "서울특별시 동대문구 전농2동", "행정동": "전농제2동", "주센터번호": 9002, "주센터명": "휘경", "운영센터": "9002", "분할비중": "9002(100.0%)", "센터수": 1, "단독": 1584, "공동": 5945, "영업": 360, "합계": 7889, "is_downtown": false, "난이도점수": 10193}, "geometry": {"type": "MultiPolygon", "coordinates": [[[[127.06838454722138, 37.58225260894428], [127.06767398363709, 37.57875951799137], [127.06701041730703, 37.57659947571062], [127.06438686834935, 37.57644223500328], [127.06151164518516, 37.57585472714365], [127.0600486911803, 37.57548085967457], [127.05763237977045, 37.575355674734475], [127.0576838450051, 37.5759745231994], [127.05772050540968, 37.576717145101824], [127.05775711600862, 37.57746753272832], [127.05774846624216, 37.577494663342215], [127.05772322762951, 37.57757230913631], [127.05769950476893, 37.577644509251414], [127.05765258973452, 37.57778724125545], [127.05752276687927, 37.57797809822451], [127.05725274894341, 37.57837161922157], [127.05720491752086, 37.57844129426019], [127.05716707749002, 37.57849523317572], [127.05693548085674, 37.57881164663003], [127.05607380803605, 37.579986273136015], [127.05522821777629, 37.581138977899826], [127.05357851982231, 37.58345151881877], [127.05373871476196, 37.58365267422649], [127.05491583313292, 37.58426102182732], [127.05560445192654, 37.58476386289378], [127.05597819602824, 37.58524410980319], [127.05606679705352, 37.58558244803632], [127.0560275448655, 37.585993539766676], [127.05630108719663, 37.58630102613324], [127.05637174218954, 37.58632382536524], [127.05665834855417, 37.58627252765505], [127.05750995284679, 37.58608700734855], [127.05757618138308, 37.58603540834688], [127.05773121671216, 37.5859131736633], [127.05781111171888, 37.58533324011273], [127.05781106852986, 37.58515289670323], [127.05788184313138, 37.58510366165619], [127.05971890217886, 37.585089119374764], [127.05992771461344, 37.58509215322775], [127.060666601691, 37.58511856419937], [127.061286299474, 37.58530902520792], [127.06142708845447, 37.58544363815172], [127.0616602593817, 37.58551772427831], [127.06205039292132, 37.58550452553118], [127.06299859057097, 37.58532777040887], [127.06305249357386, 37.58530994482276], [127.06349264257355, 37.58516138550263], [127.06407504524478, 37.58488445826373], [127.06426016132767, 37.584740656751144], [127.06441792723056, 37.58461767248043], [127.06445549594376, 37.58349214128163], [127.0643146198041, 37.58301166663094], [127.06726079555467, 37.58215157813992], [127.06838454722138, 37.58225260894428]]]]}}, {"type": "Feature", "properties": {"adm_cd": "11060800", "공식adm_nm": "서울특별시 동대문구 청량리동", "행정동": "청량리동", "주센터번호": 9002, "주센터명": "휘경", "운영센터": "9002+9010", "분할비중": "9002(53.2%)+9010(46.8%)", "센터수": 2, "단독": 5139, "공동": 4291, "영업": 753, "합계": 10183, "is_downtown": false, "난이도점수": 16828}, "geometry": {"type": "MultiPolygon", "coordinates": [[[[127.04764739129007, 37.596287635801716], [127.04753159047819, 37.59565525011852], [127.04741346259887, 37.59458557596919], [127.04770234400893, 37.590136291020855], [127.04825548672055, 37.58880779770388], [127.05183159124927, 37.5879200841147], [127.05282580858169, 37.58727826658782], [127.05070349641338, 37.584686723229126], [127.05005793475688, 37.583975579577086], [127.04981558386909, 37.58378312027542], [127.04913080290419, 37.583239697733454], [127.0489610056666, 37.58310610130892], [127.04637254511395, 37.58108505130354], [127.04619861684326, 37.580949245635686], [127.04426205516715, 37.580035969896855], [127.04347079952353, 37.579767948811714], [127.04334846539685, 37.58133816189984], [127.04410647588479, 37.581360249093166], [127.04371007723928, 37.58263073945346], [127.04240018279111, 37.586730791791844], [127.04213849854804, 37.58672838893818], [127.04185608728, 37.58671851852657], [127.04154226643446, 37.586707006679525], [127.04137180549597, 37.5866991427249], [127.04059543769155, 37.586665703180515], [127.04041638330416, 37.58665824605946], [127.03965091192585, 37.588558159954495], [127.03980430914866, 37.588799937472444], [127.040326302741, 37.58956473514086], [127.04059249787753, 37.58990828369626], [127.04067046074204, 37.590008861795845], [127.04058426360385, 37.590557220317336], [127.03997921537928, 37.591253487433136], [127.0390627541217, 37.591270147215305], [127.04075380270517, 37.59580029601416], [127.04351743119942, 37.59690618222339], [127.04764739129007, 37.596287635801716]]]]}}, {"type": "Feature", "properties": {"adm_cd": "11060710", "공식adm_nm": "서울특별시 동대문구 회기동", "행정동": "회기동", "주센터번호": 9002, "주센터명": "휘경", "운영센터": "9002", "분할비중": "9002(100.0%)", "센터수": 1, "단독": 6370, "공동": 2765, "영업": 716, "합계": 9851, "is_downtown": false, "난이도점수": 17653}, "geometry": {"type": "MultiPolygon", "coordinates": [[[[127.05202994180435, 37.59995268207153], [127.05263341474506, 37.59942320859219], [127.05364666696671, 37.597535331009006], [127.05460184473503, 37.595732843609994], [127.05504867601809, 37.593574750021396], [127.0569026659942, 37.591447671050844], [127.05327571095141, 37.58780838437516], [127.05282580858169, 37.58727826658782], [127.05183159124927, 37.5879200841147], [127.04825548672055, 37.58880779770388], [127.04770234400893, 37.590136291020855], [127.04741346259887, 37.59458557596919], [127.04753159047819, 37.59565525011852], [127.04764739129007, 37.596287635801716], [127.04776694255128, 37.59666002479961], [127.0481580021938, 37.5975561070469], [127.05027340596803, 37.60110534307089], [127.05100885352964, 37.601569385325746], [127.0513273845387, 37.601626501660306], [127.05202994180435, 37.59995268207153]]]]}}, {"type": "Feature", "properties": {"adm_cd": "11060720", "공식adm_nm": "서울특별시 동대문구 휘경1동", "행정동": "휘경제1동", "주센터번호": 9002, "주센터명": "휘경", "운영센터": "9002", "분할비중": "9002(100.0%)", "센터수": 1, "단독": 4021, "공동": 7596, "영업": 419, "합계": 12036, "is_downtown": false, "난이도점수": 16895}, "geometry": {"type": "MultiPolygon", "coordinates": [[[[127.0696260938658, 37.59488273131149], [127.07035500238065, 37.59247539290009], [127.06610805785901, 37.5912340473427], [127.06575963424837, 37.59113249125475], [127.06294888586459, 37.59031654080836], [127.0626486424338, 37.590231062692574], [127.06255592646392, 37.59020466840748], [127.06095299399054, 37.58974917140445], [127.05699254793288, 37.588597549696395], [127.05665128845808, 37.58848585348237], [127.05657128563077, 37.588459424734666], [127.05647535466606, 37.58842773351251], [127.05494915080054, 37.587820281658786], [127.05327571095141, 37.58780838437516], [127.0569026659942, 37.591447671050844], [127.05716362929965, 37.591864443906815], [127.0572535047459, 37.59198984278273], [127.05760255808437, 37.59246210468986], [127.05780061882726, 37.59272987051349], [127.0578179024269, 37.592753189980336], [127.05784416499559, 37.59278862111161], [127.05894061801388, 37.592826519432094], [127.06055636115275, 37.593033100059955], [127.061626527757, 37.593200448505016], [127.06443376320183, 37.594634968383886], [127.06512399782358, 37.59532137878429], [127.0696260938658, 37.59488273131149]]]]}}, {"type": "Feature", "properties": {"adm_cd": "11060730", "공식adm_nm": "서울특별시 동대문구 휘경2동", "행정동": "휘경제2동", "주센터번호": 9002, "주센터명": "휘경", "운영센터": "9002", "분할비중": "9002(100.0%)", "센터수": 1, "단독": 7772, "공동": 6203, "영업": 426, "합계": 14401, "is_downtown": false, "난이도점수": 23025}, "geometry": {"type": "MultiPolygon", "coordinates": [[[[127.07072007954939, 37.59091177981982], [127.07162554913891, 37.58794738624849], [127.0736755995005, 37.585354422524226], [127.07722920871768, 37.58098209184888], [127.07609378045882, 37.58098370915437], [127.07550554165144, 37.58098497530478], [127.07534620042098, 37.580999049092014], [127.0750458044174, 37.58104528881048], [127.07415089645168, 37.581200926298585], [127.0734614469111, 37.58132575240656], [127.07301005706009, 37.581409748511064], [127.06910759432284, 37.58216755032503], [127.06868493390171, 37.58227961434974], [127.06838454722138, 37.58225260894428], [127.06726079555467, 37.58215157813992], [127.0643146198041, 37.58301166663094], [127.06445549594376, 37.58349214128163], [127.06441792723056, 37.58461767248043], [127.06426016132767, 37.584740656751144], [127.06407504524478, 37.58488445826373], [127.06349264257355, 37.58516138550263], [127.06305249357386, 37.58530994482276], [127.06299859057097, 37.58532777040887], [127.06205039292132, 37.58550452553118], [127.0616602593817, 37.58551772427831], [127.06142708845447, 37.58544363815172], [127.061286299474, 37.58530902520792], [127.060666601691, 37.58511856419937], [127.05992771461344, 37.58509215322775], [127.05971890217886, 37.585089119374764], [127.05788184313138, 37.58510366165619], [127.05781106852986, 37.58515289670323], [127.05781111171888, 37.58533324011273], [127.05773121671216, 37.5859131736633], [127.05757618138308, 37.58603540834688], [127.05750995284679, 37.58608700734855], [127.05665834855417, 37.58627252765505], [127.05637174218954, 37.58632382536524], [127.05630108719663, 37.58630102613324], [127.0560275448655, 37.585993539766676], [127.05606679705352, 37.58558244803632], [127.05597819602824, 37.58524410980319], [127.05560445192654, 37.58476386289378], [127.05491583313292, 37.58426102182732], [127.05494917263098, 37.58769753010432], [127.05494915080054, 37.587820281658786], [127.05647535466606, 37.58842773351251], [127.05657128563077, 37.588459424734666], [127.05665128845808, 37.58848585348237], [127.05699254793288, 37.588597549696395], [127.06095299399054, 37.58974917140445], [127.06255592646392, 37.59020466840748], [127.0626486424338, 37.590231062692574], [127.06294888586459, 37.59031654080836], [127.06575963424837, 37.59113249125475], [127.06610805785901, 37.5912340473427], [127.07035500238065, 37.59247539290009], [127.07072007954939, 37.59091177981982]]]]}}, {"type": "Feature", "properties": {"adm_cd": "11020590", "공식adm_nm": "서울특별시 중구 광희동", "행정동": "광희동", "주센터번호": 9003, "주센터명": "중부", "운영센터": "9003", "분할비중": "9003(100.0%)", "센터수": 1, "단독": 1645, "공동": 2696, "영업": 2420, "합계": 6761, "is_downtown": true, "난이도점수": 13246}, "geometry": {"type": "MultiPolygon", "coordinates": [[[[127.00956791097168, 37.563025744036686], [127.00669918316335, 37.56357302852739], [127.00616861043763, 37.56286634360593], [127.00522416022022, 37.56249959663678], [127.00348931510348, 37.56244273931566], [127.00298484051768, 37.56242709644079], [127.00264531107821, 37.56242679419467], [127.00117312430798, 37.56288031946599], [126.99986811657921, 37.56255692535537], [126.99531694405356, 37.561517996295485], [126.99475438636667, 37.561427445550734], [126.99449416943311, 37.561480687477754], [126.99429572118171, 37.56152715749887], [126.99372141916405, 37.56171594961833], [126.99367854976796, 37.56176705699058], [126.99363780497889, 37.56185840513056], [126.9933635962742, 37.56260925854693], [126.99338687771632, 37.56270515371175], [126.9934719028237, 37.56300289844828], [126.9950543794229, 37.56508622215564], [126.99589032493469, 37.56547059864012], [126.9967654471395, 37.56566281566984], [126.99982265825001, 37.56580508171158], [127.00152798519167, 37.565882435428676], [127.00274376676911, 37.56548725861799], [127.00322688446649, 37.565288776839914], [127.00347995675092, 37.56565282506402], [127.00359290389557, 37.56581534524984], [127.00380368434406, 37.56615997655574], [127.00403744715268, 37.56654617863748], [127.00416337977543, 37.566761907990774], [127.00498771966011, 37.5688204361892], [127.00546429624715, 37.56931479456103], [127.00668360999161, 37.56964776113221], [127.00958523216921, 37.569783784930834], [127.0099350962637, 37.56931541042349], [127.01169252633863, 37.56788955080573], [127.01176378310318, 37.56781435763957], [127.01191627446063, 37.56646794444975], [127.01190316941147, 37.566237206462205], [127.01188628328316, 37.56608894060311], [127.01109001671026, 37.565866911095014], [127.01050611418508, 37.565765343272865], [127.00998092309547, 37.56426467231144], [127.00956791097168, 37.563025744036686]]]]}}, {"type": "Feature", "properties": {"adm_cd": "11020700", "공식adm_nm": "서울특별시 중구 다산동", "행정동": "다산동", "주센터번호": 9003, "주센터명": "중부", "운영센터": "9003", "분할비중": "9003(100.0%)", "센터수": 1, "단독": 4584, "공동": 2572, "영업": 555, "합계": 7711, "is_downtown": true, "난이도점수": 13405}, "geometry": {"type": "MultiPolygon", "coordinates": [[[[127.0128463498962, 37.56058193139437], [127.01364206053337, 37.56022186375173], [127.01271929433719, 37.55845892551616], [127.01105565047062, 37.55553052715992], [127.00959916684275, 37.553403062628384], [127.00742088841015, 37.5490873206518], [127.0074011692726, 37.54892536484816], [127.00736877246842, 37.54868749848173], [127.00717892894652, 37.54829123780617], [127.0070398782396, 37.54813292100664], [127.0069799856753, 37.5480805999203], [127.00694138929813, 37.5480468814745], [127.00685625613949, 37.547973292112786], [127.00658382940667, 37.54786962448766], [127.0059212032467, 37.54771137160114], [127.00569343484842, 37.5477025315019], [127.00530573624769, 37.54771217113099], [127.00530759696628, 37.54773809546151], [127.0053100902793, 37.54777022103047], [127.00531345500667, 37.547813522491055], [127.0058944050891, 37.54820461733567], [127.00578358969784, 37.54822566429837], [127.00573661847369, 37.5482345082359], [127.00554111914713, 37.5482674903744], [127.00542150057807, 37.54828528681733], [127.00532014884055, 37.54830036548167], [127.00471559662431, 37.54834740546745], [127.00463078953523, 37.54856352705784], [127.00447019000937, 37.548972814410675], [127.0043874011466, 37.5491865376636], [127.00437854733603, 37.549562814274346], [127.00440224837436, 37.54966442382979], [127.00422527899485, 37.55037563944464], [127.00385723432821, 37.55135431266967], [127.00382400007159, 37.55158057411367], [127.00377572107043, 37.551909426157316], [127.00452649356842, 37.55393498359103], [127.0049041678486, 37.554282460788315], [127.00506102478728, 37.554425080082765], [127.005150752117, 37.554506541586505], [127.00522561536299, 37.554574492598526], [127.00645005813372, 37.555611500279724], [127.0072650223244, 37.55627868493699], [127.00985809456456, 37.560328649171836], [127.0098534236055, 37.560429824218815], [127.00985059656311, 37.5604897693074], [127.00936420456073, 37.56204704626533], [127.0096986028635, 37.56198606213606], [127.0128463498962, 37.56058193139437]]]]}}, {"type": "Feature", "properties": {"adm_cd": "11020730", "공식adm_nm": "서울특별시 중구 동화동", "행정동": "동화동", "주센터번호": 9003, "주센터명": "중부", "운영센터": "9003", "분할비중": "9003(100.0%)", "센터수": 1, "단독": 1168, "공동": 2827, "영업": 321, "합계": 4316, "is_downtown": false, "난이도점수": 6126}, "geometry": {"type": "MultiPolygon", "coordinates": [[[[127.0233348751008, 37.5607443683017], [127.02285714633344, 37.557868260398386], [127.02182429257704, 37.557709410220035], [127.01937088600177, 37.557499213548525], [127.01886392811282, 37.558425538779794], [127.016703243689, 37.559314106365434], [127.01664333663366, 37.55930542449375], [127.01656482472966, 37.559300596295955], [127.01645515861598, 37.55929676714264], [127.01633482572794, 37.55932289109421], [127.01621068307011, 37.55934984658008], [127.01585533188783, 37.55945996526325], [127.01578314811344, 37.55948327918232], [127.01473715296174, 37.559886479192514], [127.01393153226267, 37.560281638133475], [127.01434900629027, 37.56104947031874], [127.01426196990714, 37.56108043774584], [127.01599071844261, 37.564122672606004], [127.01877396172449, 37.56339160479137], [127.02049624932538, 37.561659008989494], [127.02066557240893, 37.56151886076881], [127.02088090230505, 37.561368797592365], [127.02095132421596, 37.561320597982686], [127.02131776051307, 37.56112040737803], [127.02179159825597, 37.5609454377968], [127.02203475040136, 37.56087994791072], [127.02230746792854, 37.56083711087956], [127.02288256251003, 37.560762821652595], [127.0233348751008, 37.5607443683017]]]]}}, {"type": "Feature", "properties": {"adm_cd": "11020690", "공식adm_nm": "서울특별시 중구 신당동", "행정동": "신당동", "주센터번호": 9003, "주센터명": "중부", "운영센터": "9003", "분할비중": "9003(100.0%)", "센터수": 1, "단독": 3509, "공동": 2901, "영업": 933, "합계": 7343, "is_downtown": false, "난이도점수": 12718}, "geometry": {"type": "MultiPolygon", "coordinates": [[[[127.0180743572028, 37.56556664980869], [127.01599071844261, 37.564122672606004], [127.01426196990714, 37.56108043774584], [127.0128463498962, 37.56058193139437], [127.0096986028635, 37.56198606213606], [127.00936420456073, 37.56204704626533], [127.00956791097168, 37.563025744036686], [127.00998092309547, 37.56426467231144], [127.01050611418508, 37.565765343272865], [127.01109001671026, 37.565866911095014], [127.01188628328316, 37.56608894060311], [127.01190316941147, 37.566237206462205], [127.01191627446063, 37.56646794444975], [127.01176378310318, 37.56781435763957], [127.01169252633863, 37.56788955080573], [127.0099350962637, 37.56931541042349], [127.00958523216921, 37.569783784930834], [127.01010401194387, 37.569782558827946], [127.01128595164396, 37.56978182425201], [127.01161575947448, 37.56978206242719], [127.01537585828629, 37.569806571365675], [127.01566542077587, 37.56980859794675], [127.0157629720032, 37.569809286555966], [127.0158654089304, 37.56981531307181], [127.01600564056696, 37.56982380100294], [127.0161766627633, 37.56986280930545], [127.0163801750635, 37.569912090624854], [127.01664154663442, 37.569988648935606], [127.01674098681009, 37.57001950356381], [127.01686968618156, 37.57005943724952], [127.01700034533405, 37.5701027859073], [127.0171373467301, 37.570149540415414], [127.0172783400352, 37.5702024312381], [127.0175133756155, 37.57029101296999], [127.01769908611097, 37.56998577691102], [127.0180743572028, 37.56556664980869]]]]}}, {"type": "Feature", "properties": {"adm_cd": "11020650", "공식adm_nm": "서울특별시 중구 신당5동", "행정동": "신당제5동", "주센터번호": 9003, "주센터명": "중부", "운영센터": "9003", "분할비중": "9003(100.0%)", "센터수": 1, "단독": 2568, "공동": 2756, "영업": 441, "합계": 5765, "is_downtown": false, "난이도점수": 9215}, "geometry": {"type": "MultiPolygon", "coordinates": [[[[127.02361524786308, 37.56516886904608], [127.02670549541054, 37.56498976245136], [127.02675680399146, 37.56428904775203], [127.02670755412781, 37.563882238318705], [127.02659124942552, 37.563584326857736], [127.02649911495773, 37.56338741823072], [127.02648158342787, 37.56335578267504], [127.02639548425658, 37.563207228501604], [127.02626520682036, 37.56299376211292], [127.0235298861134, 37.56073011014465], [127.0234949744223, 37.560717974090274], [127.0233348751008, 37.5607443683017], [127.02288256251003, 37.560762821652595], [127.02230746792854, 37.56083711087956], [127.02203475040136, 37.56087994791072], [127.02179159825597, 37.5609454377968], [127.02131776051307, 37.56112040737803], [127.02095132421596, 37.561320597982686], [127.02088090230505, 37.561368797592365], [127.02066557240893, 37.56151886076881], [127.02049624932538, 37.561659008989494], [127.01877396172449, 37.56339160479137], [127.01599071844261, 37.564122672606004], [127.0180743572028, 37.56556664980869], [127.02059257547279, 37.565758078970134], [127.02361524786308, 37.56516886904608]]]]}}, {"type": "Feature", "properties": {"adm_cd": "11020710", "공식adm_nm": "서울특별시 중구 약수동", "행정동": "약수동", "주센터번호": 9003, "주센터명": "중부", "운영센터": "9003", "분할비중": "9003(100.0%)", "센터수": 1, "단독": 907, "공동": 6519, "영업": 382, "합계": 7808, "is_downtown": false, "난이도점수": 9479}, "geometry": {"type": "MultiPolygon", "coordinates": [[[[127.01630613748895, 37.553011495638145], [127.01320761955266, 37.54994422861261], [127.01165764754505, 37.548511522986345], [127.01147996885422, 37.548416146182724], [127.01086705353879, 37.54811841641107], [127.01081324310977, 37.54809814744944], [127.01078235714807, 37.54808651825123], [127.01068194070888, 37.548078215345136], [127.00860603570271, 37.5439797142403], [127.00725813748895, 37.54381073731256], [127.00484260490366, 37.546182262833796], [127.00530573624769, 37.54771217113099], [127.00569343484842, 37.5477025315019], [127.0059212032467, 37.54771137160114], [127.00658382940667, 37.54786962448766], [127.00685625613949, 37.547973292112786], [127.00694138929813, 37.5480468814745], [127.0069799856753, 37.5480805999203], [127.0070398782396, 37.54813292100664], [127.00717892894652, 37.54829123780617], [127.00736877246842, 37.54868749848173], [127.0074011692726, 37.54892536484816], [127.00742088841015, 37.5490873206518], [127.00959916684275, 37.553403062628384], [127.01105565047062, 37.55553052715992], [127.01215762651972, 37.555063025182676], [127.01197253544065, 37.55479974215444], [127.01195710983853, 37.55477714915557], [127.01253781804547, 37.553945795830764], [127.01291599936245, 37.553786240254524], [127.01327402802168, 37.55370657717142], [127.01353750858426, 37.55364806575891], [127.01400553666362, 37.55402846099434], [127.01405416905753, 37.554221888061356], [127.01407025763052, 37.55426451151434], [127.01410184738945, 37.55434432986901], [127.0142076932264, 37.55437219348869], [127.0142975125095, 37.55439583586374], [127.01449537939992, 37.55443608371393], [127.01468327029168, 37.554384965451185], [127.0157404625123, 37.55349815940938], [127.01630613748895, 37.553011495638145]]]]}}, {"type": "Feature", "properties": {"adm_cd": "11020600", "공식adm_nm": "서울특별시 중구 을지로동", "행정동": "을지로동", "주센터번호": 9003, "주센터명": "중부", "운영센터": "9003", "분할비중": "9003(100.0%)", "센터수": 1, "단독": 667, "공동": 1556, "영업": 1654, "합계": 3877, "is_downtown": true, "난이도점수": 7852}, "geometry": {"type": "MultiPolygon", "coordinates": [[[[126.9934719028237, 37.56300289844828], [126.99142895550477, 37.56329950229423], [126.99031773914612, 37.56295551238242], [126.98988622037419, 37.56288048898898], [126.98941431771651, 37.56286628177801], [126.98876050863389, 37.56290728134311], [126.98857856305997, 37.56358464298665], [126.9885087769927, 37.56458032970966], [126.98850770623399, 37.564736934192865], [126.98859336353007, 37.565248755936544], [126.98976070787944, 37.56613381211588], [126.99059547464512, 37.566182484345205], [126.99082883318091, 37.566826826740055], [126.99086878245063, 37.56824324248876], [126.99669662654541, 37.56870989125176], [126.99679666835213, 37.56872389200476], [126.9969766239248, 37.56874939188403], [126.99792406974649, 37.568886373781694], [126.99829738997224, 37.5689409159328], [126.9983491068369, 37.56895088287297], [127.00162224915923, 37.56959157448218], [127.00668360999161, 37.56964776113221], [127.00546429624715, 37.56931479456103], [127.00498771966011, 37.5688204361892], [127.00416337977543, 37.566761907990774], [127.00403744715268, 37.56654617863748], [127.00380368434406, 37.56615997655574], [127.00359290389557, 37.56581534524984], [127.00347995675092, 37.56565282506402], [127.00322688446649, 37.565288776839914], [127.00274376676911, 37.56548725861799], [127.00152798519167, 37.565882435428676], [126.99982265825001, 37.56580508171158], [126.9967654471395, 37.56566281566984], [126.99589032493469, 37.56547059864012], [126.9950543794229, 37.56508622215564], [126.9934719028237, 37.56300289844828]]]]}}, {"type": "Feature", "properties": {"adm_cd": "11020580", "공식adm_nm": "서울특별시 중구 장충동", "행정동": "장충동", "주센터번호": 9003, "주센터명": "중부", "운영센터": "9003", "분할비중": "9003(100.0%)", "센터수": 1, "단독": 3205, "공동": 1363, "영업": 499, "합계": 5067, "is_downtown": true, "난이도점수": 9270}, "geometry": {"type": "MultiPolygon", "coordinates": [[[[127.00956791097168, 37.563025744036686], [127.00936420456073, 37.56204704626533], [127.00985059656311, 37.5604897693074], [127.0098534236055, 37.560429824218815], [127.00985809456456, 37.560328649171836], [127.0072650223244, 37.55627868493699], [127.00645005813372, 37.555611500279724], [127.00522561536299, 37.554574492598526], [127.005150752117, 37.554506541586505], [127.00506102478728, 37.554425080082765], [127.0049041678486, 37.554282460788315], [127.00452649356842, 37.55393498359103], [127.00377572107043, 37.551909426157316], [127.00382400007159, 37.55158057411367], [127.00385723432821, 37.55135431266967], [127.00422527899485, 37.55037563944464], [127.0038924990723, 37.55019622503125], [127.0026844109379, 37.54960075852897], [127.00025315880767, 37.5495082452712], [127.0002169569067, 37.54951469894091], [126.99995067889738, 37.54956217236035], [126.99986838665242, 37.549594497768965], [126.99980718201049, 37.5496188183286], [126.99936688633525, 37.54979177549393], [126.99910431269892, 37.54989093079555], [126.99885634010798, 37.54990824810946], [126.99852177718344, 37.549931299316114], [126.99774306652638, 37.54935788556125], [126.99532055586175, 37.5472372699923], [126.99319410795592, 37.54905562616136], [126.99235997402253, 37.550093126422475], [126.99258450343652, 37.550685601419154], [126.99419893054183, 37.5520806067647], [126.99437877291827, 37.55222909020463], [126.99444310384315, 37.55228220278156], [126.99513309858212, 37.55226600236356], [126.99639478561177, 37.55183536255859], [126.99740399808546, 37.55127639302696], [126.99837511230506, 37.5532341233711], [126.9984921620385, 37.55403106653452], [126.99857487073199, 37.55425575106481], [127.00028775314159, 37.55524322950504], [127.00108760068028, 37.55541786840281], [127.0013851373215, 37.55547208046729], [127.00251197177242, 37.55584976706967], [127.00271829911986, 37.556001611363264], [127.00309420226425, 37.55629726009496], [127.00328336630908, 37.55647494585358], [127.00338731343977, 37.55659255851625], [127.00347861377148, 37.556696597663944], [127.00387875203081, 37.55814156499215], [127.00351249925575, 37.55882617098682], [127.00340014724723, 37.55881781707909], [127.00263819991783, 37.55847097051198], [127.00039662958174, 37.55938989570025], [127.0009954435768, 37.56106078739721], [127.00110426844469, 37.562160595786594], [127.00117312430798, 37.56288031946599], [127.00264531107821, 37.56242679419467], [127.00298484051768, 37.56242709644079], [127.00348931510348, 37.56244273931566], [127.00522416022022, 37.56249959663678], [127.00616861043763, 37.56286634360593], [127.00669918316335, 37.56357302852739], [127.00956791097168, 37.563025744036686]]]]}}, {"type": "Feature", "properties": {"adm_cd": "11020720", "공식adm_nm": "서울특별시 중구 청구동", "행정동": "청구동", "주센터번호": 9003, "주센터명": "중부", "운영센터": "9003", "분할비중": "9003(100.0%)", "센터수": 1, "단독": 905, "공동": 4240, "영업": 250, "합계": 5395, "is_downtown": false, "난이도점수": 6800}, "geometry": {"type": "MultiPolygon", "coordinates": [[[[127.01937088600177, 37.557499213548525], [127.01946390283747, 37.5573396016988], [127.01890690849194, 37.557134529739834], [127.01876860869, 37.55707312502291], [127.01858868515346, 37.556991270066355], [127.0183658575566, 37.556869805775825], [127.01800423348419, 37.556655386184474], [127.01792413351535, 37.5566004734223], [127.01788023979678, 37.55657037839766], [127.01741143566528, 37.555982657918925], [127.01630613748895, 37.553011495638145], [127.0157404625123, 37.55349815940938], [127.01468327029168, 37.554384965451185], [127.01449537939992, 37.55443608371393], [127.0142975125095, 37.55439583586374], [127.0142076932264, 37.55437219348869], [127.01410184738945, 37.55434432986901], [127.01407025763052, 37.55426451151434], [127.01405416905753, 37.554221888061356], [127.01400553666362, 37.55402846099434], [127.01353750858426, 37.55364806575891], [127.01327402802168, 37.55370657717142], [127.01291599936245, 37.553786240254524], [127.01253781804547, 37.553945795830764], [127.01195710983853, 37.55477714915557], [127.01197253544065, 37.55479974215444], [127.01215762651972, 37.555063025182676], [127.01105565047062, 37.55553052715992], [127.01271929433719, 37.55845892551616], [127.01364206053337, 37.56022186375173], [127.0128463498962, 37.56058193139437], [127.01426196990714, 37.56108043774584], [127.01434900629027, 37.56104947031874], [127.01393153226267, 37.560281638133475], [127.01473715296174, 37.559886479192514], [127.01578314811344, 37.55948327918232], [127.01585533188783, 37.55945996526325], [127.01621068307011, 37.55934984658008], [127.01633482572794, 37.55932289109421], [127.01645515861598, 37.55929676714264], [127.01656482472966, 37.559300596295955], [127.01664333663366, 37.55930542449375], [127.016703243689, 37.559314106365434], [127.01886392811282, 37.558425538779794], [127.01937088600177, 37.557499213548525]]]]}}, {"type": "Feature", "properties": {"adm_cd": "11020570", "공식adm_nm": "서울특별시 중구 필동", "행정동": "필동", "주센터번호": 9003, "주센터명": "중부", "운영센터": "9003+9022", "분할비중": "9003(96.0%)+9022(4.0%)", "센터수": 2, "단독": 1523, "공동": 1176, "영업": 922, "합계": 3621, "is_downtown": true, "난이도점수": 6988}, "geometry": {"type": "MultiPolygon", "coordinates": [[[[126.9934719028237, 37.56300289844828], [126.99338687771632, 37.56270515371175], [126.9933635962742, 37.56260925854693], [126.99363780497889, 37.56185840513056], [126.99367854976796, 37.56176705699058], [126.99372141916405, 37.56171594961833], [126.99429572118171, 37.56152715749887], [126.99449416943311, 37.561480687477754], [126.99475438636667, 37.561427445550734], [126.99531694405356, 37.561517996295485], [126.99986811657921, 37.56255692535537], [127.00117312430798, 37.56288031946599], [127.00110426844469, 37.562160595786594], [127.0009954435768, 37.56106078739721], [127.00039662958174, 37.55938989570025], [127.00263819991783, 37.55847097051198], [127.00340014724723, 37.55881781707909], [127.00351249925575, 37.55882617098682], [127.00387875203081, 37.55814156499215], [127.00347861377148, 37.556696597663944], [127.00338731343977, 37.55659255851625], [127.00328336630908, 37.55647494585358], [127.00309420226425, 37.55629726009496], [127.00271829911986, 37.556001611363264], [127.00251197177242, 37.55584976706967], [127.0013851373215, 37.55547208046729], [127.00108760068028, 37.55541786840281], [127.00028775314159, 37.55524322950504], [126.99857487073199, 37.55425575106481], [126.9984921620385, 37.55403106653452], [126.99837511230506, 37.5532341233711], [126.99740399808546, 37.55127639302696], [126.99639478561177, 37.55183536255859], [126.99513309858212, 37.55226600236356], [126.99444310384315, 37.55228220278156], [126.99437877291827, 37.55222909020463], [126.99419893054183, 37.5520806067647], [126.99258450343652, 37.550685601419154], [126.99235997402253, 37.550093126422475], [126.98781141729891, 37.551491980275394], [126.98542709369815, 37.553744426992886], [126.98536412773345, 37.5542383883403], [126.9848579735725, 37.55560956445577], [126.98478894966813, 37.55579796062881], [126.98475704516987, 37.55588506294212], [126.9847383914529, 37.556122811390125], [126.98476422948958, 37.55616040222243], [126.98485958967991, 37.5562991032275], [126.98508907210125, 37.55657726894294], [126.9854233267172, 37.5566418205995], [126.98582159983376, 37.55676185772457], [126.98676888338825, 37.55732490462495], [126.98691508344605, 37.55745389208485], [126.9873813993399, 37.55838547378224], [126.98854450653435, 37.56038921814461], [126.9905181656508, 37.56119884635328], [126.99049048120555, 37.56150819211315], [126.99048001924683, 37.56162454704497], [126.9903390524704, 37.56278211837493], [126.99032541582211, 37.56289322092851], [126.99031773914612, 37.56295551238242], [126.99142895550477, 37.56329950229423], [126.9934719028237, 37.56300289844828]]]]}}, {"type": "Feature", "properties": {"adm_cd": "11020670", "공식adm_nm": "서울특별시 중구 황학동", "행정동": "황학동", "주센터번호": 9003, "주센터명": "중부", "운영센터": "9003", "분할비중": "9003(100.0%)", "센터수": 1, "단독": 3078, "공동": 5289, "영업": 801, "합계": 9168, "is_downtown": false, "난이도점수": 13848}, "geometry": {"type": "MultiPolygon", "coordinates": [[[[127.02361524786308, 37.56516886904608], [127.02059257547279, 37.565758078970134], [127.0180743572028, 37.56556664980869], [127.01769908611097, 37.56998577691102], [127.0175133756155, 37.57029101296999], [127.01881853651845, 37.57098451977709], [127.02336812399952, 37.57173985489921], [127.02359774948243, 37.56580425008266], [127.02361524786308, 37.56516886904608]]]]}}, {"type": "Feature", "properties": {"adm_cd": "11050630", "공식adm_nm": "서울특별시 광진구 광장동", "행정동": "광장동", "주센터번호": 9004, "주센터명": "구의", "운영센터": "9004", "분할비중": "9004(100.0%)", "센터수": 1, "단독": 1172, "공동": 10362, "영업": 499, "합계": 12033, "is_downtown": false, "난이도점수": 14203}, "geometry": {"type": "MultiPolygon", "coordinates": [[[[127.1137691771839, 37.55888549092249], [127.11389689245259, 37.558598799072186], [127.1138942621246, 37.55666195511249], [127.11389216678552, 37.555123654491155], [127.11388939531747, 37.5533303674583], [127.11335708097162, 37.55203104636525], [127.11334298262986, 37.551996631593916], [127.11307043277391, 37.5513311889072], [127.11244447599769, 37.54950727503481], [127.1122233080118, 37.54834157252364], [127.11207186029925, 37.54754560584924], [127.11156851068245, 37.54650964728895], [127.11088652338613, 37.545474847433525], [127.10956437773541, 37.543469981099015], [127.10415822683737, 37.536003409903834], [127.10320180066232, 37.53466506706074], [127.1006138691992, 37.53709112964368], [127.09774841261653, 37.53965589908915], [127.09712621936801, 37.54011234226454], [127.0970544587053, 37.54016508806427], [127.09696924172079, 37.54022785602624], [127.09507923582707, 37.541865235656736], [127.09317878749944, 37.543694176288696], [127.09395346071652, 37.54424319842032], [127.09674654549332, 37.545847039709734], [127.09696487397095, 37.54590299303626], [127.09745929842828, 37.5456635674121], [127.09758411494596, 37.545602727822356], [127.09778065204789, 37.54550692553788], [127.09801519152356, 37.546231060709815], [127.09864763790597, 37.54901839481434], [127.0982513445528, 37.550214760916255], [127.09824111187685, 37.55029188463994], [127.09869186096478, 37.551988512936624], [127.09957214671445, 37.55263487827198], [127.10007540812971, 37.55300384016446], [127.10202965333634, 37.55549522028099], [127.1033949187177, 37.55723562067737], [127.10424638970304, 37.55987605946642], [127.10896038693978, 37.55982369013402], [127.11002219824084, 37.55845873405385], [127.11146500858989, 37.5588887524819], [127.1137691771839, 37.55888549092249]]]]}}, {"type": "Feature", "properties": {"adm_cd": "11050600", "공식adm_nm": "서울특별시 광진구 구의1동", "행정동": "구의제1동", "주센터번호": 9004, "주센터명": "구의", "운영센터": "9004+9001", "분할비중": "9004(95.3%)+9001(4.7%)", "센터수": 2, "단독": 8354, "공동": 6353, "영업": 861, "합계": 15568, "is_downtown": false, "난이도점수": 25644}, "geometry": {"type": "MultiPolygon", "coordinates": [[[[127.08506451575214, 37.54510801889438], [127.08531066938667, 37.54509311893944], [127.09065414858394, 37.54468584880315], [127.0890534401648, 37.53789877207256], [127.08354948969837, 37.53662995568041], [127.08319925770677, 37.540070767035935], [127.0829344891279, 37.541372289074786], [127.08247394081931, 37.54149572445384], [127.08140490508941, 37.54201583733276], [127.08131107672475, 37.54212009329555], [127.08127955904983, 37.54215511631794], [127.08127669884864, 37.5426665343926], [127.08127588548778, 37.54281196495609], [127.08129952713867, 37.542902021928626], [127.08134724305417, 37.54308375081293], [127.0813719125099, 37.543119590472465], [127.08151497758021, 37.543325457521924], [127.08177050186195, 37.54381196715664], [127.08191750760544, 37.54409303407575], [127.08237673152614, 37.54497122551575], [127.08161361808642, 37.54529864575228], [127.08506451575214, 37.54510801889438]]]]}}, {"type": "Feature", "properties": {"adm_cd": "11050620", "공식adm_nm": "서울특별시 광진구 구의3동", "행정동": "구의제3동", "주센터번호": 9004, "주센터명": "구의", "운영센터": "9004", "분할비중": "9004(100.0%)", "센터수": 1, "단독": 3491, "공동": 8703, "영업": 766, "합계": 12960, "is_downtown": false, "난이도점수": 17983}, "geometry": {"type": "MultiPolygon", "coordinates": [[[[127.09317878749944, 37.543694176288696], [127.09507923582707, 37.541865235656736], [127.09696924172079, 37.54022785602624], [127.0970544587053, 37.54016508806427], [127.09712621936801, 37.54011234226454], [127.09774841261653, 37.53965589908915], [127.1006138691992, 37.53709112964368], [127.10320180066232, 37.53466506706074], [127.09895717127637, 37.527953652564285], [127.0981175409782, 37.527558708238594], [127.09225074701108, 37.5267860261998], [127.09181794818387, 37.531443355934435], [127.09167445637397, 37.532979671502794], [127.09164743629091, 37.53326463179759], [127.09087564309522, 37.53365630269626], [127.09013035300151, 37.53340420332467], [127.08943904265561, 37.53569626694799], [127.08936820183793, 37.53596809469671], [127.08926127459281, 37.53637842529373], [127.08941810609396, 37.537450456431905], [127.0890534401648, 37.53789877207256], [127.09065414858394, 37.54468584880315], [127.0924749217409, 37.54411816990354], [127.09317878749944, 37.543694176288696]]]]}}, {"type": "Feature", "properties": {"adm_cd": "11050640", "공식adm_nm": "서울특별시 광진구 자양1동", "행정동": "자양제1동", "주센터번호": 9004, "주센터명": "구의", "운영센터": "9004+9001", "분할비중": "9004(75.9%)+9001(24.1%)", "센터수": 2, "단독": 8204, "공동": 4044, "영업": 665, "합계": 12913, "is_downtown": false, "난이도점수": 22447}, "geometry": {"type": "MultiPolygon", "coordinates": [[[[127.08354948969837, 37.53662995568041], [127.08379144328397, 37.535984185676234], [127.08421355496837, 37.53488366510672], [127.08458024980344, 37.53394641947021], [127.08481918565488, 37.53335914699399], [127.08483348559334, 37.53332419403093], [127.085146311817, 37.53277549538184], [127.08534820986074, 37.53246413533649], [127.08431890300676, 37.53196251783829], [127.08398670422264, 37.531808173508544], [127.0833003090271, 37.531573599517166], [127.08293066142221, 37.53151595992028], [127.08259420370551, 37.53146970342518], [127.08211116919976, 37.53145109385735], [127.08159741024582, 37.531486455702385], [127.0815336895433, 37.531494459306295], [127.0813793824933, 37.53151385041484], [127.0811665709066, 37.53156779913179], [127.08105068950124, 37.53159718691175], [127.07840759667897, 37.532382032766606], [127.07566048866617, 37.53320488831466], [127.07654996710956, 37.5360338288817], [127.07657568203501, 37.53611616970771], [127.07661213112851, 37.53623787511913], [127.07709080396413, 37.537849743160926], [127.07717082900302, 37.53820596198495], [127.07713118200647, 37.53821606301026], [127.07513538778294, 37.53871142962469], [127.07526421965281, 37.53932693485519], [127.07678031844922, 37.53921193022391], [127.0784788462719, 37.53902187973175], [127.07894104002818, 37.53893460102604], [127.07994811775137, 37.539002483009384], [127.08229036198267, 37.54003782342226], [127.0829344891279, 37.541372289074786], [127.08319925770677, 37.540070767035935], [127.08354948969837, 37.53662995568041]]]]}}, {"type": "Feature", "properties": {"adm_cd": "11050650", "공식adm_nm": "서울특별시 광진구 자양2동", "행정동": "자양제2동", "주센터번호": 9004, "주센터명": "구의", "운영센터": "9004", "분할비중": "9004(100.0%)", "센터수": 1, "단독": 4850, "공동": 7429, "영업": 527, "합계": 12806, "is_downtown": false, "난이도점수": 18710}, "geometry": {"type": "MultiPolygon", "coordinates": [[[[127.09225074701108, 37.5267860261998], [127.09043787509113, 37.52600227280481], [127.08851962379843, 37.52549085969232], [127.0875943179362, 37.52524537819026], [127.08559042087344, 37.52474261757749], [127.08428507907632, 37.52442030365822], [127.083421341676, 37.52431134900935], [127.08236463834882, 37.5241780488388], [127.07989007997432, 37.523866189503835], [127.07758018075286, 37.52357514972427], [127.07694695019691, 37.52359316911709], [127.07285460303116, 37.52371250986057], [127.07257691884173, 37.52377686080058], [127.07385918908452, 37.527033129998614], [127.07486466181626, 37.530559941749715], [127.07566048866617, 37.53320488831466], [127.07840759667897, 37.532382032766606], [127.08105068950124, 37.53159718691175], [127.0811665709066, 37.53156779913179], [127.0813793824933, 37.53151385041484], [127.0815336895433, 37.531494459306295], [127.08159741024582, 37.531486455702385], [127.08211116919976, 37.53145109385735], [127.08259420370551, 37.53146970342518], [127.08293066142221, 37.53151595992028], [127.0833003090271, 37.531573599517166], [127.08398670422264, 37.531808173508544], [127.08431890300676, 37.53196251783829], [127.08534820986074, 37.53246413533649], [127.085146311817, 37.53277549538184], [127.08483348559334, 37.53332419403093], [127.08481918565488, 37.53335914699399], [127.08458024980344, 37.53394641947021], [127.08421355496837, 37.53488366510672], [127.08379144328397, 37.535984185676234], [127.08354948969837, 37.53662995568041], [127.0890534401648, 37.53789877207256], [127.08941810609396, 37.537450456431905], [127.08926127459281, 37.53637842529373], [127.08936820183793, 37.53596809469671], [127.08943904265561, 37.53569626694799], [127.09013035300151, 37.53340420332467], [127.09087564309522, 37.53365630269626], [127.09164743629091, 37.53326463179759], [127.09167445637397, 37.532979671502794], [127.09181794818387, 37.531443355934435], [127.09225074701108, 37.5267860261998]]]]}}, {"type": "Feature", "properties": {"adm_cd": "11040590", "공식adm_nm": "서울특별시 성동구 금호1가동", "행정동": "금호1가동", "주센터번호": 9005, "주센터명": "금호", "운영센터": "9005", "분할비중": "9005(100.0%)", "센터수": 1, "단독": 1122, "공동": 5410, "영업": 247, "합계": 6779, "is_downtown": false, "난이도점수": 8395}, "geometry": {"type": "MultiPolygon", "coordinates": [[[[127.02951037821771, 37.55391100332733], [127.02897602724492, 37.54910353424355], [127.02586875823346, 37.54831931697688], [127.02606856672013, 37.54934765947889], [127.02607086896697, 37.549431043696735], [127.02608307484641, 37.549961763123115], [127.02593177970206, 37.550389297493425], [127.02548666729606, 37.55162574025871], [127.0253038951838, 37.55199568607598], [127.02524439737343, 37.55211600251171], [127.02478471750418, 37.552523141154616], [127.02444985937369, 37.55266150229368], [127.02426475900849, 37.552737524663804], [127.02411714591156, 37.55279711298764], [127.02342976846252, 37.55306750383997], [127.02339997878974, 37.553078651379515], [127.02332271584476, 37.553100873242954], [127.02307603642342, 37.5531697308574], [127.0227379161554, 37.55326300641221], [127.01998250380413, 37.555699001232604], [127.01946390283747, 37.5573396016988], [127.01937088600177, 37.557499213548525], [127.02182429257704, 37.557709410220035], [127.02285714633344, 37.557868260398386], [127.02431040322989, 37.557897753360976], [127.02487684670209, 37.55573344582895], [127.02490254185645, 37.55569862190944], [127.02573770628025, 37.55501577354697], [127.02588806581782, 37.55494545016129], [127.0259292272262, 37.55492646174494], [127.0281016914397, 37.55412169580781], [127.0291002582485, 37.55387443022619], [127.02929986602193, 37.55386396016431], [127.02951037821771, 37.55391100332733]]]]}}, {"type": "Feature", "properties": {"adm_cd": "11040720", "공식adm_nm": "서울특별시 성동구 금호2·3가동", "행정동": "금호2.3가동", "주센터번호": 9005, "주센터명": "금호", "운영센터": "9005", "분할비중": "9005(100.0%)", "센터수": 1, "단독": 3435, "공동": 5803, "영업": 470, "합계": 9708, "is_downtown": false, "난이도점수": 14083}, "geometry": {"type": "MultiPolygon", "coordinates": [[[[127.02586875823346, 37.54831931697688], [127.02541573721986, 37.54808201901931], [127.01923950505581, 37.548320679743796], [127.01679327655567, 37.54846955751905], [127.01487693359654, 37.54829945567298], [127.01445372035877, 37.54809716556333], [127.01437412125692, 37.54913421189205], [127.01320761955266, 37.54994422861261], [127.01630613748895, 37.553011495638145], [127.01741143566528, 37.555982657918925], [127.01788023979678, 37.55657037839766], [127.01792413351535, 37.5566004734223], [127.01800423348419, 37.556655386184474], [127.0183658575566, 37.556869805775825], [127.01858868515346, 37.556991270066355], [127.01876860869, 37.55707312502291], [127.01890690849194, 37.557134529739834], [127.01946390283747, 37.5573396016988], [127.01998250380413, 37.555699001232604], [127.0227379161554, 37.55326300641221], [127.02307603642342, 37.5531697308574], [127.02332271584476, 37.553100873242954], [127.02339997878974, 37.553078651379515], [127.02342976846252, 37.55306750383997], [127.02411714591156, 37.55279711298764], [127.02426475900849, 37.552737524663804], [127.02444985937369, 37.55266150229368], [127.02478471750418, 37.552523141154616], [127.02524439737343, 37.55211600251171], [127.0253038951838, 37.55199568607598], [127.02548666729606, 37.55162574025871], [127.02593177970206, 37.550389297493425], [127.02608307484641, 37.549961763123115], [127.02607086896697, 37.549431043696735], [127.02606856672013, 37.54934765947889], [127.02586875823346, 37.54831931697688]]]]}}, {"type": "Feature", "properties": {"adm_cd": "11040620", "공식adm_nm": "서울특별시 성동구 금호4가동", "행정동": "금호4가동", "주센터번호": 9005, "주센터명": "금호", "운영센터": "9005", "분할비중": "9005(100.0%)", "센터수": 1, "단독": 2014, "공동": 4297, "영업": 274, "합계": 6585, "is_downtown": false, "난이도점수": 9147}, "geometry": {"type": "MultiPolygon", "coordinates": [[[[127.03039827886207, 37.546271069569954], [127.03074858487874, 37.54614514627833], [127.03091247766929, 37.54605535584055], [127.03109362490015, 37.54595610640449], [127.03099849176064, 37.545628591955804], [127.0308927768987, 37.54526464780066], [127.03150430959413, 37.54250627759402], [127.02287476642073, 37.54145247733585], [127.02268789647377, 37.5416894537722], [127.02129552047927, 37.543356952041016], [127.01971158208781, 37.54514917644688], [127.01682578510314, 37.545734088046544], [127.01519057405264, 37.547067018782066], [127.01445372035877, 37.54809716556333], [127.01487693359654, 37.54829945567298], [127.01679327655567, 37.54846955751905], [127.01923950505581, 37.548320679743796], [127.02541573721986, 37.54808201901931], [127.02586875823346, 37.54831931697688], [127.02897602724492, 37.54910353424355], [127.02953493334337, 37.549202928138094], [127.03039827886207, 37.546271069569954]]]]}}, {"type": "Feature", "properties": {"adm_cd": "11040730", "공식adm_nm": "서울특별시 성동구 옥수동", "행정동": "옥수동", "주센터번호": 9005, "주센터명": "금호", "운영센터": "9005", "분할비중": "9005(100.0%)", "센터수": 1, "단독": 720, "공동": 9950, "영업": 347, "합계": 11017, "is_downtown": false, "난이도점수": 12431}, "geometry": {"type": "MultiPolygon", "coordinates": [[[[127.01445372035877, 37.54809716556333], [127.01519057405264, 37.547067018782066], [127.01682578510314, 37.545734088046544], [127.01971158208781, 37.54514917644688], [127.02129552047927, 37.543356952041016], [127.02268789647377, 37.5416894537722], [127.02287476642073, 37.54145247733585], [127.03150430959413, 37.54250627759402], [127.03340092626073, 37.54130204923873], [127.0359933458155, 37.53788596932773], [127.03590109303501, 37.53583818563624], [127.02156491849887, 37.535530965877896], [127.02092441234515, 37.53511935680614], [127.01719422667055, 37.537424003981116], [127.01576373980122, 37.53830597811191], [127.01478926311766, 37.538901377441235], [127.012889891509, 37.539313813299806], [127.01213660754814, 37.5391856490958], [127.0121256959346, 37.53915070095481], [127.01176468898241, 37.53904214089354], [127.01153303960568, 37.53898146832435], [127.00992598136419, 37.539371404743704], [127.00947114947282, 37.539576827235486], [127.00932275981805, 37.539677481240346], [127.00833696037861, 37.5418592906255], [127.00842516184942, 37.54286466482798], [127.00857717612135, 37.543889052496155], [127.00860603570271, 37.5439797142403], [127.01068194070888, 37.548078215345136], [127.01078235714807, 37.54808651825123], [127.01081324310977, 37.54809814744944], [127.01086705353879, 37.54811841641107], [127.01147996885422, 37.548416146182724], [127.01165764754505, 37.548511522986345], [127.01320761955266, 37.54994422861261], [127.01437412125692, 37.54913421189205], [127.01445372035877, 37.54809716556333]]]]}}, {"type": "Feature", "properties": {"adm_cd": "11040580", "공식adm_nm": "서울특별시 성동구 응봉동", "행정동": "응봉동", "주센터번호": 9005, "주센터명": "금호", "운영센터": "9005", "분할비중": "9005(100.0%)", "센터수": 1, "단독": 1446, "공동": 4223, "영업": 120, "합계": 5789, "is_downtown": false, "난이도점수": 7475}, "geometry": {"type": "MultiPolygon", "coordinates": [[[[127.03901524974482, 37.553856024224025], [127.03983477004536, 37.55291511357612], [127.04005133179066, 37.55277151137264], [127.04046478483485, 37.55249730329997], [127.04006168024185, 37.551330759872535], [127.03437626488132, 37.548159380236065], [127.0324952299345, 37.546748092507094], [127.03236145177345, 37.546717083562584], [127.03122135428879, 37.54656823300262], [127.03039827886207, 37.546271069569954], [127.02953493334337, 37.549202928138094], [127.02897602724492, 37.54910353424355], [127.02951037821771, 37.55391100332733], [127.03135783025816, 37.55291558713589], [127.03172002093781, 37.55293054441316], [127.03194095877515, 37.55295880619362], [127.0339970420137, 37.55452029700807], [127.03407538418922, 37.554613598523375], [127.0342077605319, 37.55477125327056], [127.03428009626121, 37.554858318843756], [127.03423007503112, 37.55459670372491], [127.03901524974482, 37.553856024224025]]]]}}, {"type": "Feature", "properties": {"adm_cd": "11030740", "공식adm_nm": "서울특별시 용산구 한남동", "행정동": "한남동", "주센터번호": 9005, "주센터명": "금호", "운영센터": "9005+9016", "분할비중": "9005(61.8%)+9016(38.2%)", "센터수": 2, "단독": 3152, "공동": 4797, "영업": 1410, "합계": 9359, "is_downtown": false, "난이도점수": 15331}, "geometry": {"type": "MultiPolygon", "coordinates": [[[[127.00530573624769, 37.54771217113099], [127.00484260490366, 37.546182262833796], [127.00725813748895, 37.54381073731256], [127.00860603570271, 37.5439797142403], [127.00857717612135, 37.543889052496155], [127.00842516184942, 37.54286466482798], [127.00833696037861, 37.5418592906255], [127.00932275981805, 37.539677481240346], [127.00947114947282, 37.539576827235486], [127.00992598136419, 37.539371404743704], [127.01153303960568, 37.53898146832435], [127.01176468898241, 37.53904214089354], [127.0121256959346, 37.53915070095481], [127.01213660754814, 37.5391856490958], [127.012889891509, 37.539313813299806], [127.01478926311766, 37.538901377441235], [127.01576373980122, 37.53830597811191], [127.01719422667055, 37.537424003981116], [127.02092441234515, 37.53511935680614], [127.02018190087503, 37.534642005172515], [127.02005930269905, 37.53456262055565], [127.01951257202252, 37.53410521396481], [127.018222147936, 37.53302283940944], [127.0170382269451, 37.53202891694836], [127.01637453661726, 37.53147171975787], [127.01545708941566, 37.53070180857035], [127.01260917648416, 37.528312769126096], [127.01186811487119, 37.5278410044609], [127.00797217618856, 37.52458897654878], [127.00729945564295, 37.52513599807171], [127.00479137388952, 37.526728791518856], [127.00423087719987, 37.52698557917714], [127.00389157078169, 37.5271655526676], [127.00285024505669, 37.5281425215702], [127.00285466708982, 37.52817198740478], [127.00288743307685, 37.52838494390736], [127.0031618845765, 37.52882886168498], [127.00337892120508, 37.5290743477929], [127.00345194832553, 37.5291410485523], [127.00369298565283, 37.529273884691335], [127.00372705485273, 37.52946566460281], [127.00360364755407, 37.52993496735662], [127.00354452456624, 37.53000899034081], [127.00331696242722, 37.5301905575308], [127.00299360184783, 37.53041678880711], [127.00091616882422, 37.531673302019186], [126.9981005623741, 37.53264273522102], [126.9978700030165, 37.53261350853068], [126.99703620646464, 37.53335138412458], [126.99512383702977, 37.538218411916525], [126.99534159947724, 37.53897197228811], [126.9953402543276, 37.53917138877801], [126.99535816095131, 37.539248720146595], [126.99537393708205, 37.53931684862134], [126.99539613629382, 37.53939834454324], [126.99541605264378, 37.53947141208202], [126.99551695209077, 37.53961605942692], [126.99565834240444, 37.53971013353475], [126.9958578356203, 37.53984285311787], [126.99649732530668, 37.54026694082629], [126.99693557359696, 37.54053923661548], [126.99733904652541, 37.540717845006945], [126.99739544564899, 37.540767650385334], [126.99754159753705, 37.540896723947874], [126.99756333762855, 37.540926110371494], [126.99778096333743, 37.54122203943293], [126.99780505805529, 37.54125480687935], [126.99784317354758, 37.541817317550354], [126.99786239881355, 37.54221750912124], [126.99650535636687, 37.54602099719253], [126.99532055586175, 37.5472372699923], [126.99774306652638, 37.54935788556125], [126.99852177718344, 37.549931299316114], [126.99885634010798, 37.54990824810946], [126.99910431269892, 37.54989093079555], [126.99936688633525, 37.54979177549393], [126.99980718201049, 37.5496188183286], [126.99986838665242, 37.549594497768965], [126.99995067889738, 37.54956217236035], [127.0002169569067, 37.54951469894091], [127.00025315880767, 37.5495082452712], [127.0026844109379, 37.54960075852897], [127.0038924990723, 37.55019622503125], [127.00422527899485, 37.55037563944464], [127.00440224837436, 37.54966442382979], [127.00437854733603, 37.549562814274346], [127.0043874011466, 37.5491865376636], [127.00447019000937, 37.548972814410675], [127.00463078953523, 37.54856352705784], [127.00471559662431, 37.54834740546745], [127.00532014884055, 37.54830036548167], [127.00542150057807, 37.54828528681733], [127.00554111914713, 37.5482674903744], [127.00573661847369, 37.5482345082359], [127.00578358969784, 37.54822566429837], [127.0058944050891, 37.54820461733567], [127.00531345500667, 37.547813522491055], [127.0053100902793, 37.54777022103047], [127.00530759696628, 37.54773809546151], [127.00530573624769, 37.54771217113099]]]]}}, {"type": "Feature", "properties": {"adm_cd": "11040570", "공식adm_nm": "서울특별시 성동구 행당2동", "행정동": "행당제2동", "주센터번호": 9005, "주센터명": "금호", "운영센터": "9005+9007", "분할비중": "9005(51.0%)+9007(49.0%)", "센터수": 2, "단독": 670, "공동": 8320, "영업": 219, "합계": 9209, "is_downtown": false, "난이도점수": 10317}, "geometry": {"type": "MultiPolygon", "coordinates": [[[[127.03106512462858, 37.560333620339904], [127.03062954125545, 37.55847289889897], [127.03065064317269, 37.55837946863793], [127.03070708711473, 37.55813153244614], [127.03076852768724, 37.557861660991385], [127.03280750633587, 37.55826972000778], [127.03344852494284, 37.558398443787986], [127.03397998653448, 37.55850820355965], [127.03408473357604, 37.55736890936597], [127.03428009626121, 37.554858318843756], [127.0342077605319, 37.55477125327056], [127.03407538418922, 37.554613598523375], [127.0339970420137, 37.55452029700807], [127.03194095877515, 37.55295880619362], [127.03172002093781, 37.55293054441316], [127.03135783025816, 37.55291558713589], [127.02951037821771, 37.55391100332733], [127.02929986602193, 37.55386396016431], [127.0291002582485, 37.55387443022619], [127.0281016914397, 37.55412169580781], [127.0259292272262, 37.55492646174494], [127.02588806581782, 37.55494545016129], [127.02573770628025, 37.55501577354697], [127.02490254185645, 37.55569862190944], [127.02487684670209, 37.55573344582895], [127.02431040322989, 37.557897753360976], [127.02671290139035, 37.55956817690134], [127.0267478281066, 37.559591003875354], [127.02677837997646, 37.55961005467636], [127.02707040142865, 37.55977128643338], [127.02808576665176, 37.56023729093031], [127.02819595211548, 37.56027040521961], [127.03024780478002, 37.560439703139274], [127.03036692165554, 37.56040299634883], [127.03058050927122, 37.560309204050505], [127.03106512462858, 37.560333620339904]]]]}}, {"type": "Feature", "properties": {"adm_cd": "11070730", "공식adm_nm": "서울특별시 중랑구 망우본동", "행정동": "망우본동", "주센터번호": 9006, "주센터명": "면목", "운영센터": "9006+9013", "분할비중": "9006(52.5%)+9013(47.5%)", "센터수": 2, "단독": 9327, "공동": 10131, "영업": 1086, "합계": 20544, "is_downtown": false, "난이도점수": 32043}, "geometry": {"type": "MultiPolygon", "coordinates": [[[[127.11661509079283, 37.60882189786028], [127.11713661961933, 37.60860716005363], [127.1179009372873, 37.60814093784694], [127.11817817934065, 37.607790310614654], [127.11820717784943, 37.60775350336734], [127.11831716768972, 37.60761387125097], [127.11837502985998, 37.60737632861362], [127.11827583448283, 37.60627974674661], [127.11801121467134, 37.60457760024447], [127.11689056360744, 37.60314984259239], [127.11522360961142, 37.60125844369703], [127.11428234147375, 37.60035168262228], [127.11383192229505, 37.599963685482244], [127.11384685162241, 37.59981825256222], [127.11389224477597, 37.59952454781106], [127.1139627329203, 37.59942081802319], [127.11595777489876, 37.597279048648815], [127.11599974922115, 37.59724087799228], [127.11649936096029, 37.59678146815182], [127.11801802023989, 37.595344531899954], [127.11836564712655, 37.595015524601116], [127.11782383634053, 37.59400532907511], [127.11535486847137, 37.5935049479383], [127.11390575571913, 37.59334278726775], [127.1123997606826, 37.59186378093394], [127.10808281391601, 37.59454790971371], [127.10643496206767, 37.594745314200935], [127.10376987733464, 37.594921173441804], [127.10305965055825, 37.594944700726934], [127.10087037781622, 37.594713107727316], [127.10008861634401, 37.595640038105714], [127.09319897355861, 37.59414612035095], [127.09278893391367, 37.59816366073138], [127.0955192075844, 37.59946301108777], [127.09668325672004, 37.59971711722005], [127.09709060120231, 37.59980638972757], [127.09819170257644, 37.60004787348065], [127.10046528873258, 37.60054680918478], [127.10318963168596, 37.60593028879237], [127.10359362890425, 37.6073242232768], [127.10374987943344, 37.608032637949734], [127.10378991543418, 37.60849888467551], [127.1037997135208, 37.60878721711226], [127.10358466955256, 37.60954600831387], [127.10327563521288, 37.60973537881977], [127.10312359468023, 37.60969543378978], [127.10297792700243, 37.609656636684434], [127.10280117087338, 37.609538840099496], [127.10268227629791, 37.60945959928297], [127.10264420614466, 37.60942792405257], [127.10245026331799, 37.60926610780185], [127.10228807450856, 37.60915068768924], [127.10208464363812, 37.60905536077732], [127.10109847108549, 37.609299906582095], [127.10113225672993, 37.60997715024761], [127.10134459049927, 37.613203548854884], [127.10368099246057, 37.61327902293887], [127.10429383678908, 37.61317905641817], [127.1050751511659, 37.613051600807054], [127.10939794081989, 37.612065495388705], [127.11223814230374, 37.61019217994002], [127.11237763841471, 37.61006555765151], [127.11261166377089, 37.609853149104914], [127.1131170946472, 37.609477369110266], [127.1152464223071, 37.60906520523158], [127.11661509079283, 37.60882189786028]]]]}}, {"type": "Feature", "properties": {"adm_cd": "11070680", "공식adm_nm": "서울특별시 중랑구 망우3동", "행정동": "망우제3동", "주센터번호": 9006, "주센터명": "면목", "운영센터": "9006", "분할비중": "9006(100.0%)", "센터수": 1, "단독": 6446, "공동": 2471, "영업": 280, "합계": 9197, "is_downtown": false, "난이도점수": 16203}, "geometry": {"type": "MultiPolygon", "coordinates": [[[[127.1123997606826, 37.59186378093394], [127.11014333874036, 37.58741619339008], [127.10978442325978, 37.58769550595349], [127.1083303673206, 37.588234878738554], [127.10817516822986, 37.588267038404524], [127.10725671871054, 37.588048788318034], [127.10613494497721, 37.58799660303415], [127.10492457601646, 37.588096213908756], [127.10211292060261, 37.588989242837535], [127.09739098027585, 37.590569398786414], [127.09362568774866, 37.58974573729007], [127.09319897355861, 37.59414612035095], [127.10008861634401, 37.595640038105714], [127.10087037781622, 37.594713107727316], [127.10305965055825, 37.594944700726934], [127.10376987733464, 37.594921173441804], [127.10643496206767, 37.594745314200935], [127.10808281391601, 37.59454790971371], [127.1123997606826, 37.59186378093394]]]]}}, {"type": "Feature", "properties": {"adm_cd": "11070720", "공식adm_nm": "서울특별시 중랑구 면목3·8동", "행정동": "면목제3.8동", "주센터번호": 9006, "주센터명": "면목", "운영센터": "9006", "분할비중": "9006(100.0%)", "센터수": 1, "단독": 8356, "공동": 4819, "영업": 776, "합계": 13951, "is_downtown": false, "난이도점수": 23859}, "geometry": {"type": "MultiPolygon", "coordinates": [[[[127.11014333874036, 37.58741619339008], [127.10983922230312, 37.58596590117585], [127.10952771652431, 37.58506948085472], [127.10932809122542, 37.58466434029016], [127.10603197351243, 37.584564376132334], [127.1026655861381, 37.584104673555004], [127.09975048588927, 37.58305151357613], [127.10047224954039, 37.58257399162128], [127.10276863963259, 37.5817626404008], [127.10276455909438, 37.581064081496685], [127.10274541935918, 37.579603832073666], [127.1027259815373, 37.57939983737087], [127.10267823187601, 37.57891294732714], [127.09977990674759, 37.579546498694555], [127.09498414260989, 37.58074357766383], [127.0916351765142, 37.580636270413514], [127.0890563589663, 37.58065324102953], [127.08587278745757, 37.58098011441209], [127.08339012303948, 37.58114714130743], [127.08352965394475, 37.58443533598752], [127.0840558561704, 37.584520529981575], [127.08432921416126, 37.584500085914044], [127.08566986123229, 37.58438762505244], [127.09011818941826, 37.58400800355089], [127.09240430433921, 37.58380942092422], [127.09309837580204, 37.5837453411226], [127.09369828860811, 37.583692190108515], [127.09422722870171, 37.584697895756115], [127.094555298755, 37.585295066372325], [127.09460783577252, 37.58539324134822], [127.09488110795095, 37.585908055033684], [127.09461188485334, 37.586735136596054], [127.09377250671379, 37.58930334413929], [127.09362568774866, 37.58974573729007], [127.09739098027585, 37.590569398786414], [127.10211292060261, 37.588989242837535], [127.10492457601646, 37.588096213908756], [127.10613494497721, 37.58799660303415], [127.10725671871054, 37.588048788318034], [127.10817516822986, 37.588267038404524], [127.1083303673206, 37.588234878738554], [127.10978442325978, 37.58769550595349], [127.11014333874036, 37.58741619339008]]]]}}, {"type": "Feature", "properties": {"adm_cd": "11070540", "공식adm_nm": "서울특별시 중랑구 면목4동", "행정동": "면목제4동", "주센터번호": 9006, "주센터명": "면목", "운영센터": "9006", "분할비중": "9006(100.0%)", "센터수": 1, "단독": 4747, "공동": 4595, "영업": 303, "합계": 9645, "is_downtown": false, "난이도점수": 14998}, "geometry": {"type": "MultiPolygon", "coordinates": [[[[127.095751117705, 37.57110356167774], [127.09565025664568, 37.571095630496586], [127.09550773031205, 37.571051324912005], [127.0954432496255, 37.57103056670222], [127.0953088319397, 37.570974064556246], [127.09514670471764, 37.57090493396179], [127.09509840557583, 37.57088433471073], [127.09495721869793, 37.570816988240296], [127.09477211331254, 37.570728201870104], [127.0945719425608, 37.57060310937155], [127.09442833637553, 37.570553997283795], [127.09431903532358, 37.570516612300686], [127.09427970391151, 37.57050149219166], [127.09418838393368, 37.57046546231959], [127.09409401909042, 37.57044903077771], [127.09397831732922, 37.57042887531118], [127.09393100484732, 37.57042063648464], [127.09380414594358, 37.570405210611675], [127.09365445022462, 37.5703870109633], [127.09345305006684, 37.570331109878964], [127.0933130156736, 37.5703126005555], [127.09322973381957, 37.57031974075186], [127.09308571537588, 37.57033209768312], [127.09292318943471, 37.57035558538936], [127.09278114205692, 37.570376114976376], [127.09269200066414, 37.57039662864188], [127.09263162438668, 37.570410526445286], [127.09253341944277, 37.57024681784164], [127.09248612097704, 37.570096805138824], [127.09240195999793, 37.56995567864795], [127.09231216131312, 37.569871027445394], [127.09222672363396, 37.56982855098566], [127.09207533569823, 37.56975963353648], [127.09195033807121, 37.56970843751997], [127.09180346638207, 37.56964827842779], [127.0914584312257, 37.56958511708553], [127.09121163490214, 37.569562801619476], [127.0911704143874, 37.569559332896745], [127.09076575013714, 37.56957616514827], [127.09072099895022, 37.569578056076054], [127.09046108905252, 37.56960757528742], [127.09035132832379, 37.569619588034584], [127.0902320795785, 37.56964580006435], [127.09009906685294, 37.569675046801144], [127.08999952423936, 37.569699744245], [127.08990252497198, 37.5697644992237], [127.08985876885771, 37.569803799306335], [127.08976880982073, 37.56988459021333], [127.08958151649962, 37.56996618742135], [127.08931031394408, 37.57011960045174], [127.08918500450969, 37.570156336128846], [127.08908580817766, 37.57018131702685], [127.08898296361873, 37.57018148990463], [127.0889222015686, 37.57016782389041], [127.0887612248065, 37.570135936826965], [127.08871081675314, 37.5701265268917], [127.08839583170611, 37.570075863866435], [127.08832588436313, 37.57029643537406], [127.08829634906714, 37.57038941207423], [127.08816011354958, 37.57081847785512], [127.0880545551454, 37.57082785044667], [127.08800980508666, 37.570829388821814], [127.0878993722397, 37.57083351012507], [127.08759002556435, 37.57084482341645], [127.08754684753048, 37.57084467257017], [127.08723050415834, 37.57084131354029], [127.08718312632304, 37.570839465056466], [127.08712754327256, 37.57083757343601], [127.08703684578572, 37.5708380493905], [127.08700474069042, 37.57083827057899], [127.08695727090578, 37.570838104502855], [127.08688412842397, 37.570838105456446], [127.08683487598324, 37.57083880289541], [127.08671668845172, 37.5708383892032], [127.0861650572925, 37.5708206831413], [127.08098306327693, 37.57161023856758], [127.0785759598423, 37.57186080820366], [127.07864451029816, 37.5726328332364], [127.07831817872241, 37.57678350648899], [127.07865995363576, 37.57692668926768], [127.07961010061065, 37.57738413200833], [127.07966013444137, 37.576793926848026], [127.08067666733409, 37.57637155119729], [127.08591209670742, 37.57678009444723], [127.08871193502956, 37.57700832444926], [127.08876434366557, 37.57699499581478], [127.09214440824258, 37.57461589375523], [127.0925793434812, 37.57429178316848], [127.0949023676248, 37.57245201094968], [127.0954528307744, 37.57196266294533], [127.09562781956232, 37.57153850134337], [127.095751117705, 37.57110356167774]]]]}}, {"type": "Feature", "properties": {"adm_cd": "11070570", "공식adm_nm": "서울특별시 중랑구 면목7동", "행정동": "면목제7동", "주센터번호": 9006, "주센터명": "면목", "운영센터": "9006", "분할비중": "9006(100.0%)", "센터수": 1, "단독": 5815, "공동": 5196, "영업": 465, "합계": 11476, "is_downtown": false, "난이도점수": 18221}, "geometry": {"type": "MultiPolygon", "coordinates": [[[[127.10267823187601, 37.57891294732714], [127.1026716405845, 37.57830360868785], [127.10125529529594, 37.5749805200241], [127.10093021118088, 37.573559795823115], [127.095751117705, 37.57110356167774], [127.09562781956232, 37.57153850134337], [127.0954528307744, 37.57196266294533], [127.0949023676248, 37.57245201094968], [127.0925793434812, 37.57429178316848], [127.09214440824258, 37.57461589375523], [127.08876434366557, 37.57699499581478], [127.08871193502956, 37.57700832444926], [127.08591209670742, 37.57678009444723], [127.08067666733409, 37.57637155119729], [127.07966013444137, 37.576793926848026], [127.07961010061065, 37.57738413200833], [127.08339012303948, 37.58114714130743], [127.08587278745757, 37.58098011441209], [127.0890563589663, 37.58065324102953], [127.0916351765142, 37.580636270413514], [127.09498414260989, 37.58074357766383], [127.09977990674759, 37.579546498694555], [127.10267823187601, 37.57891294732714]]]]}}, {"type": "Feature", "properties": {"adm_cd": "11040540", "공식adm_nm": "서울특별시 성동구 마장동", "행정동": "마장동", "주센터번호": 9007, "주센터명": "행당", "운영센터": "9007", "분할비중": "9007(100.0%)", "센터수": 1, "단독": 5952, "공동": 5792, "영업": 550, "합계": 12294, "is_downtown": false, "난이도점수": 19346}, "geometry": {"type": "MultiPolygon", "coordinates": [[[[127.04823122646904, 37.565383930823515], [127.04736887985682, 37.56535133754722], [127.04699884657104, 37.565335271358784], [127.04689860043125, 37.56532837171227], [127.04688755059149, 37.565285846904814], [127.04680413609567, 37.56494950187192], [127.04672030899563, 37.564351722364066], [127.04640333630888, 37.563756749956994], [127.04623598041672, 37.56346204153842], [127.04569069426488, 37.562585594743275], [127.04553849994859, 37.5623653455513], [127.04531723358832, 37.562216915617654], [127.04528828856522, 37.56219763243105], [127.04516884386251, 37.56217351100297], [127.04150861128683, 37.56196556320779], [127.03938222624254, 37.561937005984134], [127.03919468721568, 37.562043310328754], [127.03882607913759, 37.56284857889958], [127.03882333633005, 37.56289934120178], [127.03649580994687, 37.56603810543127], [127.03480091462805, 37.56623650578949], [127.03471875891604, 37.56624632220725], [127.03303599433717, 37.567919566787516], [127.03231081198125, 37.57014415410846], [127.03476165743074, 37.571752603392426], [127.0351015240643, 37.57195787228406], [127.03545151102765, 37.57212938037326], [127.03637309393174, 37.57245974195402], [127.0364781687079, 37.57249708189399], [127.03653341070799, 37.5725167057078], [127.03792748045765, 37.572898482421905], [127.0379847878536, 37.57290321345877], [127.03865047613053, 37.57295539101556], [127.0421804638618, 37.573020962025055], [127.04289470813058, 37.57207956673217], [127.04384016123937, 37.57093963901142], [127.04528832815625, 37.57010809842658], [127.04587539501063, 37.56968705782185], [127.04598204377942, 37.569610568558744], [127.04600927239831, 37.56956668294923], [127.04662328632166, 37.56856741965762], [127.04672979009464, 37.5683931913745], [127.04776482882622, 37.56658319581611], [127.04823122646904, 37.565383930823515]]]]}}, {"type": "Feature", "properties": {"adm_cd": "11040550", "공식adm_nm": "서울특별시 성동구 사근동", "행정동": "사근동", "주센터번호": 9007, "주센터명": "행당", "운영센터": "9007", "분할비중": "9007(100.0%)", "센터수": 1, "단독": 3784, "공동": 1447, "영업": 182, "합계": 5413, "is_downtown": false, "난이도점수": 9561}, "geometry": {"type": "MultiPolygon", "coordinates": [[[[127.049335021649, 37.55263967734592], [127.04800474835392, 37.55287683059181], [127.04793401729852, 37.55288444482588], [127.04700709831772, 37.55298223842148], [127.0469071972007, 37.55299270286497], [127.04669416382184, 37.55301489667452], [127.04664035427577, 37.553020323521324], [127.04449716779874, 37.55300531481577], [127.04176088549319, 37.55270414946288], [127.03983477004536, 37.55291511357612], [127.03901524974482, 37.553856024224025], [127.03914331390452, 37.55407855390622], [127.03920422698748, 37.554184700368054], [127.03935170408975, 37.5544804682189], [127.03946106186923, 37.554877489150805], [127.03950158811176, 37.55507707106097], [127.03953179320608, 37.55522815158124], [127.0395344311283, 37.555373518182286], [127.03953916156449, 37.5556432297505], [127.03954066226372, 37.555740842859045], [127.03951731290589, 37.55608551838618], [127.03916664990663, 37.56086017940381], [127.03882607913759, 37.56284857889958], [127.03919468721568, 37.562043310328754], [127.03938222624254, 37.561937005984134], [127.04150861128683, 37.56196556320779], [127.04516884386251, 37.56217351100297], [127.04528828856522, 37.56219763243105], [127.04531723358832, 37.562216915617654], [127.04553849994859, 37.5623653455513], [127.04569069426488, 37.562585594743275], [127.04623598041672, 37.56346204153842], [127.04640333630888, 37.563756749956994], [127.04672030899563, 37.564351722364066], [127.04680413609567, 37.56494950187192], [127.04688755059149, 37.565285846904814], [127.04689860043125, 37.56532837171227], [127.04699884657104, 37.565335271358784], [127.04736887985682, 37.56535133754722], [127.04823122646904, 37.565383930823515], [127.04859638196541, 37.564942543260734], [127.04978640228289, 37.563116220830416], [127.05000399984978, 37.562706935333566], [127.05038655258544, 37.561816057272644], [127.05042972951185, 37.56169679191323], [127.05075063234126, 37.56080392820349], [127.05165753792812, 37.558271822846216], [127.0516744025048, 37.55688946278212], [127.05115772838795, 37.55500478046029], [127.05060542817326, 37.554004433231675], [127.05047748757998, 37.55386423676677], [127.04978223805982, 37.55310670608544], [127.049335021649, 37.55263967734592]]]]}}, {"type": "Feature", "properties": {"adm_cd": "11040520", "공식adm_nm": "서울특별시 성동구 왕십리2동", "행정동": "왕십리제2동", "주센터번호": 9007, "주센터명": "행당", "운영센터": "9007", "분할비중": "9007(100.0%)", "센터수": 1, "단독": 3657, "공동": 4278, "영업": 287, "합계": 8222, "is_downtown": false, "난이도점수": 12453}, "geometry": {"type": "MultiPolygon", "coordinates": [[[[127.03351058909426, 37.562517856120664], [127.03106512462858, 37.560333620339904], [127.03058050927122, 37.560309204050505], [127.03036692165554, 37.56040299634883], [127.03024780478002, 37.560439703139274], [127.02819595211548, 37.56027040521961], [127.02808576665176, 37.56023729093031], [127.02707040142865, 37.55977128643338], [127.02677837997646, 37.55961005467636], [127.0267478281066, 37.559591003875354], [127.02671290139035, 37.55956817690134], [127.02431040322989, 37.557897753360976], [127.02285714633344, 37.557868260398386], [127.0233348751008, 37.5607443683017], [127.0234949744223, 37.560717974090274], [127.0235298861134, 37.56073011014465], [127.02626520682036, 37.56299376211292], [127.02639548425658, 37.563207228501604], [127.02648158342787, 37.56335578267504], [127.02649911495773, 37.56338741823072], [127.02659124942552, 37.563584326857736], [127.02670755412781, 37.563882238318705], [127.02675680399146, 37.56428904775203], [127.02670549541054, 37.56498976245136], [127.02741819394168, 37.56487093628703], [127.03351058909426, 37.562517856120664]]]]}}, {"type": "Feature", "properties": {"adm_cd": "11040700", "공식adm_nm": "서울특별시 성동구 용답동", "행정동": "용답동", "주센터번호": 9007, "주센터명": "행당", "운영센터": "9007+9020", "분할비중": "9007(99.9%)+9020(0.1%)", "센터수": 2, "단독": 5435, "공동": 3850, "영업": 477, "합계": 9762, "is_downtown": false, "난이도점수": 16151}, "geometry": {"type": "MultiPolygon", "coordinates": [[[[127.05683738421988, 37.563766008740934], [127.05777460007234, 37.56301909685817], [127.05814340859769, 37.562761338675664], [127.05820309972704, 37.56271987461578], [127.05870709641759, 37.56245811550777], [127.05905330527045, 37.56231181295948], [127.05938850972849, 37.56223137955729], [127.0633071391025, 37.56148372542138], [127.06550418451525, 37.56114736134133], [127.06554571346348, 37.56134570763973], [127.06891635293162, 37.56086882865116], [127.06969085652025, 37.560753419335406], [127.07070732516381, 37.56058360964269], [127.07210166150507, 37.560045607394635], [127.07369805120223, 37.55943959028697], [127.07180491954176, 37.55945407634461], [127.06951144178437, 37.55749888718865], [127.06935713369636, 37.557351214922235], [127.06926090544273, 37.55725911535126], [127.06876211235691, 37.556779731620445], [127.06871645483817, 37.556735813255834], [127.06837631653559, 37.556408614605516], [127.0664205559591, 37.55407145598665], [127.06554557389494, 37.5529178894797], [127.06539779314474, 37.55265708027173], [127.06495023963588, 37.551867874927204], [127.06408258266873, 37.55080220609555], [127.06390585270307, 37.55065395799113], [127.06354321262809, 37.550351791795904], [127.0634335079133, 37.55029621446428], [127.06337754378308, 37.55026786281072], [127.06321304677677, 37.550184947442176], [127.06295201125232, 37.550054412152356], [127.06241618913819, 37.549847370013225], [127.06219220643999, 37.549818394109806], [127.06135917283967, 37.54971275197306], [127.06098727033348, 37.5496663022009], [127.06047507017395, 37.549654256498435], [127.05985355245781, 37.54967258230506], [127.05979563217763, 37.54968552522511], [127.05966384394245, 37.54971658115314], [127.05875284916027, 37.54999522239914], [127.05860484375452, 37.550040493953446], [127.05671574087881, 37.550624929170006], [127.05477442602276, 37.55117758984911], [127.05425776368331, 37.551312546852145], [127.05392401741202, 37.55139971807555], [127.0525163498266, 37.5516884576043], [127.049335021649, 37.55263967734592], [127.04978223805982, 37.55310670608544], [127.05047748757998, 37.55386423676677], [127.05060542817326, 37.554004433231675], [127.05115772838795, 37.55500478046029], [127.0516744025048, 37.55688946278212], [127.05165753792812, 37.558271822846216], [127.05075063234126, 37.56080392820349], [127.05042972951185, 37.56169679191323], [127.05038655258544, 37.561816057272644], [127.05000399984978, 37.562706935333566], [127.04978640228289, 37.563116220830416], [127.04859638196541, 37.564942543260734], [127.04823122646904, 37.565383930823515], [127.04776482882622, 37.56658319581611], [127.04672979009464, 37.5683931913745], [127.04662328632166, 37.56856741965762], [127.04600927239831, 37.56956668294923], [127.04598204377942, 37.569610568558744], [127.04587539501063, 37.56968705782185], [127.04528832815625, 37.57010809842658], [127.04384016123937, 37.57093963901142], [127.04289470813058, 37.57207956673217], [127.0421804638618, 37.573020962025055], [127.04865725875221, 37.569866394619694], [127.05683738421988, 37.563766008740934]]]]}}, {"type": "Feature", "properties": {"adm_cd": "11040560", "공식adm_nm": "서울특별시 성동구 행당1동", "행정동": "행당제1동", "주센터번호": 9007, "주센터명": "행당", "운영센터": "9007", "분할비중": "9007(100.0%)", "센터수": 1, "단독": 6679, "공동": 5391, "영업": 876, "합계": 12946, "is_downtown": false, "난이도점수": 21377}, "geometry": {"type": "MultiPolygon", "coordinates": [[[[127.03882607913759, 37.56284857889958], [127.03916664990663, 37.56086017940381], [127.03951731290589, 37.55608551838618], [127.03954066226372, 37.555740842859045], [127.03953916156449, 37.5556432297505], [127.0395344311283, 37.555373518182286], [127.03953179320608, 37.55522815158124], [127.03950158811176, 37.55507707106097], [127.03946106186923, 37.554877489150805], [127.03935170408975, 37.5544804682189], [127.03920422698748, 37.554184700368054], [127.03914331390452, 37.55407855390622], [127.03901524974482, 37.553856024224025], [127.03423007503112, 37.55459670372491], [127.03428009626121, 37.554858318843756], [127.03408473357604, 37.55736890936597], [127.03397998653448, 37.55850820355965], [127.03344852494284, 37.558398443787986], [127.03280750633587, 37.55826972000778], [127.03076852768724, 37.557861660991385], [127.03070708711473, 37.55813153244614], [127.03065064317269, 37.55837946863793], [127.03062954125545, 37.55847289889897], [127.03106512462858, 37.560333620339904], [127.03351058909426, 37.562517856120664], [127.03446466297113, 37.56190094378164], [127.03449610787877, 37.56188066121586], [127.03545306181225, 37.561280526249796], [127.03559240690247, 37.561519932995665], [127.03579755519992, 37.56198831485675], [127.03585470921999, 37.56212937542273], [127.03598502286412, 37.56245437346963], [127.03614726378017, 37.56345212875694], [127.03616691611643, 37.56359181235436], [127.03620824394041, 37.563889522724125], [127.03629428317, 37.56450953826185], [127.03632132636976, 37.56471357471788], [127.03649580994687, 37.56603810543127], [127.03882333633005, 37.56289934120178], [127.03882607913759, 37.56284857889958]]]]}}, {"type": "Feature", "properties": {"adm_cd": "11070640", "공식adm_nm": "서울특별시 중랑구 묵1동", "행정동": "묵제1동", "주센터번호": 9009, "주센터명": "중화", "운영센터": "9009", "분할비중": "9009(100.0%)", "센터수": 1, "단독": 4764, "공동": 9736, "영업": 555, "합계": 15055, "is_downtown": false, "난이도점수": 20929}, "geometry": {"type": "MultiPolygon", "coordinates": [[[[127.08954300367121, 37.6196436667868], [127.09049397699205, 37.6174905807709], [127.09033516721391, 37.61726025744631], [127.09017352568111, 37.61702641513916], [127.08876189592327, 37.61500869899259], [127.08867073507162, 37.61497063031988], [127.08587627755827, 37.61488634179212], [127.0847622036056, 37.611678304899726], [127.08476997192219, 37.611526235927336], [127.08515830749542, 37.61035922963106], [127.08531191593521, 37.609985713662915], [127.0854027345706, 37.609826042439146], [127.08597901582213, 37.6093627207209], [127.08594631460176, 37.60923531820875], [127.08580797750705, 37.60889795457648], [127.08566978589087, 37.60865631580942], [127.08565017462246, 37.608622491623265], [127.08542593437642, 37.60832651303439], [127.08515438547455, 37.60800558255887], [127.08345141672275, 37.60672868786345], [127.08325027754874, 37.6066096763211], [127.0804846482539, 37.605566711795156], [127.07942024638994, 37.605447991132756], [127.07912597539055, 37.60541540582809], [127.07873539196031, 37.60537230707251], [127.0774645507786, 37.612094059400015], [127.0771322950569, 37.61311927375202], [127.07635587793037, 37.61551273685825], [127.0758492361736, 37.6170783073743], [127.08163723273077, 37.619250941769764], [127.0824457661857, 37.619295492650664], [127.0841503734334, 37.61963268875622], [127.0857277524712, 37.62016784234584], [127.08797308248711, 37.61988710210396], [127.08954300367121, 37.6196436667868]]]]}}, {"type": "Feature", "properties": {"adm_cd": "11070650", "공식adm_nm": "서울특별시 중랑구 묵2동", "행정동": "묵제2동", "주센터번호": 9009, "주센터명": "중화", "운영센터": "9009", "분할비중": "9009(100.0%)", "센터수": 1, "단독": 5454, "공동": 4127, "영업": 439, "합계": 10020, "is_downtown": false, "난이도점수": 16352}, "geometry": {"type": "MultiPolygon", "coordinates": [[[[127.07873539196031, 37.60537230707251], [127.07231651389976, 37.60465633791906], [127.07171776032028, 37.606811751554396], [127.07145874004746, 37.614280278888266], [127.07140313714835, 37.615627975297905], [127.0758492361736, 37.6170783073743], [127.07635587793037, 37.61551273685825], [127.0771322950569, 37.61311927375202], [127.0774645507786, 37.612094059400015], [127.07873539196031, 37.60537230707251]]]]}}, {"type": "Feature", "properties": {"adm_cd": "11060900", "공식adm_nm": "서울특별시 동대문구 이문2동", "행정동": "이문제2동", "주센터번호": 9009, "주센터명": "중화", "운영센터": "9009", "분할비중": "9009(100.0%)", "센터수": 1, "단독": 3125, "공동": 5525, "영업": 205, "합계": 8855, "is_downtown": false, "난이도점수": 12390}, "geometry": {"type": "MultiPolygon", "coordinates": [[[[127.07171776032028, 37.606811751554396], [127.07231651389976, 37.60465633791906], [127.07243885643499, 37.60406384272964], [127.07270094198971, 37.60279298149884], [127.072720652335, 37.602442740813075], [127.07270959588492, 37.602270319541624], [127.07265349756973, 37.60167973571335], [127.0726287347916, 37.60160414040481], [127.07261174269652, 37.60155226777895], [127.07246428309774, 37.60111157192676], [127.07198508126503, 37.600324168846505], [127.07180306090636, 37.60007384508849], [127.07161626368575, 37.59981695092646], [127.06982967465093, 37.59774863498778], [127.06844998259616, 37.59784949642629], [127.06198383122147, 37.6002570337205], [127.06199997983887, 37.60064587237893], [127.06203854939223, 37.601538292393066], [127.06077336210909, 37.60356950262505], [127.06166850931804, 37.60462965644957], [127.06213995189704, 37.60513615905444], [127.06233459550035, 37.60528110417022], [127.064972936501, 37.60587447100198], [127.06624639751718, 37.605820570982544], [127.06810115048125, 37.606507896929855], [127.068734389877, 37.60687113867245], [127.06858826573873, 37.60932246543619], [127.06887323828144, 37.60932980814445], [127.06935521078582, 37.609331567920925], [127.07171776032028, 37.606811751554396]]]]}}, {"type": "Feature", "properties": {"adm_cd": "11070620", "공식adm_nm": "서울특별시 중랑구 중화2동", "행정동": "중화제2동", "주센터번호": 9009, "주센터명": "중화", "운영센터": "9009+9019", "분할비중": "9009(65.5%)+9019(34.5%)", "센터수": 2, "단독": 10321, "공동": 5285, "영업": 575, "합계": 16181, "is_downtown": false, "난이도점수": 27652}, "geometry": {"type": "MultiPolygon", "coordinates": [[[[127.08032611599887, 37.59587220591037], [127.08028140672144, 37.594999997548236], [127.07035500238065, 37.59247539290009], [127.0696260938658, 37.59488273131149], [127.06982967465093, 37.59774863498778], [127.07161626368575, 37.59981695092646], [127.07180306090636, 37.60007384508849], [127.07198508126503, 37.600324168846505], [127.07246428309774, 37.60111157192676], [127.07261174269652, 37.60155226777895], [127.0726287347916, 37.60160414040481], [127.07265349756973, 37.60167973571335], [127.07270959588492, 37.602270319541624], [127.072720652335, 37.602442740813075], [127.07270094198971, 37.60279298149884], [127.07243885643499, 37.60406384272964], [127.07231651389976, 37.60465633791906], [127.07873539196031, 37.60537230707251], [127.07905790956897, 37.603887258154295], [127.07937955803355, 37.60225484490171], [127.07944203697839, 37.6019265787619], [127.08015425880885, 37.598082122213505], [127.08022814204405, 37.59767876162071], [127.08028469987893, 37.59736684484185], [127.08033277105034, 37.59707132035867], [127.08032611599887, 37.59587220591037]]]]}}, {"type": "Feature", "properties": {"adm_cd": "11060930", "공식adm_nm": "서울특별시 동대문구 신설동", "행정동": "신설동", "주센터번호": 9010, "주센터명": "제기", "운영센터": "9010", "분할비중": "9010(100.0%)", "센터수": 1, "단독": 0, "공동": 0, "영업": 2, "합계": 2, "is_downtown": false, "난이도점수": 6}, "geometry": {"type": "MultiPolygon", "coordinates": [[[[127.0298206331878, 37.58122645709881], [127.03035496984441, 37.57809265777329], [127.03072121528082, 37.57387551490867], [127.0345597400311, 37.57399888088682], [127.03483641999087, 37.57321574419404], [127.03572362888828, 37.57259726336508], [127.0364781687079, 37.57249708189399], [127.03637309393174, 37.57245974195402], [127.03545151102765, 37.57212938037326], [127.0351015240643, 37.57195787228406], [127.03476165743074, 37.571752603392426], [127.03231081198125, 37.57014415410846], [127.0303570854259, 37.56981928565613], [127.02336812399952, 37.57173985489921], [127.02316787780416, 37.57804158355124], [127.02447232461752, 37.57919734416113], [127.02949904342341, 37.58272479417522], [127.0298206331878, 37.58122645709881]]]]}}, {"type": "Feature", "properties": {"adm_cd": "11040710", "공식adm_nm": "서울특별시 성동구 왕십리도선동", "행정동": "왕십리도선동", "주센터번호": 9010, "주센터명": "제기", "운영센터": "9010+9007", "분할비중": "9010(57.1%)+9007(42.9%)", "센터수": 2, "단독": 3090, "공동": 9598, "영업": 773, "합계": 13461, "is_downtown": false, "난이도점수": 18097}, "geometry": {"type": "MultiPolygon", "coordinates": [[[[127.03231081198125, 37.57014415410846], [127.03303599433717, 37.567919566787516], [127.03471875891604, 37.56624632220725], [127.03480091462805, 37.56623650578949], [127.03649580994687, 37.56603810543127], [127.03632132636976, 37.56471357471788], [127.03629428317, 37.56450953826185], [127.03620824394041, 37.563889522724125], [127.03616691611643, 37.56359181235436], [127.03614726378017, 37.56345212875694], [127.03598502286412, 37.56245437346963], [127.03585470921999, 37.56212937542273], [127.03579755519992, 37.56198831485675], [127.03559240690247, 37.561519932995665], [127.03545306181225, 37.561280526249796], [127.03449610787877, 37.56188066121586], [127.03446466297113, 37.56190094378164], [127.03351058909426, 37.562517856120664], [127.02741819394168, 37.56487093628703], [127.02670549541054, 37.56498976245136], [127.02361524786308, 37.56516886904608], [127.02359774948243, 37.56580425008266], [127.02336812399952, 37.57173985489921], [127.0303570854259, 37.56981928565613], [127.03231081198125, 37.57014415410846]]]]}}, {"type": "Feature", "properties": {"adm_cd": "11060920", "공식adm_nm": "서울특별시 동대문구 용두동", "행정동": "용신동", "주센터번호": 9010, "주센터명": "제기", "운영센터": "9010", "분할비중": "9010(100.0%)", "센터수": 1, "단독": 9061, "공동": 14969, "영업": 1482, "합계": 25512, "is_downtown": false, "난이도점수": 37537}, "geometry": {"type": "MultiPolygon", "coordinates": [[[[127.0364781687079, 37.57249708189399], [127.03572362888828, 37.57259726336508], [127.03483641999087, 37.57321574419404], [127.0345597400311, 37.57399888088682], [127.03072121528082, 37.57387551490867], [127.03035496984441, 37.57809265777329], [127.0298206331878, 37.58122645709881], [127.03056554647685, 37.58129928611333], [127.03163119562345, 37.58134971863696], [127.03276406716846, 37.578932960373336], [127.03281728511683, 37.57868641017712], [127.03283055776319, 37.57860964902248], [127.03280755619089, 37.578543300881414], [127.03281797351129, 37.57812308820246], [127.0335172802515, 37.57806145880743], [127.03450221773016, 37.578061584673684], [127.0351975080483, 37.57806167265458], [127.03560165543084, 37.5780658672792], [127.03587155020799, 37.57806867015619], [127.03619196683029, 37.578071999020715], [127.0387297589234, 37.5782319640046], [127.0388746570091, 37.578266330632715], [127.03994755908106, 37.578522894082916], [127.04250563186646, 37.57934632328571], [127.04326512960012, 37.57833261115496], [127.04491587371984, 37.57735460914232], [127.0421804638618, 37.573020962025055], [127.03865047613053, 37.57295539101556], [127.0379847878536, 37.57290321345877], [127.03792748045765, 37.572898482421905], [127.03653341070799, 37.5725167057078], [127.0364781687079, 37.57249708189399]]]]}}, {"type": "Feature", "properties": {"adm_cd": "11060830", "공식adm_nm": "서울특별시 동대문구 전농1동", "행정동": "전농제1동", "주센터번호": 9010, "주센터명": "제기", "운영센터": "9010", "분할비중": "9010(100.0%)", "센터수": 1, "단독": 9420, "공동": 7839, "영업": 849, "합계": 18108, "is_downtown": false, "난이도점수": 29226}, "geometry": {"type": "MultiPolygon", "coordinates": [[[[127.05491583313292, 37.58426102182732], [127.05373871476196, 37.58365267422649], [127.05357851982231, 37.58345151881877], [127.05522821777629, 37.581138977899826], [127.05607380803605, 37.579986273136015], [127.05693548085674, 37.57881164663003], [127.05716707749002, 37.57849523317572], [127.05720491752086, 37.57844129426019], [127.05725274894341, 37.57837161922157], [127.05752276687927, 37.57797809822451], [127.05765258973452, 37.57778724125545], [127.05769950476893, 37.577644509251414], [127.05772322762951, 37.57757230913631], [127.05774846624216, 37.577494663342215], [127.05775711600862, 37.57746753272832], [127.05772050540968, 37.576717145101824], [127.0576838450051, 37.5759745231994], [127.05763237977045, 37.575355674734475], [127.05422777395616, 37.573575204619104], [127.052231615643, 37.573367912139055], [127.05133021661926, 37.573884045735504], [127.05068915492119, 37.57425227975125], [127.04834978908453, 37.57413648344375], [127.0472246338965, 37.57281395166385], [127.04552287227408, 37.57402310568241], [127.04491587371984, 37.57735460914232], [127.04326512960012, 37.57833261115496], [127.04250563186646, 37.57934632328571], [127.04347079952353, 37.579767948811714], [127.04426205516715, 37.580035969896855], [127.04619861684326, 37.580949245635686], [127.04637254511395, 37.58108505130354], [127.0489610056666, 37.58310610130892], [127.04913080290419, 37.583239697733454], [127.04981558386909, 37.58378312027542], [127.05005793475688, 37.583975579577086], [127.05070349641338, 37.584686723229126], [127.05282580858169, 37.58727826658782], [127.05327571095141, 37.58780838437516], [127.05494915080054, 37.587820281658786], [127.05494917263098, 37.58769753010432], [127.05491583313292, 37.58426102182732]]]]}}, {"type": "Feature", "properties": {"adm_cd": "11060820", "공식adm_nm": "서울특별시 동대문구 제기동", "행정동": "제기동", "주센터번호": 9010, "주센터명": "제기", "운영센터": "9010", "분할비중": "9010(100.0%)", "센터수": 1, "단독": 9220, "공동": 5525, "영업": 1321, "합계": 16066, "is_downtown": false, "난이도점수": 27928}, "geometry": {"type": "MultiPolygon", "coordinates": [[[[127.04347079952353, 37.579767948811714], [127.04250563186646, 37.57934632328571], [127.03994755908106, 37.578522894082916], [127.0388746570091, 37.578266330632715], [127.0387297589234, 37.5782319640046], [127.03619196683029, 37.578071999020715], [127.03587155020799, 37.57806867015619], [127.03560165543084, 37.5780658672792], [127.0351975080483, 37.57806167265458], [127.03450221773016, 37.578061584673684], [127.0335172802515, 37.57806145880743], [127.03281797351129, 37.57812308820246], [127.03280755619089, 37.578543300881414], [127.03283055776319, 37.57860964902248], [127.03281728511683, 37.57868641017712], [127.03276406716846, 37.578932960373336], [127.03163119562345, 37.58134971863696], [127.03056554647685, 37.58129928611333], [127.0298206331878, 37.58122645709881], [127.02949904342341, 37.58272479417522], [127.03167802457999, 37.585071331047466], [127.03638867582328, 37.58992339469187], [127.03648830947847, 37.59124586018718], [127.0390627541217, 37.591270147215305], [127.03997921537928, 37.591253487433136], [127.04058426360385, 37.590557220317336], [127.04067046074204, 37.590008861795845], [127.04059249787753, 37.58990828369626], [127.040326302741, 37.58956473514086], [127.03980430914866, 37.588799937472444], [127.03965091192585, 37.588558159954495], [127.04041638330416, 37.58665824605946], [127.04059543769155, 37.586665703180515], [127.04137180549597, 37.5866991427249], [127.04154226643446, 37.586707006679525], [127.04185608728, 37.58671851852657], [127.04213849854804, 37.58672838893818], [127.04240018279111, 37.586730791791844], [127.04371007723928, 37.58263073945346], [127.04410647588479, 37.581360249093166], [127.04334846539685, 37.58133816189984], [127.04347079952353, 37.579767948811714]]]]}}, {"type": "Feature", "properties": {"adm_cd": "11080580", "공식adm_nm": "서울특별시 성북구 돈암1동", "행정동": "돈암제1동", "주센터번호": 9011, "주센터명": "삼선", "운영센터": "9011+9021", "분할비중": "9011(98.8%)+9021(1.2%)", "센터수": 2, "단독": 1308, "공동": 5102, "영업": 165, "합계": 6575, "is_downtown": false, "난이도점수": 8213}, "geometry": {"type": "MultiPolygon", "coordinates": [[[[127.02499323891088, 37.59412913921373], [127.0247919443478, 37.5941575342839], [127.02448729667191, 37.594303902427306], [127.02256905109591, 37.59563882321949], [127.02253071700534, 37.595700973547814], [127.02207817191095, 37.596600436220314], [127.02197100358329, 37.59698199710696], [127.0214774279756, 37.59710456087421], [127.01972251507519, 37.59728835527324], [127.01878314483186, 37.598476537689045], [127.02163932983338, 37.60156623588291], [127.02596662810726, 37.603178913676025], [127.03021972537462, 37.60399827577248], [127.02920419889894, 37.603023594375514], [127.02711980617842, 37.600753453886846], [127.02678215242067, 37.6002024973822], [127.02630346722442, 37.59896101347057], [127.0260617944453, 37.597659855005624], [127.0259126002736, 37.59673537838022], [127.02598810113935, 37.5963300768595], [127.02570192157886, 37.59490255018291], [127.02533556218596, 37.59450271028931], [127.02499323891088, 37.59412913921373]]]]}}, {"type": "Feature", "properties": {"adm_cd": "11080610", "공식adm_nm": "서울특별시 성북구 보문동", "행정동": "보문동", "주센터번호": 9011, "주센터명": "삼선", "운영센터": "9011", "분할비중": "9011(100.0%)", "센터수": 1, "단독": 3928, "공동": 4681, "영업": 429, "합계": 9038, "is_downtown": false, "난이도점수": 13824}, "geometry": {"type": "MultiPolygon", "coordinates": [[[[127.02447232461752, 37.57919734416113], [127.02316787780416, 37.57804158355124], [127.02250874393788, 37.57809642692493], [127.01875166365707, 37.577526900275195], [127.01800551039028, 37.57805818233138], [127.01760452394794, 37.57968880236295], [127.01678633208726, 37.58153662148743], [127.01639007100646, 37.5818425829683], [127.01606730281172, 37.58184013347665], [127.01495049647713, 37.58213073135636], [127.01468588483036, 37.58222654740629], [127.01466413294995, 37.58448658194645], [127.01468570942535, 37.584544131427855], [127.01652109810584, 37.586866993090666], [127.01729245675125, 37.58748961750423], [127.01877552647373, 37.588674435971235], [127.01887691692335, 37.58859774645194], [127.0192079908952, 37.58834716057047], [127.01968769084851, 37.587983893085976], [127.0197268596988, 37.58795374474084], [127.01975006961956, 37.58793587537134], [127.01982771396774, 37.58786183029314], [127.02014042135514, 37.587560024708395], [127.02071899667503, 37.58631288562431], [127.0209250893648, 37.58585741709029], [127.02102617324006, 37.58555045951536], [127.02116260214254, 37.58513617779985], [127.02125217147332, 37.584879540467], [127.02127726637133, 37.58480765177691], [127.02162266762743, 37.58381869767418], [127.02190102442478, 37.583023220540255], [127.02191820046473, 37.58298953019839], [127.02231462452815, 37.58222653237923], [127.02447232461752, 37.57919734416113]]]]}}, {"type": "Feature", "properties": {"adm_cd": "11080820", "공식adm_nm": "서울특별시 성북구 삼선동", "행정동": "삼선동", "주센터번호": 9011, "주센터명": "삼선", "운영센터": "9011+9014", "분할비중": "9011(59.1%)+9014(40.9%)", "센터수": 2, "단독": 6214, "공동": 5700, "영업": 797, "합계": 12711, "is_downtown": false, "난이도점수": 20519}, "geometry": {"type": "MultiPolygon", "coordinates": [[[[127.0189641329387, 37.588828332448735], [127.01877552647373, 37.588674435971235], [127.01729245675125, 37.58748961750423], [127.01652109810584, 37.586866993090666], [127.01468570942535, 37.584544131427855], [127.01466413294995, 37.58448658194645], [127.01468588483036, 37.58222654740629], [127.01382779210087, 37.58170812346522], [127.01312238642005, 37.58143931902778], [127.01280121923705, 37.58131747945708], [127.0121550244591, 37.58150517845034], [127.0104800653117, 37.5803354811576], [127.00996543308494, 37.58020835714158], [127.00884131783923, 37.5804526387349], [127.00733253963132, 37.58320333921622], [127.00735493680916, 37.583363335858955], [127.007149932, 37.58405894053221], [127.00652749379813, 37.586128221213336], [127.00593335431671, 37.58690990576038], [127.00573566914285, 37.586936118476615], [127.00560861320957, 37.58695248658489], [127.0055408341663, 37.586961216120095], [127.00512468535767, 37.5869459519399], [127.00470321005211, 37.58698587130248], [127.00460921714489, 37.586995224897464], [127.00429974728675, 37.587086705567486], [127.00416388991867, 37.58729006506222], [127.00418355846003, 37.58771354437431], [127.00418619613941, 37.5877701085134], [127.00419481761703, 37.587950483032536], [127.00504469519163, 37.5879286409916], [127.00620704096526, 37.58837540521808], [127.0069579281718, 37.58869992213672], [127.01326149841545, 37.591805311647704], [127.01338203281786, 37.59187057203551], [127.01379632991078, 37.59209486633395], [127.01403309920686, 37.592177575316356], [127.01408028361094, 37.59219405686954], [127.0144122754883, 37.59230921788967], [127.01499591484675, 37.592375839277395], [127.01542396489253, 37.592415904558294], [127.01651185255926, 37.59242322046817], [127.01658353857918, 37.59209842896341], [127.01664388477568, 37.591823118927486], [127.01670171449533, 37.591559232095946], [127.01676805505627, 37.591257678633326], [127.01681788593869, 37.59103336404458], [127.0168613565029, 37.5908466968867], [127.016960343256, 37.59042797682391], [127.01699343037727, 37.590353715246344], [127.01707885980073, 37.5902857428878], [127.01769217351526, 37.58979777493047], [127.01772070165158, 37.58977529839365], [127.01779463684363, 37.5897170725523], [127.01798245664055, 37.589573624559364], [127.01860352659924, 37.58910182653417], [127.0189641329387, 37.588828332448735]]]]}}, {"type": "Feature", "properties": {"adm_cd": "11080600", "공식adm_nm": "서울특별시 성북구 안암동", "행정동": "안암동", "주센터번호": 9011, "주센터명": "삼선", "운영센터": "9011", "분할비중": "9011(100.0%)", "센터수": 1, "단독": 6780, "공동": 5351, "영업": 914, "합계": 13045, "is_downtown": false, "난이도점수": 21653}, "geometry": {"type": "MultiPolygon", "coordinates": [[[[127.03648830947847, 37.59124586018718], [127.03638867582328, 37.58992339469187], [127.03167802457999, 37.585071331047466], [127.02949904342341, 37.58272479417522], [127.02447232461752, 37.57919734416113], [127.02231462452815, 37.58222653237923], [127.02191820046473, 37.58298953019839], [127.02190102442478, 37.583023220540255], [127.02162266762743, 37.58381869767418], [127.02127726637133, 37.58480765177691], [127.02125217147332, 37.584879540467], [127.02116260214254, 37.58513617779985], [127.02102617324006, 37.58555045951536], [127.0209250893648, 37.58585741709029], [127.02071899667503, 37.58631288562431], [127.02014042135514, 37.587560024708395], [127.01982771396774, 37.58786183029314], [127.01975006961956, 37.58793587537134], [127.0197268596988, 37.58795374474084], [127.01968769084851, 37.587983893085976], [127.0192079908952, 37.58834716057047], [127.01887691692335, 37.58859774645194], [127.01877552647373, 37.588674435971235], [127.0189641329387, 37.588828332448735], [127.0196613301812, 37.589406961660174], [127.02017856845785, 37.58933695605252], [127.02132571618698, 37.58918049839718], [127.02162614447617, 37.589138902493296], [127.02190105884209, 37.58910170920575], [127.02211361923382, 37.58907327628792], [127.02372981599027, 37.59096249373137], [127.0237074925849, 37.59124294718458], [127.02378817012075, 37.59224827193234], [127.02384042695978, 37.59239523065813], [127.0238820568131, 37.592512293961256], [127.02446432747603, 37.59357372102119], [127.02499323891088, 37.59412913921373], [127.03026104123926, 37.591249877005474], [127.03181571872756, 37.59111652675382], [127.03203005094653, 37.59114554376118], [127.0332258070018, 37.591480395323856], [127.03331902004557, 37.5915182778909], [127.03353934213258, 37.59160782312912], [127.03395305403255, 37.59179197975218], [127.03425996574553, 37.59193932174655], [127.03435673048348, 37.59199637559476], [127.03474632492656, 37.59221056624733], [127.03513743071791, 37.5924225217227], [127.03533407750797, 37.592485691652904], [127.0355405147248, 37.59255198688857], [127.03592685815433, 37.59224366924932], [127.03636392570012, 37.59160883545215], [127.03649751565224, 37.591343483168906], [127.03648830947847, 37.59124586018718]]]]}}, {"type": "Feature", "properties": {"adm_cd": "11080840", "공식adm_nm": "서울특별시 성북구 종암동", "행정동": "종암동", "주센터번호": 9011, "주센터명": "삼선", "운영센터": "9011", "분할비중": "9011(100.0%)", "센터수": 1, "단독": 7453, "공동": 11771, "영업": 713, "합계": 19937, "is_downtown": false, "난이도점수": 28816}, "geometry": {"type": "MultiPolygon", "coordinates": [[[[127.03217535563617, 37.6034550711697], [127.03852259761577, 37.60249427617353], [127.03999179911851, 37.601127619816126], [127.0402114012632, 37.600876163305266], [127.0403217310548, 37.60073437906048], [127.04036698421403, 37.60067622033832], [127.04047214319333, 37.600501994471976], [127.0405166084944, 37.60041422167457], [127.0405818017247, 37.60028497218824], [127.04066760619227, 37.60003405656138], [127.0406870771223, 37.59997554498615], [127.04071454269703, 37.59988439080196], [127.04079227250335, 37.59956471616528], [127.04079729611769, 37.599438547555074], [127.04080454579368, 37.59924140676238], [127.04080442135361, 37.5991676492972], [127.04075380270517, 37.59580029601416], [127.0390627541217, 37.591270147215305], [127.03648830947847, 37.59124586018718], [127.03649751565224, 37.591343483168906], [127.03636392570012, 37.59160883545215], [127.03592685815433, 37.59224366924932], [127.0355405147248, 37.59255198688857], [127.03533407750797, 37.592485691652904], [127.03513743071791, 37.5924225217227], [127.03474632492656, 37.59221056624733], [127.03435673048348, 37.59199637559476], [127.03425996574553, 37.59193932174655], [127.03395305403255, 37.59179197975218], [127.03353934213258, 37.59160782312912], [127.03331902004557, 37.5915182778909], [127.0332258070018, 37.591480395323856], [127.03203005094653, 37.59114554376118], [127.03181571872756, 37.59111652675382], [127.03026104123926, 37.591249877005474], [127.02499323891088, 37.59412913921373], [127.02533556218596, 37.59450271028931], [127.02570192157886, 37.59490255018291], [127.02598810113935, 37.5963300768595], [127.0259126002736, 37.59673537838022], [127.0260617944453, 37.597659855005624], [127.02630346722442, 37.59896101347057], [127.02678215242067, 37.6002024973822], [127.02711980617842, 37.600753453886846], [127.02920419889894, 37.603023594375514], [127.03021972537462, 37.60399827577248], [127.03217535563617, 37.6034550711697]]]]}}, {"type": "Feature", "properties": {"adm_cd": "11050610", "공식adm_nm": "서울특별시 광진구 구의2동", "행정동": "구의제2동", "주센터번호": 9012, "주센터명": "중곡", "운영센터": "9012", "분할비중": "9012(100.0%)", "센터수": 1, "단독": 5742, "공동": 6135, "영업": 628, "합계": 12505, "is_downtown": false, "난이도점수": 19503}, "geometry": {"type": "MultiPolygon", "coordinates": [[[[127.10424638970304, 37.55987605946642], [127.1033949187177, 37.55723562067737], [127.10202965333634, 37.55549522028099], [127.10007540812971, 37.55300384016446], [127.09957214671445, 37.55263487827198], [127.09869186096478, 37.551988512936624], [127.09824111187685, 37.55029188463994], [127.0982513445528, 37.550214760916255], [127.09864763790597, 37.54901839481434], [127.09801519152356, 37.546231060709815], [127.09778065204789, 37.54550692553788], [127.09758411494596, 37.545602727822356], [127.09745929842828, 37.5456635674121], [127.09696487397095, 37.54590299303626], [127.09674654549332, 37.545847039709734], [127.09395346071652, 37.54424319842032], [127.09317878749944, 37.543694176288696], [127.0924749217409, 37.54411816990354], [127.09065414858394, 37.54468584880315], [127.08531066938667, 37.54509311893944], [127.08506451575214, 37.54510801889438], [127.08568708242899, 37.54614000048254], [127.08537939132334, 37.54855229392436], [127.08542301796805, 37.54872257750518], [127.08547636631044, 37.548799378912584], [127.0859963653853, 37.54944792498676], [127.08954811497583, 37.55179027159712], [127.08962831182829, 37.5523990598666], [127.0902850237825, 37.552587837552444], [127.09090725834083, 37.55279779740975], [127.09281454285457, 37.55448878831494], [127.09613915779867, 37.55718623678302], [127.09767130008414, 37.55742694586986], [127.09945768156946, 37.55822564611956], [127.10033908035588, 37.55901449924623], [127.10089719890196, 37.55958423889474], [127.1011460799232, 37.56002336317411], [127.10424638970304, 37.55987605946642]]]]}}, {"type": "Feature", "properties": {"adm_cd": "11050550", "공식adm_nm": "서울특별시 광진구 중곡1동", "행정동": "중곡제1동", "주센터번호": 9012, "주센터명": "중곡", "운영센터": "9012", "분할비중": "9012(100.0%)", "센터수": 1, "단독": 5884, "공동": 3305, "영업": 539, "합계": 9728, "is_downtown": false, "난이도점수": 16690}, "geometry": {"type": "MultiPolygon", "coordinates": [[[[127.08335851385569, 37.564206160056784], [127.08014272218091, 37.55835235722529], [127.0798590783885, 37.557797316300515], [127.07826283632396, 37.55776340581784], [127.07793067303656, 37.557778284555845], [127.07369805120223, 37.55943959028697], [127.07210166150507, 37.560045607394635], [127.07584812569972, 37.56663673099034], [127.08335851385569, 37.564206160056784]]]]}}, {"type": "Feature", "properties": {"adm_cd": "11050560", "공식adm_nm": "서울특별시 광진구 중곡2동", "행정동": "중곡제2동", "주센터번호": 9012, "주센터명": "중곡", "운영센터": "9012", "분할비중": "9012(100.0%)", "센터수": 1, "단독": 7051, "공동": 3927, "영업": 546, "합계": 11524, "is_downtown": false, "난이도점수": 19667}, "geometry": {"type": "MultiPolygon", "coordinates": [[[[127.08691839463043, 37.56350659316984], [127.0886731878298, 37.55329248576747], [127.08864184956661, 37.55332284681183], [127.08829013618154, 37.553586393223256], [127.08741222485153, 37.55406217219517], [127.08521240693351, 37.554936663180634], [127.0831025057623, 37.55576762474321], [127.08138153220389, 37.55643516176124], [127.08009244703511, 37.55693476613206], [127.0796302140462, 37.55723033119942], [127.0798590783885, 37.557797316300515], [127.08014272218091, 37.55835235722529], [127.08335851385569, 37.564206160056784], [127.0853914550931, 37.56348886519991], [127.08691839463043, 37.56350659316984]]]]}}, {"type": "Feature", "properties": {"adm_cd": "11050570", "공식adm_nm": "서울특별시 광진구 중곡3동", "행정동": "중곡제3동", "주센터번호": 9012, "주센터명": "중곡", "운영센터": "9012", "분할비중": "9012(100.0%)", "센터수": 1, "단독": 6058, "공동": 2924, "영업": 430, "합계": 9412, "is_downtown": false, "난이도점수": 16330}, "geometry": {"type": "MultiPolygon", "coordinates": [[[[127.0861650572925, 37.5708206831413], [127.0861129331949, 37.57007688682546], [127.08607636126284, 37.5692677970523], [127.08606829488694, 37.568808080263274], [127.08606599913021, 37.56866226081477], [127.08606462579957, 37.5685748430691], [127.08615485417627, 37.56800167537831], [127.08674382493673, 37.56451663985529], [127.08688273959058, 37.56371041707236], [127.08691839463043, 37.56350659316984], [127.0853914550931, 37.56348886519991], [127.08335851385569, 37.564206160056784], [127.07584812569972, 37.56663673099034], [127.07685916932012, 37.56843855225528], [127.07777704177431, 37.57007891500324], [127.07820034848703, 37.57094459708917], [127.0785759598423, 37.57186080820366], [127.08098306327693, 37.57161023856758], [127.0861650572925, 37.5708206831413]]]]}}, {"type": "Feature", "properties": {"adm_cd": "11050580", "공식adm_nm": "서울특별시 광진구 중곡4동", "행정동": "중곡제4동", "주센터번호": 9012, "주센터명": "중곡", "운영센터": "9012", "분할비중": "9012(100.0%)", "센터수": 1, "단독": 8135, "공동": 5573, "영업": 569, "합계": 14277, "is_downtown": false, "난이도점수": 23550}, "geometry": {"type": "MultiPolygon", "coordinates": [[[[127.1011460799232, 37.56002336317411], [127.10089719890196, 37.55958423889474], [127.10033908035588, 37.55901449924623], [127.09945768156946, 37.55822564611956], [127.09767130008414, 37.55742694586986], [127.09613915779867, 37.55718623678302], [127.09281454285457, 37.55448878831494], [127.09090725834083, 37.55279779740975], [127.0902850237825, 37.552587837552444], [127.08962831182829, 37.5523990598666], [127.0886731878298, 37.55329248576747], [127.08691839463043, 37.56350659316984], [127.08688273959058, 37.56371041707236], [127.08674382493673, 37.56451663985529], [127.08615485417627, 37.56800167537831], [127.08606462579957, 37.5685748430691], [127.08606599913021, 37.56866226081477], [127.08606829488694, 37.568808080263274], [127.08607636126284, 37.5692677970523], [127.0861129331949, 37.57007688682546], [127.0861650572925, 37.5708206831413], [127.08671668845172, 37.5708383892032], [127.08683487598324, 37.57083880289541], [127.08688412842397, 37.570838105456446], [127.08695727090578, 37.570838104502855], [127.08700474069042, 37.57083827057899], [127.08703684578572, 37.5708380493905], [127.08712754327256, 37.57083757343601], [127.08718312632304, 37.570839465056466], [127.08723050415834, 37.57084131354029], [127.08754684753048, 37.57084467257017], [127.08759002556435, 37.57084482341645], [127.0878993722397, 37.57083351012507], [127.08800980508666, 37.570829388821814], [127.0880545551454, 37.57082785044667], [127.08816011354958, 37.57081847785512], [127.08829634906714, 37.57038941207423], [127.08832588436313, 37.57029643537406], [127.08839583170611, 37.570075863866435], [127.08871081675314, 37.5701265268917], [127.0887612248065, 37.570135936826965], [127.0889222015686, 37.57016782389041], [127.08898296361873, 37.57018148990463], [127.08908580817766, 37.57018131702685], [127.08918500450969, 37.570156336128846], [127.08931031394408, 37.57011960045174], [127.08958151649962, 37.56996618742135], [127.08976880982073, 37.56988459021333], [127.08985876885771, 37.569803799306335], [127.08990252497198, 37.5697644992237], [127.08999952423936, 37.569699744245], [127.09009906685294, 37.569675046801144], [127.0902320795785, 37.56964580006435], [127.09035132832379, 37.569619588034584], [127.09046108905252, 37.56960757528742], [127.09072099895022, 37.569578056076054], [127.09076575013714, 37.56957616514827], [127.0911704143874, 37.569559332896745], [127.09121163490214, 37.569562801619476], [127.0914584312257, 37.56958511708553], [127.09180346638207, 37.56964827842779], [127.09195033807121, 37.56970843751997], [127.09207533569823, 37.56975963353648], [127.09222672363396, 37.56982855098566], [127.09231216131312, 37.569871027445394], [127.09240195999793, 37.56995567864795], [127.09248612097704, 37.570096805138824], [127.09253341944277, 37.57024681784164], [127.09263162438668, 37.570410526445286], [127.09269200066414, 37.57039662864188], [127.09278114205692, 37.570376114976376], [127.09292318943471, 37.57035558538936], [127.09308571537588, 37.57033209768312], [127.09322973381957, 37.57031974075186], [127.0933130156736, 37.5703126005555], [127.09345305006684, 37.570331109878964], [127.09365445022462, 37.5703870109633], [127.09380414594358, 37.570405210611675], [127.09393100484732, 37.57042063648464], [127.09397831732922, 37.57042887531118], [127.09409401909042, 37.57044903077771], [127.09418838393368, 37.57046546231959], [127.09427970391151, 37.57050149219166], [127.09431903532358, 37.570516612300686], [127.09442833637553, 37.570553997283795], [127.0945719425608, 37.57060310937155], [127.09477211331254, 37.570728201870104], [127.09495721869793, 37.570816988240296], [127.09509840557583, 37.57088433471073], [127.09514670471764, 37.57090493396179], [127.0953088319397, 37.570974064556246], [127.0954432496255, 37.57103056670222], [127.09550773031205, 37.571051324912005], [127.09565025664568, 37.571095630496586], [127.095751117705, 37.57110356167774], [127.10093021118088, 37.573559795823115], [127.10163697061417, 37.57255829098158], [127.10293318014894, 37.5723722621211], [127.10297426609247, 37.572365640180806], [127.10307636883805, 37.57233105530798], [127.10316291871906, 37.57229303980609], [127.10326305371281, 37.572228027593056], [127.10368570395825, 37.5719410152117], [127.10383475753777, 37.5718345757242], [127.10397418028565, 37.5717290402408], [127.10399553220496, 37.5717065781139], [127.1040119718996, 37.57167508600468], [127.1041868020995, 37.57109934450201], [127.10419009584623, 37.571051498355146], [127.10418350258517, 37.57099528607565], [127.10415964070647, 37.57092182714483], [127.10406614897576, 37.570799831341326], [127.10398250569766, 37.5706913887536], [127.10394516860276, 37.57065746196209], [127.10390080122997, 37.57061675234485], [127.1038326040087, 37.57052976854223], [127.10379824477107, 37.570482900194214], [127.10374899121416, 37.57041569244844], [127.1034962675852, 37.57002500988836], [127.10342902766213, 37.569893925987394], [127.10338485643287, 37.56978646732822], [127.10337297908404, 37.56974860225521], [127.10334184502871, 37.569649304038116], [127.10109252068887, 37.56090988701312], [127.10108097084523, 37.560820839509304], [127.10108060527313, 37.56075561646482], [127.1011460799232, 37.56002336317411]]]]}}, {"type": "Feature", "properties": {"adm_cd": "11070590", "공식adm_nm": "서울특별시 중랑구 상봉1동", "행정동": "상봉제1동", "주센터번호": 9013, "주센터명": "신내", "운영센터": "9013", "분할비중": "9013(100.0%)", "센터수": 1, "단독": 2932, "공동": 7285, "영업": 393, "합계": 10610, "is_downtown": false, "난이도점수": 14328}, "geometry": {"type": "MultiPolygon", "coordinates": [[[[127.09580189362444, 37.600613209580324], [127.0955192075844, 37.59946301108777], [127.09278893391367, 37.59816366073138], [127.08935692045513, 37.597343587866504], [127.08640280075251, 37.596619216652364], [127.08553826459752, 37.59637507389674], [127.08491432055001, 37.59619964343527], [127.08252544051676, 37.59553972417762], [127.0812909538832, 37.59524241380746], [127.08052289864735, 37.59505798427499], [127.08028140672144, 37.594999997548236], [127.08032611599887, 37.59587220591037], [127.08082464436177, 37.59595507518425], [127.08305787747018, 37.5964237993861], [127.0830967618642, 37.59643294929978], [127.08624757643572, 37.60022968908263], [127.08652982681936, 37.60065994480899], [127.08698850066295, 37.60196511939214], [127.08709149966373, 37.604212081848395], [127.08695613961743, 37.60628132055198], [127.0867190823432, 37.60689340476857], [127.08637113839403, 37.607562633540255], [127.08609780801531, 37.6087322228127], [127.0864977629179, 37.60938247803961], [127.08716394499999, 37.60961845404542], [127.08796007817189, 37.60990034657648], [127.09074966707179, 37.607436071215915], [127.09126991973075, 37.607263175642515], [127.09363360609805, 37.60495248516163], [127.0942874177249, 37.602428715319036], [127.09510438718891, 37.600884587975024], [127.09544033999418, 37.60056012900045], [127.09546809784351, 37.60053431046378], [127.0957359841163, 37.60059762851508], [127.09580189362444, 37.600613209580324]]]]}}, {"type": "Feature", "properties": {"adm_cd": "11070690", "공식adm_nm": "서울특별시 중랑구 신내1동", "행정동": "신내1동", "주센터번호": 9013, "주센터명": "신내", "운영센터": "9013", "분할비중": "9013(100.0%)", "센터수": 1, "단독": 2157, "공동": 12315, "영업": 762, "합계": 15234, "is_downtown": false, "난이도점수": 18915}, "geometry": {"type": "MultiPolygon", "coordinates": [[[[127.11567458701147, 37.61929460112488], [127.11696815201357, 37.61743077296312], [127.11667056251804, 37.615768458165135], [127.11692584293769, 37.61435817922735], [127.11730821961491, 37.612925479659204], [127.11758668705428, 37.61170699061383], [127.11679645267469, 37.60990507764774], [127.11661509079283, 37.60882189786028], [127.1152464223071, 37.60906520523158], [127.1131170946472, 37.609477369110266], [127.11261166377089, 37.609853149104914], [127.11237763841471, 37.61006555765151], [127.11223814230374, 37.61019217994002], [127.10939794081989, 37.612065495388705], [127.1050751511659, 37.613051600807054], [127.10429383678908, 37.61317905641817], [127.10368099246057, 37.61327902293887], [127.10134459049927, 37.613203548854884], [127.10113225672993, 37.60997715024761], [127.10109847108549, 37.609299906582095], [127.10208464363812, 37.60905536077732], [127.10228807450856, 37.60915068768924], [127.10245026331799, 37.60926610780185], [127.10264420614466, 37.60942792405257], [127.10268227629791, 37.60945959928297], [127.10280117087338, 37.609538840099496], [127.10297792700243, 37.609656636684434], [127.10312359468023, 37.60969543378978], [127.10327563521288, 37.60973537881977], [127.10358466955256, 37.60954600831387], [127.1037997135208, 37.60878721711226], [127.10378991543418, 37.60849888467551], [127.10374987943344, 37.608032637949734], [127.10359362890425, 37.6073242232768], [127.10318963168596, 37.60593028879237], [127.10046528873258, 37.60054680918478], [127.09819170257644, 37.60004787348065], [127.09709060120231, 37.59980638972757], [127.09668325672004, 37.59971711722005], [127.0955192075844, 37.59946301108777], [127.09580189362444, 37.600613209580324], [127.09661273430784, 37.60097650661079], [127.09614631762663, 37.60238438577576], [127.09560379750513, 37.60394281501571], [127.09552640169544, 37.604151157065715], [127.09551283432275, 37.604208823682754], [127.09549886094628, 37.60426823751522], [127.09542635853593, 37.604581206345145], [127.09540967686333, 37.604653256747106], [127.09536481897598, 37.605091381876896], [127.09514900381278, 37.60746448597724], [127.0951418758137, 37.60755466807351], [127.09514772927994, 37.6077811509329], [127.09518310134078, 37.6080366862234], [127.09519709396612, 37.60807989058751], [127.09528351527256, 37.60833538010138], [127.09542067639354, 37.60863611071499], [127.09564927320245, 37.60905151252652], [127.0957522241543, 37.609237503369926], [127.09588068669024, 37.60947030355801], [127.0958987889286, 37.60950332770072], [127.09600237991728, 37.60980372180356], [127.0960125515802, 37.609833546046566], [127.09621545100036, 37.6109440202638], [127.09625391216906, 37.61116498111354], [127.09639813134875, 37.61199583744422], [127.09643757904406, 37.61242861734571], [127.09642522215357, 37.612748552093805], [127.09642076020108, 37.61278797061924], [127.09587688239631, 37.615085436516665], [127.09049397699205, 37.6174905807709], [127.08954300367121, 37.6196436667868], [127.09243574761318, 37.61827922804377], [127.09260750546309, 37.61821109376334], [127.09304680692912, 37.61804135536808], [127.0961481577492, 37.617102219138886], [127.09681553972896, 37.61705380072442], [127.09695083464344, 37.6170514687451], [127.0970417957927, 37.6170499009935], [127.10049900621004, 37.61888140793476], [127.10144688066455, 37.61975553566824], [127.10150753402296, 37.61980306100443], [127.10155091758607, 37.61981460047555], [127.10182508083436, 37.619887507140625], [127.10502345145561, 37.620683551019916], [127.10571036714282, 37.62083343234811], [127.10581889189795, 37.6207797972882], [127.10604211208158, 37.62064076251829], [127.10613794160076, 37.62059826863749], [127.10735021232956, 37.620500926594076], [127.10875202971708, 37.620460496778435], [127.10908388180081, 37.62052018389861], [127.10951175184238, 37.620635395116544], [127.10982938208728, 37.62070629986279], [127.11001122766807, 37.62074202632833], [127.11011521391805, 37.62076245187291], [127.11024137916348, 37.620773657741466], [127.11039199829722, 37.62078702632032], [127.11064483225832, 37.620788987523454], [127.11085169680668, 37.62077727645071], [127.11097928775352, 37.62075629026599], [127.1113402991612, 37.620654952136995], [127.1114779513915, 37.6206058315855], [127.11273712839188, 37.620070291670075], [127.11382939522629, 37.6194868716051], [127.11394516421774, 37.61942866310911], [127.11399476842534, 37.61941868527365], [127.11567458701147, 37.61929460112488]]]]}}, {"type": "Feature", "properties": {"adm_cd": "11070700", "공식adm_nm": "서울특별시 중랑구 신내2동", "행정동": "신내2동", "주센터번호": 9013, "주센터명": "신내", "운영센터": "9013", "분할비중": "9013(100.0%)", "센터수": 1, "단독": 32, "공동": 9104, "영업": 239, "합계": 9375, "is_downtown": false, "난이도점수": 9885}, "geometry": {"type": "MultiPolygon", "coordinates": [[[[127.09580189362444, 37.600613209580324], [127.0957359841163, 37.60059762851508], [127.09546809784351, 37.60053431046378], [127.09544033999418, 37.60056012900045], [127.09510438718891, 37.600884587975024], [127.0942874177249, 37.602428715319036], [127.09363360609805, 37.60495248516163], [127.09126991973075, 37.607263175642515], [127.09074966707179, 37.607436071215915], [127.08796007817189, 37.60990034657648], [127.08716394499999, 37.60961845404542], [127.0864977629179, 37.60938247803961], [127.08597901582213, 37.6093627207209], [127.0854027345706, 37.609826042439146], [127.08531191593521, 37.609985713662915], [127.08515830749542, 37.61035922963106], [127.08476997192219, 37.611526235927336], [127.0847622036056, 37.611678304899726], [127.08587627755827, 37.61488634179212], [127.08867073507162, 37.61497063031988], [127.08876189592327, 37.61500869899259], [127.09017352568111, 37.61702641513916], [127.09033516721391, 37.61726025744631], [127.09049397699205, 37.6174905807709], [127.09587688239631, 37.615085436516665], [127.09642076020108, 37.61278797061924], [127.09642522215357, 37.612748552093805], [127.09643757904406, 37.61242861734571], [127.09639813134875, 37.61199583744422], [127.09625391216906, 37.61116498111354], [127.09621545100036, 37.6109440202638], [127.0960125515802, 37.609833546046566], [127.09600237991728, 37.60980372180356], [127.0958987889286, 37.60950332770072], [127.09588068669024, 37.60947030355801], [127.0957522241543, 37.609237503369926], [127.09564927320245, 37.60905151252652], [127.09542067639354, 37.60863611071499], [127.09528351527256, 37.60833538010138], [127.09519709396612, 37.60807989058751], [127.09518310134078, 37.6080366862234], [127.09514772927994, 37.6077811509329], [127.0951418758137, 37.60755466807351], [127.09514900381278, 37.60746448597724], [127.09536481897598, 37.605091381876896], [127.09540967686333, 37.604653256747106], [127.09542635853593, 37.604581206345145], [127.09549886094628, 37.60426823751522], [127.09551283432275, 37.604208823682754], [127.09552640169544, 37.604151157065715], [127.09560379750513, 37.60394281501571], [127.09614631762663, 37.60238438577576], [127.09661273430784, 37.60097650661079], [127.09580189362444, 37.600613209580324]]]]}}, {"type": "Feature", "properties": {"adm_cd": "11070610", "공식adm_nm": "서울특별시 중랑구 중화1동", "행정동": "중화제1동", "주센터번호": 9013, "주센터명": "신내", "운영센터": "9013", "분할비중": "9013(100.0%)", "센터수": 1, "단독": 3964, "공동": 4899, "영업": 293, "합계": 9156, "is_downtown": false, "난이도점수": 13706}, "geometry": {"type": "MultiPolygon", "coordinates": [[[[127.08032611599887, 37.59587220591037], [127.08033277105034, 37.59707132035867], [127.08028469987893, 37.59736684484185], [127.08022814204405, 37.59767876162071], [127.08015425880885, 37.598082122213505], [127.07944203697839, 37.6019265787619], [127.07937955803355, 37.60225484490171], [127.07905790956897, 37.603887258154295], [127.07873539196031, 37.60537230707251], [127.07912597539055, 37.60541540582809], [127.07942024638994, 37.605447991132756], [127.0804846482539, 37.605566711795156], [127.08325027754874, 37.6066096763211], [127.08345141672275, 37.60672868786345], [127.08515438547455, 37.60800558255887], [127.08542593437642, 37.60832651303439], [127.08565017462246, 37.608622491623265], [127.08566978589087, 37.60865631580942], [127.08580797750705, 37.60889795457648], [127.08594631460176, 37.60923531820875], [127.08597901582213, 37.6093627207209], [127.0864977629179, 37.60938247803961], [127.08609780801531, 37.6087322228127], [127.08637113839403, 37.607562633540255], [127.0867190823432, 37.60689340476857], [127.08695613961743, 37.60628132055198], [127.08709149966373, 37.604212081848395], [127.08698850066295, 37.60196511939214], [127.08652982681936, 37.60065994480899], [127.08624757643572, 37.60022968908263], [127.0830967618642, 37.59643294929978], [127.08305787747018, 37.5964237993861], [127.08082464436177, 37.59595507518425], [127.08032611599887, 37.59587220591037]]]]}}, {"type": "Feature", "properties": {"adm_cd": "11010700", "공식adm_nm": "서울특별시 종로구 숭인1동", "행정동": "숭인제1동", "주센터번호": 9014, "주센터명": "종로", "운영센터": "9014", "분할비중": "9014(100.0%)", "센터수": 1, "단독": 2078, "공동": 783, "영업": 200, "합계": 3061, "is_downtown": false, "난이도점수": 5539}, "geometry": {"type": "MultiPolygon", "coordinates": [[[[127.01875166365707, 37.577526900275195], [127.01911371667646, 37.575161214678275], [127.0191680508145, 37.5747456897067], [127.01887510795649, 37.573963704244676], [127.01763855830804, 37.57348757621025], [127.01758869689934, 37.57347067230246], [127.0172121640845, 37.573343023720966], [127.01652527606907, 37.57317697499821], [127.01572604080032, 37.572983762654744], [127.01566947011413, 37.575578047001116], [127.01547769446634, 37.57681045639643], [127.01495096159073, 37.58141191900284], [127.01495049647713, 37.58213073135636], [127.01606730281172, 37.58184013347665], [127.01639007100646, 37.5818425829683], [127.01678633208726, 37.58153662148743], [127.01760452394794, 37.57968880236295], [127.01800551039028, 37.57805818233138], [127.01875166365707, 37.577526900275195]]]]}}, {"type": "Feature", "properties": {"adm_cd": "11010710", "공식adm_nm": "서울특별시 종로구 숭인2동", "행정동": "숭인제2동", "주센터번호": 9014, "주센터명": "종로", "운영센터": "9014", "분할비중": "9014(100.0%)", "센터수": 1, "단독": 1901, "공동": 6297, "영업": 356, "합계": 8554, "is_downtown": false, "난이도점수": 11167}, "geometry": {"type": "MultiPolygon", "coordinates": [[[[127.02316787780416, 37.57804158355124], [127.02336812399952, 37.57173985489921], [127.01881853651845, 37.57098451977709], [127.01572604080032, 37.572983762654744], [127.01652527606907, 37.57317697499821], [127.0172121640845, 37.573343023720966], [127.01758869689934, 37.57347067230246], [127.01763855830804, 37.57348757621025], [127.01887510795649, 37.573963704244676], [127.0191680508145, 37.5747456897067], [127.01911371667646, 37.575161214678275], [127.01875166365707, 37.577526900275195], [127.02250874393788, 37.57809642692493], [127.02316787780416, 37.57804158355124]]]]}}, {"type": "Feature", "properties": {"adm_cd": "11010640", "공식adm_nm": "서울특별시 종로구 이화동", "행정동": "이화동", "주센터번호": 9014, "주센터명": "종로", "운영센터": "9014", "분할비중": "9014(100.0%)", "센터수": 1, "단독": 3472, "공동": 1422, "영업": 777, "합계": 5671, "is_downtown": false, "난이도점수": 10697}, "geometry": {"type": "MultiPolygon", "coordinates": [[[[127.00733253963132, 37.58320333921622], [127.00884131783923, 37.5804526387349], [127.00861398800204, 37.57670881432088], [127.00783306341832, 37.57663511179821], [126.99967765278153, 37.575897283278564], [126.9971834726848, 37.57693224535311], [126.99675796489285, 37.57842216031989], [126.99660663904614, 37.579345394336194], [126.99641172469615, 37.580645880422686], [126.99649978451932, 37.581022567729896], [126.99823026308687, 37.581266540341], [127.00180462191403, 37.58253031283793], [127.00172112834049, 37.583133635452405], [127.00272082947205, 37.58372368050578], [127.00580459526145, 37.584756278282704], [127.00618219538146, 37.58396129485961], [127.00733253963132, 37.58320333921622]]]]}}, {"type": "Feature", "properties": {"adm_cd": "11010610", "공식adm_nm": "서울특별시 종로구 종로1·2·3·4가동", "행정동": "종로1.2.3.4가동", "주센터번호": 9014, "주센터명": "종로", "운영센터": "9014", "분할비중": "9014(100.0%)", "센터수": 1, "단독": 1257, "공동": 3028, "영업": 3337, "합계": 7622, "is_downtown": true, "난이도점수": 15553}, "geometry": {"type": "MultiPolygon", "coordinates": [[[[126.99649978451932, 37.581022567729896], [126.99641172469615, 37.580645880422686], [126.99660663904614, 37.579345394336194], [126.99675796489285, 37.57842216031989], [126.9971834726848, 37.57693224535311], [126.99967765278153, 37.575897283278564], [126.99937935193489, 37.57583855688933], [126.99796924004315, 37.57429921172459], [126.99799432031159, 37.57403085957762], [126.99805612912641, 37.57378124935039], [127.00047171123055, 37.570753306335625], [127.00083202930412, 37.57038820483154], [127.00089973949154, 37.57031974086679], [127.00162224915923, 37.56959157448218], [126.9983491068369, 37.56895088287297], [126.99829738997224, 37.5689409159328], [126.99792406974649, 37.568886373781694], [126.9969766239248, 37.56874939188403], [126.99679666835213, 37.56872389200476], [126.99669662654541, 37.56870989125176], [126.99086878245063, 37.56824324248876], [126.99059203232972, 37.56822401178576], [126.98951624173209, 37.56814951948802], [126.9888983161631, 37.5681085386568], [126.98686118820655, 37.56820110321031], [126.98678729990505, 37.56820459472247], [126.98659924319325, 37.56821348455565], [126.98571700615338, 37.568376393740806], [126.98442232884796, 37.5686152378588], [126.98397029538161, 37.568687623946246], [126.98273180965134, 37.56888500509866], [126.98269213866654, 37.56889046468609], [126.97780271779051, 37.569249758081796], [126.97758408247257, 37.56924090399486], [126.9770344988775, 37.56919453005456], [126.97688884274817, 37.575650779448786], [126.9795924891094, 37.57597727455634], [126.97983903605082, 37.575943353839534], [126.98314665239185, 37.57552636292861], [126.98434478868091, 37.5760645251064], [126.98494884418297, 37.5763358803659], [126.98553316382565, 37.57667402546202], [126.98824012155258, 37.577367019793876], [126.98896557564436, 37.577374669331654], [126.98930023627912, 37.57738738356293], [126.98977388297557, 37.58225342940237], [126.98977235780139, 37.582320911004366], [126.98938671011977, 37.58369942750756], [126.98885909648946, 37.585495326154245], [126.98803085507372, 37.58554745777863], [126.98830836760723, 37.587469119033116], [126.98843038067865, 37.58742234537463], [126.98929925561814, 37.58727963952128], [126.99129914081948, 37.58706519278286], [126.99229157064346, 37.587195623262325], [126.99328928346121, 37.58692953701408], [126.99587428341181, 37.58350761039735], [126.99602795514383, 37.58328743710543], [126.99626546370423, 37.58270708341522], [126.99654208584623, 37.58157369542727], [126.99649978451932, 37.581022567729896]]]]}}, {"type": "Feature", "properties": {"adm_cd": "11010630", "공식adm_nm": "서울특별시 종로구 종로5·6가동", "행정동": "종로5.6가동", "주센터번호": 9014, "주센터명": "종로", "운영센터": "9014", "분할비중": "9014(100.0%)", "센터수": 1, "단독": 2521, "공동": 2082, "영업": 901, "합계": 5504, "is_downtown": true, "난이도점수": 9827}, "geometry": {"type": "MultiPolygon", "coordinates": [[[[127.01016044839562, 37.57156810157083], [127.00958523216921, 37.569783784930834], [127.00668360999161, 37.56964776113221], [127.00162224915923, 37.56959157448218], [127.00089973949154, 37.57031974086679], [127.00083202930412, 37.57038820483154], [127.00047171123055, 37.570753306335625], [126.99805612912641, 37.57378124935039], [126.99799432031159, 37.57403085957762], [126.99796924004315, 37.57429921172459], [126.99937935193489, 37.57583855688933], [126.99967765278153, 37.575897283278564], [127.00783306341832, 37.57663511179821], [127.00861398800204, 37.57670881432088], [127.00855753943898, 37.57657566769912], [127.00850454950675, 37.57642911259777], [127.0084331095824, 37.576231511305245], [127.00842043520578, 37.57615771036203], [127.00840447783014, 37.57584944651765], [127.00883613171445, 37.572739342823716], [127.00972690610338, 37.57149242744257], [127.01016044839562, 37.57156810157083]]]]}}, {"type": "Feature", "properties": {"adm_cd": "11010670", "공식adm_nm": "서울특별시 종로구 창신1동", "행정동": "창신제1동", "주센터번호": 9014, "주센터명": "종로", "운영센터": "9014", "분할비중": "9014(100.0%)", "센터수": 1, "단독": 1801, "공동": 1222, "영업": 327, "합계": 3350, "is_downtown": false, "난이도점수": 5805}, "geometry": {"type": "MultiPolygon", "coordinates": [[[[127.01572604080032, 37.572983762654744], [127.01881853651845, 37.57098451977709], [127.0175133756155, 37.57029101296999], [127.0172783400352, 37.5702024312381], [127.0171373467301, 37.570149540415414], [127.01700034533405, 37.5701027859073], [127.01686968618156, 37.57005943724952], [127.01674098681009, 37.57001950356381], [127.01664154663442, 37.569988648935606], [127.0163801750635, 37.569912090624854], [127.0161766627633, 37.56986280930545], [127.01600564056696, 37.56982380100294], [127.0158654089304, 37.56981531307181], [127.0157629720032, 37.569809286555966], [127.01566542077587, 37.56980859794675], [127.01537585828629, 37.569806571365675], [127.01161575947448, 37.56978206242719], [127.01128595164396, 37.56978182425201], [127.01010401194387, 37.569782558827946], [127.00958523216921, 37.569783784930834], [127.01016044839562, 37.57156810157083], [127.01196088087447, 37.572638390987535], [127.01260655758911, 37.574677091344356], [127.01264929372097, 37.57538134668362], [127.01547769446634, 37.57681045639643], [127.01566947011413, 37.575578047001116], [127.01572604080032, 37.572983762654744]]]]}}, {"type": "Feature", "properties": {"adm_cd": "11010680", "공식adm_nm": "서울특별시 종로구 창신2동", "행정동": "창신제2동", "주센터번호": 9014, "주센터명": "종로", "운영센터": "9014", "분할비중": "9014(100.0%)", "센터수": 1, "단독": 4131, "공동": 786, "영업": 297, "합계": 5214, "is_downtown": false, "난이도점수": 9939}, "geometry": {"type": "MultiPolygon", "coordinates": [[[[127.0104800653117, 37.5803354811576], [127.0111095046239, 37.57891061096566], [127.0117318091938, 37.57618210635931], [127.01264929372097, 37.57538134668362], [127.01260655758911, 37.574677091344356], [127.01196088087447, 37.572638390987535], [127.01016044839562, 37.57156810157083], [127.00972690610338, 37.57149242744257], [127.00883613171445, 37.572739342823716], [127.00840447783014, 37.57584944651765], [127.00842043520578, 37.57615771036203], [127.0084331095824, 37.576231511305245], [127.00850454950675, 37.57642911259777], [127.00855753943898, 37.57657566769912], [127.00861398800204, 37.57670881432088], [127.00884131783923, 37.5804526387349], [127.00996543308494, 37.58020835714158], [127.0104800653117, 37.5803354811576]]]]}}, {"type": "Feature", "properties": {"adm_cd": "11010690", "공식adm_nm": "서울특별시 종로구 창신3동", "행정동": "창신제3동", "주센터번호": 9014, "주센터명": "종로", "운영센터": "9014", "분할비중": "9014(100.0%)", "센터수": 1, "단독": 1100, "공동": 1856, "영업": 99, "합계": 3055, "is_downtown": false, "난이도점수": 4353}, "geometry": {"type": "MultiPolygon", "coordinates": [[[[127.01495049647713, 37.58213073135636], [127.01495096159073, 37.58141191900284], [127.01547769446634, 37.57681045639643], [127.01264929372097, 37.57538134668362], [127.0117318091938, 37.57618210635931], [127.0111095046239, 37.57891061096566], [127.0104800653117, 37.5803354811576], [127.0121550244591, 37.58150517845034], [127.01280121923705, 37.58131747945708], [127.01312238642005, 37.58143931902778], [127.01382779210087, 37.58170812346522], [127.01468588483036, 37.58222654740629], [127.01495049647713, 37.58213073135636]]]]}}, {"type": "Feature", "properties": {"adm_cd": "11010730", "공식adm_nm": "서울특별시 종로구 혜화동", "행정동": "혜화동", "주센터번호": 9014, "주센터명": "종로", "운영센터": "9014", "분할비중": "9014(100.0%)", "센터수": 1, "단독": 8771, "공동": 3060, "영업": 1096, "합계": 12927, "is_downtown": false, "난이도점수": 23890}, "geometry": {"type": "MultiPolygon", "coordinates": [[[[127.00419481761703, 37.587950483032536], [127.00418619613941, 37.5877701085134], [127.00418355846003, 37.58771354437431], [127.00416388991867, 37.58729006506222], [127.00429974728675, 37.587086705567486], [127.00460921714489, 37.586995224897464], [127.00470321005211, 37.58698587130248], [127.00512468535767, 37.5869459519399], [127.0055408341663, 37.586961216120095], [127.00560861320957, 37.58695248658489], [127.00573566914285, 37.586936118476615], [127.00593335431671, 37.58690990576038], [127.00652749379813, 37.586128221213336], [127.007149932, 37.58405894053221], [127.00735493680916, 37.583363335858955], [127.00733253963132, 37.58320333921622], [127.00618219538146, 37.58396129485961], [127.00580459526145, 37.584756278282704], [127.00272082947205, 37.58372368050578], [127.00172112834049, 37.583133635452405], [127.00180462191403, 37.58253031283793], [126.99823026308687, 37.581266540341], [126.99649978451932, 37.581022567729896], [126.99654208584623, 37.58157369542727], [126.99626546370423, 37.58270708341522], [126.99602795514383, 37.58328743710543], [126.99587428341181, 37.58350761039735], [126.99328928346121, 37.58692953701408], [126.99229157064346, 37.587195623262325], [126.99129914081948, 37.58706519278286], [126.98929925561814, 37.58727963952128], [126.98843038067865, 37.58742234537463], [126.98830836760723, 37.587469119033116], [126.98913590308945, 37.59130668631862], [126.99853215476769, 37.59250646095414], [126.99874517862277, 37.592516379265064], [126.99897415865684, 37.59247115853041], [126.99937200507327, 37.59236681171857], [127.0006245265884, 37.592453365719116], [127.0007859970764, 37.59244503534296], [127.00094219429026, 37.59239265541499], [127.00155976727513, 37.5919187660639], [127.00158128513877, 37.591889637168485], [127.00168122801887, 37.591752530323944], [127.00191184305814, 37.591248750276485], [127.00178699201844, 37.59086177213], [127.0016981053348, 37.59060226050967], [127.00165825184047, 37.59010184631106], [127.00233781877856, 37.58915379544608], [127.0023856324952, 37.58910399946758], [127.00243049193739, 37.589057291639655], [127.00341987943762, 37.58835502962636], [127.00419481761703, 37.587950483032536]]]]}}, {"type": "Feature", "properties": {"adm_cd": "11030530", "공식adm_nm": "서울특별시 용산구 남영동", "행정동": "남영동", "주센터번호": 9016, "주센터명": "용산", "운영센터": "9016+9022", "분할비중": "9016(99.9%)+9022(0.1%)", "센터수": 2, "단독": 2132, "공동": 1645, "영업": 690, "합계": 4467, "is_downtown": false, "난이도점수": 7979}, "geometry": {"type": "MultiPolygon", "coordinates": [[[[126.97665865287809, 37.55270834462548], [126.97578726298318, 37.55225493133795], [126.97514558580065, 37.55113497136638], [126.97440967490363, 37.54897713354278], [126.97429419804942, 37.547529728291984], [126.97510790768881, 37.54550531320784], [126.97850587551711, 37.54604466997206], [126.97912286908138, 37.54410443938326], [126.98060490323726, 37.53470956815134], [126.97613392392995, 37.53456747065809], [126.97506849726349, 37.53537281654359], [126.97391374756329, 37.53776919561428], [126.97385822979737, 37.53798474070869], [126.97338334651785, 37.53982137957512], [126.97320795113419, 37.54031634100103], [126.97155748050628, 37.53934641964027], [126.97086040540353, 37.539139723587006], [126.97071429054233, 37.541600899423614], [126.97102826716291, 37.54172054997615], [126.97103543967098, 37.54260394499357], [126.97103106678323, 37.5437227261924], [126.97095606057545, 37.547728890434165], [126.97091225103523, 37.548321331328374], [126.97089590159077, 37.548533075147496], [126.97004511170148, 37.55217634377423], [126.96929968912876, 37.552035549926764], [126.96916688848849, 37.55269179994137], [126.96910514373134, 37.553017134489956], [126.96909926673848, 37.55305002080549], [126.96909406298614, 37.55319563279038], [126.96909217753318, 37.553256978202214], [126.96907271591886, 37.553896930097174], [126.97236231894502, 37.55439110472889], [126.97665865287809, 37.55270834462548]]]]}}, {"type": "Feature", "properties": {"adm_cd": "11030700", "공식adm_nm": "서울특별시 용산구 보광동", "행정동": "보광동", "주센터번호": 9016, "주센터명": "용산", "운영센터": "9016", "분할비중": "9016(100.0%)", "센터수": 1, "단독": 3600, "공동": 604, "영업": 229, "합계": 4433, "is_downtown": false, "난이도점수": 8491}, "geometry": {"type": "MultiPolygon", "coordinates": [[[[127.00797217618856, 37.52458897654878], [127.00442743165378, 37.520261173676964], [127.00038732057978, 37.517949077834615], [127.00040481992863, 37.52211341043998], [127.00026230724981, 37.522483480467116], [127.00008292920339, 37.522761023473834], [126.99967754465588, 37.52309393460746], [126.99753813183824, 37.52475348366255], [126.99701170460706, 37.52499122828651], [126.9969053585315, 37.5251857020881], [126.99659403754376, 37.5258851707966], [126.9966903877571, 37.52628330283175], [126.99692524976557, 37.526658608602524], [126.99709215129414, 37.526915962727806], [126.99682164916156, 37.527802641863396], [126.99674130901114, 37.52787711637144], [126.99663392279703, 37.527949438491504], [126.99536242629436, 37.52863805423126], [126.994798752438, 37.52873478412915], [126.9978700030165, 37.53261350853068], [126.9981005623741, 37.53264273522102], [127.00091616882422, 37.531673302019186], [127.00299360184783, 37.53041678880711], [127.00331696242722, 37.5301905575308], [127.00354452456624, 37.53000899034081], [127.00360364755407, 37.52993496735662], [127.00372705485273, 37.52946566460281], [127.00369298565283, 37.529273884691335], [127.00345194832553, 37.5291410485523], [127.00337892120508, 37.5290743477929], [127.0031618845765, 37.52882886168498], [127.00288743307685, 37.52838494390736], [127.00285466708982, 37.52817198740478], [127.00285024505669, 37.5281425215702], [127.00389157078169, 37.5271655526676], [127.00423087719987, 37.52698557917714], [127.00479137388952, 37.526728791518856], [127.00729945564295, 37.52513599807171], [127.00797217618856, 37.52458897654878]]]]}}, {"type": "Feature", "properties": {"adm_cd": "11030690", "공식adm_nm": "서울특별시 용산구 서빙고동", "행정동": "서빙고동", "주센터번호": 9016, "주센터명": "용산", "운영센터": "9016", "분할비중": "9016(100.0%)", "센터수": 1, "단독": 1979, "공동": 1340, "영업": 172, "합계": 3491, "is_downtown": false, "난이도점수": 5814}, "geometry": {"type": "MultiPolygon", "coordinates": [[[[126.99133339350598, 37.5294656660908], [126.994798752438, 37.52873478412915], [126.99536242629436, 37.52863805423126], [126.99663392279703, 37.527949438491504], [126.99674130901114, 37.52787711637144], [126.99682164916156, 37.527802641863396], [126.99709215129414, 37.526915962727806], [126.99692524976557, 37.526658608602524], [126.9966903877571, 37.52628330283175], [126.99659403754376, 37.5258851707966], [126.9969053585315, 37.5251857020881], [126.99701170460706, 37.52499122828651], [126.99753813183824, 37.52475348366255], [126.99967754465588, 37.52309393460746], [127.00008292920339, 37.522761023473834], [127.00026230724981, 37.522483480467116], [127.00040481992863, 37.52211341043998], [127.00038732057978, 37.517949077834615], [126.99594148967962, 37.51574214068493], [126.99061667339414, 37.513025433501134], [126.9856773587317, 37.50663193630627], [126.9807343758146, 37.50656852615717], [126.9827751447049, 37.5145844474727], [126.98301358187064, 37.51579894022199], [126.98306612336127, 37.51607746344011], [126.98309092471436, 37.5162747433087], [126.98310124341272, 37.51652266098055], [126.98310411914477, 37.517131087872414], [126.98309830599393, 37.517563712567465], [126.98309446111382, 37.517812694892804], [126.98306279900987, 37.518708467350976], [126.98300738447509, 37.5191575850252], [126.9829913120295, 37.51923187638944], [126.98295623314357, 37.51939286241729], [126.98280549709875, 37.51961413835936], [126.98245928688745, 37.5198695077089], [126.98112329156572, 37.52027263527387], [126.97985970837891, 37.5206544340852], [126.97752756503138, 37.52137784226018], [126.9762303400895, 37.521791225937015], [126.97977287482033, 37.526077497484074], [126.98658608057485, 37.527110130989456], [126.99167441587777, 37.52721570998414], [126.99133339350598, 37.5294656660908]]]]}}, {"type": "Feature", "properties": {"adm_cd": "11030520", "공식adm_nm": "서울특별시 용산구 용산2가동", "행정동": "용산2가동", "주센터번호": 9016, "주센터명": "용산", "운영센터": "9016", "분할비중": "9016(100.0%)", "센터수": 1, "단독": 4688, "공동": 1350, "영업": 407, "합계": 6445, "is_downtown": false, "난이도점수": 11947}, "geometry": {"type": "MultiPolygon", "coordinates": [[[[126.99235997402253, 37.550093126422475], [126.99319410795592, 37.54905562616136], [126.9914173305739, 37.547827806454286], [126.9909468392174, 37.54636897172699], [126.99034685491422, 37.54543348595664], [126.98918280858851, 37.54369786296889], [126.98856380944875, 37.54305499925321], [126.98846517729638, 37.54280016576663], [126.98842875044723, 37.54270568160016], [126.98839774049743, 37.542625236895404], [126.98696865680402, 37.53890209031955], [126.98682653948882, 37.53837418226117], [126.98681610992686, 37.5383352165837], [126.98679764711606, 37.53826620099147], [126.98678101534364, 37.538203854340495], [126.9867882705315, 37.53745576414636], [126.98695325608236, 37.53568147624402], [126.98737556860816, 37.53443991328637], [126.98781175362511, 37.53427505758517], [126.98788592895845, 37.53438457717329], [126.98797208424051, 37.53431180604081], [126.98808695066721, 37.53421492194899], [126.98821505619686, 37.534109903631], [126.98829175423639, 37.53405170850129], [126.98835193104127, 37.5340058650783], [126.98846226637038, 37.53390606764161], [126.98853411877748, 37.53383773188099], [126.9886132166536, 37.53376250506673], [126.9887516133031, 37.533602493252175], [126.98877721454316, 37.53357280537875], [126.98891850625532, 37.533393146500586], [126.98899343659512, 37.53329657539308], [126.98935635717052, 37.53277423422001], [126.98945335331318, 37.53261677271766], [126.98954878116432, 37.532461846165226], [126.98971255313477, 37.53219655582799], [126.98982488090256, 37.53201461641984], [126.989978365063, 37.53180798182619], [126.99057234700511, 37.531009454951615], [126.99085271838231, 37.53066138988451], [126.99105468653192, 37.53036180263024], [126.99111982328232, 37.53026489946725], [126.99136150372732, 37.52990531837454], [126.99133339350598, 37.5294656660908], [126.99167441587777, 37.52721570998414], [126.98658608057485, 37.527110130989456], [126.97977287482033, 37.526077497484074], [126.98060490323726, 37.53470956815134], [126.97912286908138, 37.54410443938326], [126.97850587551711, 37.54604466997206], [126.98361215154976, 37.54651210232021], [126.9838004560955, 37.54652835678399], [126.9839886972747, 37.546626074687765], [126.9860321445812, 37.5478461760748], [126.9873735964717, 37.54950485781342], [126.98781141729891, 37.551491980275394], [126.99235997402253, 37.550093126422475]]]]}}, {"type": "Feature", "properties": {"adm_cd": "11030650", "공식adm_nm": "서울특별시 용산구 이태원1동", "행정동": "이태원제1동", "주센터번호": 9016, "주센터명": "용산", "운영센터": "9016", "분할비중": "9016(100.0%)", "센터수": 1, "단독": 3030, "공동": 1225, "영업": 848, "합계": 5103, "is_downtown": false, "난이도점수": 9829}, "geometry": {"type": "MultiPolygon", "coordinates": [[[[126.9978700030165, 37.53261350853068], [126.994798752438, 37.52873478412915], [126.99133339350598, 37.5294656660908], [126.99136150372732, 37.52990531837454], [126.99111982328232, 37.53026489946725], [126.99105468653192, 37.53036180263024], [126.99085271838231, 37.53066138988451], [126.99057234700511, 37.531009454951615], [126.989978365063, 37.53180798182619], [126.98982488090256, 37.53201461641984], [126.98971255313477, 37.53219655582799], [126.98954878116432, 37.532461846165226], [126.98945335331318, 37.53261677271766], [126.98935635717052, 37.53277423422001], [126.98899343659512, 37.53329657539308], [126.98891850625532, 37.533393146500586], [126.98877721454316, 37.53357280537875], [126.9887516133031, 37.533602493252175], [126.9886132166536, 37.53376250506673], [126.98853411877748, 37.53383773188099], [126.98846226637038, 37.53390606764161], [126.98835193104127, 37.5340058650783], [126.98829175423639, 37.53405170850129], [126.98821505619686, 37.534109903631], [126.98808695066721, 37.53421492194899], [126.98797208424051, 37.53431180604081], [126.98788592895845, 37.53438457717329], [126.98976262303617, 37.53564905016137], [126.99456268098324, 37.538345580711734], [126.99509514100774, 37.53869713230723], [126.99534159947724, 37.53897197228811], [126.99512383702977, 37.538218411916525], [126.99703620646464, 37.53335138412458], [126.9978700030165, 37.53261350853068]]]]}}, {"type": "Feature", "properties": {"adm_cd": "11030660", "공식adm_nm": "서울특별시 용산구 이태원2동", "행정동": "이태원제2동", "주센터번호": 9016, "주센터명": "용산", "운영센터": "9016", "분할비중": "9016(100.0%)", "센터수": 1, "단독": 4086, "공동": 1873, "영업": 565, "합계": 6524, "is_downtown": false, "난이도점수": 11740}, "geometry": {"type": "MultiPolygon", "coordinates": [[[[126.99532055586175, 37.5472372699923], [126.99650535636687, 37.54602099719253], [126.99786239881355, 37.54221750912124], [126.99784317354758, 37.541817317550354], [126.99780505805529, 37.54125480687935], [126.99778096333743, 37.54122203943293], [126.99756333762855, 37.540926110371494], [126.99754159753705, 37.540896723947874], [126.99739544564899, 37.540767650385334], [126.99733904652541, 37.540717845006945], [126.99693557359696, 37.54053923661548], [126.99649732530668, 37.54026694082629], [126.9958578356203, 37.53984285311787], [126.99565834240444, 37.53971013353475], [126.99551695209077, 37.53961605942692], [126.99541605264378, 37.53947141208202], [126.99539613629382, 37.53939834454324], [126.99537393708205, 37.53931684862134], [126.99535816095131, 37.539248720146595], [126.9953402543276, 37.53917138877801], [126.99534159947724, 37.53897197228811], [126.99509514100774, 37.53869713230723], [126.99456268098324, 37.538345580711734], [126.98976262303617, 37.53564905016137], [126.98788592895845, 37.53438457717329], [126.98781175362511, 37.53427505758517], [126.98737556860816, 37.53443991328637], [126.98695325608236, 37.53568147624402], [126.9867882705315, 37.53745576414636], [126.98678101534364, 37.538203854340495], [126.98679764711606, 37.53826620099147], [126.98681610992686, 37.5383352165837], [126.98682653948882, 37.53837418226117], [126.98696865680402, 37.53890209031955], [126.98839774049743, 37.542625236895404], [126.98842875044723, 37.54270568160016], [126.98846517729638, 37.54280016576663], [126.98856380944875, 37.54305499925321], [126.98918280858851, 37.54369786296889], [126.99034685491422, 37.54543348595664], [126.9909468392174, 37.54636897172699], [126.9914173305739, 37.547827806454286], [126.99319410795592, 37.54905562616136], [126.99532055586175, 37.5472372699923]]]]}}, {"type": "Feature", "properties": {"adm_cd": "11030730", "공식adm_nm": "서울특별시 용산구 한강로동", "행정동": "한강로동", "주센터번호": 9016, "주센터명": "용산", "운영센터": "9016", "분할비중": "9016(100.0%)", "센터수": 1, "단독": 1, "공동": 1662, "영업": 30, "합계": 1693, "is_downtown": false, "난이도점수": 1754}, "geometry": {"type": "MultiPolygon", "coordinates": [[[[126.98060490323726, 37.53470956815134], [126.97977287482033, 37.526077497484074], [126.9762303400895, 37.521791225937015], [126.97263007111187, 37.52291992345088], [126.97251664468237, 37.52295659773497], [126.97206054767214, 37.52304018836505], [126.97018030369011, 37.52287403080196], [126.96989267043794, 37.52283156631118], [126.96966875248364, 37.522798499922025], [126.96936069860324, 37.52275204859386], [126.96786047457576, 37.52245911901552], [126.96701361729015, 37.52229080339816], [126.96633188259773, 37.522158366299415], [126.96588755013671, 37.52209981222693], [126.96549040161983, 37.52205069448153], [126.96538357285858, 37.52203789847504], [126.96513847063989, 37.52200854033426], [126.96456852400466, 37.52199018417411], [126.96443699604397, 37.521986207744106], [126.9639706290606, 37.522023526220934], [126.96378732766324, 37.52203846783004], [126.96324957120183, 37.52216784799833], [126.96319642335341, 37.52218112674079], [126.96220792589536, 37.5224357687129], [126.9618154559879, 37.52260191650201], [126.9617588321463, 37.52262638707772], [126.96113593223271, 37.52288944575371], [126.9604268523151, 37.52323548255101], [126.96019616054537, 37.52334822415669], [126.95933023996574, 37.52386310430765], [126.95796191876734, 37.524699033478356], [126.95752711304611, 37.5249651903337], [126.95720364915243, 37.52523823801912], [126.95701470737019, 37.525397738082795], [126.95697800509187, 37.525430612907144], [126.95688583897397, 37.525513194624445], [126.95665732956043, 37.525720610092606], [126.95544789017026, 37.5269667634837], [126.95460619250346, 37.53152596903676], [126.95484374118426, 37.53164311753442], [126.95510955254422, 37.531763773325075], [126.95667079446982, 37.53244021987122], [126.95741206885923, 37.532742200589745], [126.95873920545517, 37.53312460394796], [126.95961286424811, 37.53330886440238], [126.9596750917351, 37.533321553529944], [126.96141927351127, 37.53316164434676], [126.96158633540537, 37.53314550670364], [126.96325302343209, 37.53412429969964], [126.96332868756824, 37.53416854028311], [126.9633889777717, 37.53420378668208], [126.96357020832333, 37.53428460497009], [126.96377981046143, 37.534332841777484], [126.96382004851982, 37.53434144760608], [126.96474418405121, 37.534527662358045], [126.96481633503515, 37.53453943742436], [126.96487913651563, 37.53454968194992], [126.96496399089267, 37.53455457318435], [126.96505318618435, 37.53454596375454], [126.96602822430802, 37.53431602706641], [126.9663758112458, 37.53423196985557], [126.96670028750175, 37.53406443225889], [126.96680008731926, 37.53380799778225], [126.96880394983857, 37.534023493777525], [126.96918729032132, 37.534147745379876], [126.96945775282494, 37.53431458408743], [126.97026757727676, 37.535536170487305], [126.97049369825498, 37.535994961042285], [126.97061823638838, 37.536268964090326], [126.97077161052468, 37.53668194936321], [126.97085899299894, 37.538238366505034], [126.97086047707982, 37.53893015987028], [126.97086040540353, 37.539139723587006], [126.97155748050628, 37.53934641964027], [126.97320795113419, 37.54031634100103], [126.97338334651785, 37.53982137957512], [126.97385822979737, 37.53798474070869], [126.97391374756329, 37.53776919561428], [126.97506849726349, 37.53537281654359], [126.97613392392995, 37.53456747065809], [126.9787837898104, 37.53468397810136], [126.98060490323726, 37.53470956815134]]]]}}, {"type": "Feature", "properties": {"adm_cd": "11030510", "공식adm_nm": "서울특별시 용산구 후암동", "행정동": "후암동", "주센터번호": 9016, "주센터명": "용산", "운영센터": "9016", "분할비중": "9016(100.0%)", "센터수": 1, "단독": 5232, "공동": 3541, "영업": 506, "합계": 9279, "is_downtown": false, "난이도점수": 15523}, "geometry": {"type": "MultiPolygon", "coordinates": [[[[126.98542709369815, 37.553744426992886], [126.98781141729891, 37.551491980275394], [126.9873735964717, 37.54950485781342], [126.9860321445812, 37.5478461760748], [126.9839886972747, 37.546626074687765], [126.9838004560955, 37.54652835678399], [126.98361215154976, 37.54651210232021], [126.97850587551711, 37.54604466997206], [126.97510790768881, 37.54550531320784], [126.97429419804942, 37.547529728291984], [126.97440967490363, 37.54897713354278], [126.97514558580065, 37.55113497136638], [126.97578726298318, 37.55225493133795], [126.97665865287809, 37.55270834462548], [126.97649010238855, 37.55313461051958], [126.97649505680934, 37.553242861939424], [126.97655435903368, 37.554468891442106], [126.97656322762094, 37.554614029850704], [126.97657849539856, 37.55486322576352], [126.97662802818523, 37.55496270544252], [126.97673372437902, 37.55502626831344], [126.97692598220111, 37.555056414039605], [126.97695661934674, 37.55504659887737], [126.97705080029189, 37.55501640626198], [126.97715435141639, 37.554981937605824], [126.97841458160923, 37.55427319275102], [126.97982937775562, 37.55341526609197], [126.98083910613144, 37.55392559223424], [126.98148019856227, 37.55392390264949], [126.9825657931835, 37.553595166057264], [126.9830674398687, 37.55340364998983], [126.98374355150712, 37.55303585175674], [126.98414724485824, 37.553067703203126], [126.98446914066939, 37.55309310303041], [126.98487525605842, 37.553304439191265], [126.98542709369815, 37.553744426992886]]]]}}, {"type": "Feature", "properties": {"adm_cd": "11060910", "공식adm_nm": "서울특별시 동대문구 답십리1동", "행정동": "답십리제1동", "주센터번호": 9018, "주센터명": "장안", "운영센터": "9018", "분할비중": "9018(100.0%)", "센터수": 1, "단독": 3609, "공동": 11291, "영업": 671, "합계": 15571, "is_downtown": false, "난이도점수": 20522}, "geometry": {"type": "MultiPolygon", "coordinates": [[[[127.05763237977045, 37.575355674734475], [127.05759116671737, 37.57489030382627], [127.05753148630264, 37.57421068886417], [127.05699341797404, 37.568019741341644], [127.05683738421988, 37.563766008740934], [127.04865725875221, 37.569866394619694], [127.0421804638618, 37.573020962025055], [127.04491587371984, 37.57735460914232], [127.04552287227408, 37.57402310568241], [127.0472246338965, 37.57281395166385], [127.04834978908453, 37.57413648344375], [127.05068915492119, 37.57425227975125], [127.05133021661926, 37.573884045735504], [127.052231615643, 37.573367912139055], [127.05422777395616, 37.573575204619104], [127.05763237977045, 37.575355674734475]]]]}}, {"type": "Feature", "properties": {"adm_cd": "11060860", "공식adm_nm": "서울특별시 동대문구 답십리2동", "행정동": "답십리제2동", "주센터번호": 9018, "주센터명": "장안", "운영센터": "9018", "분할비중": "9018(100.0%)", "센터수": 1, "단독": 4344, "공동": 7836, "영업": 511, "합계": 12691, "is_downtown": false, "난이도점수": 18057}, "geometry": {"type": "MultiPolygon", "coordinates": [[[[127.06631434643819, 37.5727605629268], [127.06517937644334, 37.570882708786044], [127.06484656804092, 37.57042404962195], [127.06440767023567, 37.56983204638322], [127.06402142652229, 37.56931459905559], [127.062649886709, 37.56748767170555], [127.06224040407987, 37.56695435779709], [127.06114169745787, 37.56556220016016], [127.06087980992748, 37.56532913870528], [127.05777460007234, 37.56301909685817], [127.05683738421988, 37.563766008740934], [127.05699341797404, 37.568019741341644], [127.05753148630264, 37.57421068886417], [127.05759116671737, 37.57489030382627], [127.05763237977045, 37.575355674734475], [127.0600486911803, 37.57548085967457], [127.06151164518516, 37.57585472714365], [127.06438686834935, 37.57644223500328], [127.06701041730703, 37.57659947571062], [127.06701809069051, 37.5765138829786], [127.06631434643819, 37.5727605629268]]]]}}, {"type": "Feature", "properties": {"adm_cd": "11060870", "공식adm_nm": "서울특별시 동대문구 장안1동", "행정동": "장안제1동", "주센터번호": 9018, "주센터명": "장안", "운영센터": "9018", "분할비중": "9018(100.0%)", "센터수": 1, "단독": 5423, "공동": 14345, "영업": 1280, "합계": 21048, "is_downtown": false, "난이도점수": 29031}, "geometry": {"type": "MultiPolygon", "coordinates": [[[[127.0785759598423, 37.57186080820366], [127.07820034848703, 37.57094459708917], [127.07777704177431, 37.57007891500324], [127.07685916932012, 37.56843855225528], [127.07584812569972, 37.56663673099034], [127.07210166150507, 37.560045607394635], [127.07070732516381, 37.56058360964269], [127.06969085652025, 37.560753419335406], [127.06891635293162, 37.56086882865116], [127.06554571346348, 37.56134570763973], [127.06550418451525, 37.56114736134133], [127.0633071391025, 37.56148372542138], [127.05938850972849, 37.56223137955729], [127.05905330527045, 37.56231181295948], [127.05870709641759, 37.56245811550777], [127.05820309972704, 37.56271987461578], [127.05814340859769, 37.562761338675664], [127.05777460007234, 37.56301909685817], [127.06087980992748, 37.56532913870528], [127.06114169745787, 37.56556220016016], [127.06224040407987, 37.56695435779709], [127.062649886709, 37.56748767170555], [127.06402142652229, 37.56931459905559], [127.06440767023567, 37.56983204638322], [127.06484656804092, 37.57042404962195], [127.06517937644334, 37.570882708786044], [127.06631434643819, 37.5727605629268], [127.07094453041051, 37.57240454886127], [127.07141368765447, 37.57180347674947], [127.07136247494083, 37.571724421859635], [127.07107697024173, 37.57128173278679], [127.07086509506067, 37.57095308799014], [127.07012997213035, 37.56980344644208], [127.06910238696754, 37.56819529812215], [127.06878016225556, 37.56769000573443], [127.07145779832133, 37.567619718650754], [127.07191356064665, 37.56769965169394], [127.07244092964413, 37.56779394214856], [127.0738431000045, 37.57049855411257], [127.0744472801224, 37.57215809052133], [127.07534367552122, 37.57209484302141], [127.0785759598423, 37.57186080820366]]]]}}, {"type": "Feature", "properties": {"adm_cd": "11060880", "공식adm_nm": "서울특별시 동대문구 장안2동", "행정동": "장안제2동", "주센터번호": 9018, "주센터명": "장안", "운영센터": "9018", "분할비중": "9018(100.0%)", "센터수": 1, "단독": 4135, "공동": 10838, "영업": 1087, "합계": 16060, "is_downtown": false, "난이도점수": 22369}, "geometry": {"type": "MultiPolygon", "coordinates": [[[[127.07722920871768, 37.58098209184888], [127.07831817872241, 37.57678350648899], [127.07864451029816, 37.5726328332364], [127.0785759598423, 37.57186080820366], [127.07534367552122, 37.57209484302141], [127.0744472801224, 37.57215809052133], [127.0738431000045, 37.57049855411257], [127.07244092964413, 37.56779394214856], [127.07191356064665, 37.56769965169394], [127.07145779832133, 37.567619718650754], [127.06878016225556, 37.56769000573443], [127.06910238696754, 37.56819529812215], [127.07012997213035, 37.56980344644208], [127.07086509506067, 37.57095308799014], [127.07107697024173, 37.57128173278679], [127.07136247494083, 37.571724421859635], [127.07141368765447, 37.57180347674947], [127.07094453041051, 37.57240454886127], [127.06631434643819, 37.5727605629268], [127.06701809069051, 37.5765138829786], [127.06701041730703, 37.57659947571062], [127.06767398363709, 37.57875951799137], [127.06838454722138, 37.58225260894428], [127.06868493390171, 37.58227961434974], [127.06910759432284, 37.58216755032503], [127.07301005706009, 37.581409748511064], [127.0734614469111, 37.58132575240656], [127.07415089645168, 37.581200926298585], [127.0750458044174, 37.58104528881048], [127.07534620042098, 37.580999049092014], [127.07550554165144, 37.58098497530478], [127.07609378045882, 37.58098370915437], [127.07722920871768, 37.58098209184888]]]]}}, {"type": "Feature", "properties": {"adm_cd": "11070710", "공식adm_nm": "서울특별시 중랑구 면목본동", "행정동": "면목본동", "주센터번호": 9019, "주센터명": "상봉", "운영센터": "9019", "분할비중": "9019(100.0%)", "센터수": 1, "단독": 11801, "공동": 6923, "영업": 663, "합계": 19387, "is_downtown": false, "난이도점수": 32514}, "geometry": {"type": "MultiPolygon", "coordinates": [[[[127.09362568774866, 37.58974573729007], [127.09377250671379, 37.58930334413929], [127.09461188485334, 37.586735136596054], [127.09488110795095, 37.585908055033684], [127.09460783577252, 37.58539324134822], [127.094555298755, 37.585295066372325], [127.09422722870171, 37.584697895756115], [127.09369828860811, 37.583692190108515], [127.09309837580204, 37.5837453411226], [127.09240430433921, 37.58380942092422], [127.09011818941826, 37.58400800355089], [127.08566986123229, 37.58438762505244], [127.08432921416126, 37.584500085914044], [127.0840558561704, 37.584520529981575], [127.08352965394475, 37.58443533598752], [127.08408607810802, 37.58761225972579], [127.08676825014368, 37.59276612887307], [127.08787484275875, 37.59300681409849], [127.09319897355861, 37.59414612035095], [127.09362568774866, 37.58974573729007]]]]}}, {"type": "Feature", "properties": {"adm_cd": "11070520", "공식adm_nm": "서울특별시 중랑구 면목2동", "행정동": "면목제2동", "주센터번호": 9019, "주센터명": "상봉", "운영센터": "9019", "분할비중": "9019(100.0%)", "센터수": 1, "단독": 7559, "공동": 5459, "영업": 576, "합계": 13594, "is_downtown": false, "난이도점수": 22305}, "geometry": {"type": "MultiPolygon", "coordinates": [[[[127.08676825014368, 37.59276612887307], [127.08408607810802, 37.58761225972579], [127.0736755995005, 37.585354422524226], [127.07162554913891, 37.58794738624849], [127.07072007954939, 37.59091177981982], [127.07865375269841, 37.59296500609481], [127.07902716282108, 37.59216302450955], [127.08012220035813, 37.59156414965205], [127.08429523300018, 37.59224162675861], [127.08676825014368, 37.59276612887307]]]]}}, {"type": "Feature", "properties": {"adm_cd": "11070550", "공식adm_nm": "서울특별시 중랑구 면목5동", "행정동": "면목제5동", "주센터번호": 9019, "주센터명": "상봉", "운영센터": "9019", "분할비중": "9019(100.0%)", "센터수": 1, "단독": 3160, "공동": 3481, "영업": 214, "합계": 6855, "is_downtown": false, "난이도점수": 10443}, "geometry": {"type": "MultiPolygon", "coordinates": [[[[127.08352965394475, 37.58443533598752], [127.08339012303948, 37.58114714130743], [127.07961010061065, 37.57738413200833], [127.07865995363576, 37.57692668926768], [127.07831817872241, 37.57678350648899], [127.07722920871768, 37.58098209184888], [127.0736755995005, 37.585354422524226], [127.08408607810802, 37.58761225972579], [127.08352965394475, 37.58443533598752]]]]}}, {"type": "Feature", "properties": {"adm_cd": "11070600", "공식adm_nm": "서울특별시 중랑구 상봉2동", "행정동": "상봉제2동", "주센터번호": 9019, "주센터명": "상봉", "운영센터": "9019", "분할비중": "9019(100.0%)", "센터수": 1, "단독": 6560, "공동": 8476, "영업": 813, "합계": 15849, "is_downtown": false, "난이도점수": 24035}, "geometry": {"type": "MultiPolygon", "coordinates": [[[[127.09319897355861, 37.59414612035095], [127.08787484275875, 37.59300681409849], [127.08676825014368, 37.59276612887307], [127.08429523300018, 37.59224162675861], [127.08012220035813, 37.59156414965205], [127.07902716282108, 37.59216302450955], [127.07865375269841, 37.59296500609481], [127.07072007954939, 37.59091177981982], [127.07035500238065, 37.59247539290009], [127.08028140672144, 37.594999997548236], [127.08052289864735, 37.59505798427499], [127.0812909538832, 37.59524241380746], [127.08252544051676, 37.59553972417762], [127.08491432055001, 37.59619964343527], [127.08553826459752, 37.59637507389674], [127.08640280075251, 37.596619216652364], [127.08935692045513, 37.597343587866504], [127.09278893391367, 37.59816366073138], [127.09319897355861, 37.59414612035095]]]]}}, {"type": "Feature", "properties": {"adm_cd": "11050540", "공식adm_nm": "서울특별시 광진구 군자동", "행정동": "군자동", "주센터번호": 9020, "주센터명": "성수", "운영센터": "9020", "분할비중": "9020(100.0%)", "센터수": 1, "단독": 9502, "공동": 3494, "영업": 787, "합계": 13783, "is_downtown": false, "난이도점수": 24859}, "geometry": {"type": "MultiPolygon", "coordinates": [[[[127.07793067303656, 37.557778284555845], [127.07866141571654, 37.55739392180736], [127.07914413276703, 37.55703636469454], [127.07915357633053, 37.55699532105758], [127.07919968343013, 37.556634244375445], [127.07615979137039, 37.550599432353366], [127.07614021322264, 37.550564163357194], [127.07612406428552, 37.5505350827356], [127.07518803317663, 37.548891176791535], [127.07425424053193, 37.54759712408184], [127.0740568206921, 37.54734047383357], [127.0716978673025, 37.54788152546347], [127.06749895994145, 37.54831126401998], [127.07369805120223, 37.55943959028697], [127.07793067303656, 37.557778284555845]]]]}}, {"type": "Feature", "properties": {"adm_cd": "11040650", "공식adm_nm": "서울특별시 성동구 성수1가1동", "행정동": "성수1가제1동", "주센터번호": 9020, "주센터명": "성수", "운영센터": "9020", "분할비중": "9020(100.0%)", "센터수": 1, "단독": 3274, "공동": 4105, "영업": 404, "합계": 7783, "is_downtown": false, "난이도점수": 11865}, "geometry": {"type": "MultiPolygon", "coordinates": [[[[127.04958480929557, 37.54417130147217], [127.05188271435695, 37.54347360992696], [127.05116223915832, 37.54221686631605], [127.05112317932534, 37.54214622302342], [127.05106983843733, 37.54204973771433], [127.05105170940483, 37.54200979293182], [127.05100911514165, 37.54191320423435], [127.05064656579958, 37.540787387126954], [127.05062645418656, 37.54072083579392], [127.05057463159301, 37.54054762381791], [127.05055155038964, 37.54047042519918], [127.05045678149784, 37.540110649836116], [127.05044977057723, 37.54006421246352], [127.05044327570229, 37.5400204360471], [127.0508350969403, 37.53729975821338], [127.05044822320049, 37.536705754115566], [127.0497573583354, 37.5346559218743], [127.04905842559162, 37.53255215318234], [127.0466687094521, 37.53399972541588], [127.04030826655517, 37.53589720772733], [127.03590109303501, 37.53583818563624], [127.0359933458155, 37.53788596932773], [127.03340092626073, 37.54130204923873], [127.03150430959413, 37.54250627759402], [127.0308927768987, 37.54526464780066], [127.03099849176064, 37.545628591955804], [127.03109362490015, 37.54595610640449], [127.03091247766929, 37.54605535584055], [127.03074858487874, 37.54614514627833], [127.03039827886207, 37.546271069569954], [127.03122135428879, 37.54656823300262], [127.0311645405379, 37.546284263716146], [127.03112122640017, 37.546067758292914], [127.03436067901478, 37.54543273055107], [127.03558559640518, 37.54631073924196], [127.03640736088762, 37.54717250606666], [127.0364986472096, 37.54728440671601], [127.03671912682117, 37.54755680418898], [127.03918327738201, 37.54689831949639], [127.04358839825532, 37.545963375584506], [127.04380105402142, 37.545988107534015], [127.04396935797136, 37.546226724545434], [127.04475988904142, 37.54621411307204], [127.04539192589242, 37.546138257551604], [127.0467759478108, 37.545702994203864], [127.04735595980603, 37.54548777226001], [127.04911689270872, 37.54481381067334], [127.04958480929557, 37.54417130147217]]]]}}, {"type": "Feature", "properties": {"adm_cd": "11040660", "공식adm_nm": "서울특별시 성동구 성수1가2동", "행정동": "성수1가제2동", "주센터번호": 9020, "주센터명": "성수", "운영센터": "9020", "분할비중": "9020(100.0%)", "센터수": 1, "단독": 3068, "공동": 4616, "영업": 966, "합계": 8650, "is_downtown": false, "난이도점수": 13650}, "geometry": {"type": "MultiPolygon", "coordinates": [[[[127.049335021649, 37.55263967734592], [127.0525163498266, 37.5516884576043], [127.05218251494423, 37.550837696834215], [127.04958480929557, 37.54417130147217], [127.04911689270872, 37.54481381067334], [127.04735595980603, 37.54548777226001], [127.0467759478108, 37.545702994203864], [127.04539192589242, 37.546138257551604], [127.04475988904142, 37.54621411307204], [127.04396935797136, 37.546226724545434], [127.04380105402142, 37.545988107534015], [127.04358839825532, 37.545963375584506], [127.03918327738201, 37.54689831949639], [127.03671912682117, 37.54755680418898], [127.0364986472096, 37.54728440671601], [127.03640736088762, 37.54717250606666], [127.03558559640518, 37.54631073924196], [127.03436067901478, 37.54543273055107], [127.03112122640017, 37.546067758292914], [127.0311645405379, 37.546284263716146], [127.03122135428879, 37.54656823300262], [127.03236145177345, 37.546717083562584], [127.0324952299345, 37.546748092507094], [127.03437626488132, 37.548159380236065], [127.04006168024185, 37.551330759872535], [127.04046478483485, 37.55249730329997], [127.04005133179066, 37.55277151137264], [127.03983477004536, 37.55291511357612], [127.04176088549319, 37.55270414946288], [127.04449716779874, 37.55300531481577], [127.04664035427577, 37.553020323521324], [127.04669416382184, 37.55301489667452], [127.0469071972007, 37.55299270286497], [127.04700709831772, 37.55298223842148], [127.04793401729852, 37.55288444482588], [127.04800474835392, 37.55287683059181], [127.049335021649, 37.55263967734592]]]]}}, {"type": "Feature", "properties": {"adm_cd": "11040670", "공식adm_nm": "서울특별시 성동구 성수2가1동", "행정동": "성수2가제1동", "주센터번호": 9020, "주센터명": "성수", "운영센터": "9020", "분할비중": "9020(100.0%)", "센터수": 1, "단독": 5032, "공동": 3162, "영업": 738, "합계": 8932, "is_downtown": false, "난이도점수": 15440}, "geometry": {"type": "MultiPolygon", "coordinates": [[[[127.06282631183319, 37.540186250212805], [127.05656656376357, 37.52910117290873], [127.04905842559162, 37.53255215318234], [127.0497573583354, 37.5346559218743], [127.05044822320049, 37.536705754115566], [127.0508350969403, 37.53729975821338], [127.05044327570229, 37.5400204360471], [127.05044977057723, 37.54006421246352], [127.05045678149784, 37.540110649836116], [127.05055155038964, 37.54047042519918], [127.05057463159301, 37.54054762381791], [127.05062645418656, 37.54072083579392], [127.05064656579958, 37.540787387126954], [127.05100911514165, 37.54191320423435], [127.05105170940483, 37.54200979293182], [127.05106983843733, 37.54204973771433], [127.05112317932534, 37.54214622302342], [127.05116223915832, 37.54221686631605], [127.05188271435695, 37.54347360992696], [127.06282631183319, 37.540186250212805]]]]}}, {"type": "Feature", "properties": {"adm_cd": "11040680", "공식adm_nm": "서울특별시 성동구 성수2가3동", "행정동": "성수2가제3동", "주센터번호": 9020, "주센터명": "성수", "운영센터": "9020", "분할비중": "9020(100.0%)", "센터수": 1, "단독": 1835, "공동": 3193, "영업": 1341, "합계": 6369, "is_downtown": false, "난이도점수": 10886}, "geometry": {"type": "MultiPolygon", "coordinates": [[[[127.06749895994145, 37.54831126401998], [127.06394339377985, 37.542150944448245], [127.06282631183319, 37.540186250212805], [127.05188271435695, 37.54347360992696], [127.04958480929557, 37.54417130147217], [127.05218251494423, 37.550837696834215], [127.05458135239277, 37.55009185937717], [127.05608779869293, 37.54948686654708], [127.05643031347346, 37.54935858438055], [127.05668701599586, 37.54926265308307], [127.05726068051915, 37.54904960765292], [127.05737117056475, 37.54900919965196], [127.05829402740426, 37.54874815549424], [127.05865409907248, 37.54864696226986], [127.05925228421832, 37.54850908141242], [127.06004418925812, 37.54832653637904], [127.06112531189929, 37.54820775220594], [127.06205552677547, 37.54812107073568], [127.06225374622827, 37.5481026511114], [127.06310712406085, 37.548088906853195], [127.06658513393742, 37.548256086411406], [127.06749895994145, 37.54831126401998]]]]}}, {"type": "Feature", "properties": {"adm_cd": "11040690", "공식adm_nm": "서울특별시 성동구 송정동", "행정동": "송정동", "주센터번호": 9020, "주센터명": "성수", "운영센터": "9020", "분할비중": "9020(100.0%)", "센터수": 1, "단독": 4627, "공동": 1498, "영업": 200, "합계": 6325, "is_downtown": false, "난이도점수": 11352}, "geometry": {"type": "MultiPolygon", "coordinates": [[[[127.07369805120223, 37.55943959028697], [127.06749895994145, 37.54831126401998], [127.06658513393742, 37.548256086411406], [127.06310712406085, 37.548088906853195], [127.06225374622827, 37.5481026511114], [127.06205552677547, 37.54812107073568], [127.06112531189929, 37.54820775220594], [127.06004418925812, 37.54832653637904], [127.05925228421832, 37.54850908141242], [127.05865409907248, 37.54864696226986], [127.05829402740426, 37.54874815549424], [127.05737117056475, 37.54900919965196], [127.05726068051915, 37.54904960765292], [127.05668701599586, 37.54926265308307], [127.05643031347346, 37.54935858438055], [127.05608779869293, 37.54948686654708], [127.05458135239277, 37.55009185937717], [127.05218251494423, 37.550837696834215], [127.0525163498266, 37.5516884576043], [127.05392401741202, 37.55139971807555], [127.05425776368331, 37.551312546852145], [127.05477442602276, 37.55117758984911], [127.05671574087881, 37.550624929170006], [127.05860484375452, 37.550040493953446], [127.05875284916027, 37.54999522239914], [127.05966384394245, 37.54971658115314], [127.05979563217763, 37.54968552522511], [127.05985355245781, 37.54967258230506], [127.06047507017395, 37.549654256498435], [127.06098727033348, 37.5496663022009], [127.06135917283967, 37.54971275197306], [127.06219220643999, 37.549818394109806], [127.06241618913819, 37.549847370013225], [127.06295201125232, 37.550054412152356], [127.06321304677677, 37.550184947442176], [127.06337754378308, 37.55026786281072], [127.0634335079133, 37.55029621446428], [127.06354321262809, 37.550351791795904], [127.06390585270307, 37.55065395799113], [127.06408258266873, 37.55080220609555], [127.06495023963588, 37.551867874927204], [127.06539779314474, 37.55265708027173], [127.06554557389494, 37.5529178894797], [127.0664205559591, 37.55407145598665], [127.06837631653559, 37.556408614605516], [127.06871645483817, 37.556735813255834], [127.06876211235691, 37.556779731620445], [127.06926090544273, 37.55725911535126], [127.06935713369636, 37.557351214922235], [127.06951144178437, 37.55749888718865], [127.07180491954176, 37.55945407634461], [127.07369805120223, 37.55943959028697]]]]}}, {"type": "Feature", "properties": {"adm_cd": "11080660", "공식adm_nm": "서울특별시 성북구 길음1동", "행정동": "길음제1동", "주센터번호": 9021, "주센터명": "정릉", "운영센터": "9021", "분할비중": "9021(100.0%)", "센터수": 1, "단독": 0, "공동": 702, "영업": 11, "합계": 713, "is_downtown": false, "난이도점수": 735}, "geometry": {"type": "MultiPolygon", "coordinates": [[[[127.02202954651389, 37.6122870292313], [127.02223498056777, 37.61126924609166], [127.02223688671735, 37.61120400569231], [127.02292853527162, 37.60919680268679], [127.02375635893193, 37.60682454741243], [127.02421597540292, 37.60555946087975], [127.02459361677872, 37.604993380298666], [127.02490652421785, 37.604531332224184], [127.02505608133829, 37.6043210109866], [127.02511441812025, 37.60424035924436], [127.02530294809728, 37.60398874174101], [127.02534937084684, 37.60392696113989], [127.02544893109807, 37.60379498129844], [127.02549003923038, 37.60374049817273], [127.02596662810726, 37.603178913676025], [127.02163932983338, 37.60156623588291], [127.01948731621277, 37.602378951455194], [127.01777220607043, 37.603835402932035], [127.01640422452637, 37.607661636402554], [127.01576500552208, 37.609964384207935], [127.01460117025832, 37.61194574642967], [127.01443272929195, 37.613571909215075], [127.01525314051852, 37.61480787300652], [127.01631096469228, 37.6149609826272], [127.01764268619957, 37.61457097936298], [127.01925833172508, 37.61375284532067], [127.01979236725089, 37.61325566768179], [127.0203809793716, 37.612618343513255], [127.02047915749033, 37.612547761868484], [127.02060540032623, 37.61251785451325], [127.02066709616206, 37.612503458332654], [127.02202954651389, 37.6122870292313]]]]}}, {"type": "Feature", "properties": {"adm_cd": "11080590", "공식adm_nm": "서울특별시 성북구 돈암2동", "행정동": "돈암제2동", "주센터번호": 9021, "주센터명": "정릉", "운영센터": "9021", "분할비중": "9021(100.0%)", "센터수": 1, "단독": 122, "공동": 8066, "영업": 159, "합계": 8347, "is_downtown": false, "난이도점수": 8787}, "geometry": {"type": "MultiPolygon", "coordinates": [[[[127.01408157595094, 37.60081316063695], [127.01392471559858, 37.600677979362494], [127.01878314483186, 37.598476537689045], [127.01972251507519, 37.59728835527324], [127.01948795282968, 37.597104860427315], [127.01823464416789, 37.596907089006834], [127.01615186547413, 37.59688166875826], [127.01505646260509, 37.59841135863238], [127.01401693001189, 37.59833035139047], [127.01333991388289, 37.59825817630806], [127.01288712800577, 37.59820560966027], [127.01266980804769, 37.59668031379479], [127.01306602366157, 37.59578915031513], [127.01342334727089, 37.59523113291316], [127.01154474348851, 37.5939659879073], [127.009531179565, 37.59206377620859], [127.00748865703551, 37.59163156262305], [127.00722507080704, 37.59185751731858], [127.00746989055321, 37.592224118895345], [127.00748601155009, 37.59224784644478], [127.00765736060053, 37.59245925047056], [127.00769550033311, 37.592472929717374], [127.00782827414697, 37.59252193068152], [127.00815068931004, 37.592693403345564], [127.0081830693211, 37.59272170527141], [127.00842256983653, 37.59312042099191], [127.00850173470265, 37.5941077221173], [127.00841913813329, 37.59460987722787], [127.00810279184311, 37.59555947666733], [127.00785074442034, 37.595989944109135], [127.00724635168568, 37.59649217460776], [127.00694833153273, 37.59659233112157], [127.00592046635414, 37.596675913691655], [127.00566742360748, 37.597262912945105], [127.00566189255696, 37.597340409793844], [127.00565565668349, 37.59742855305785], [127.00573355762742, 37.59763956826671], [127.00625637092953, 37.59823664297898], [127.00639060243255, 37.59838705272425], [127.00672392599866, 37.59873096114865], [127.01129758729975, 37.599729067470655], [127.01122775336367, 37.60019742251565], [127.01134127623209, 37.600843533485055], [127.01155497022782, 37.60118805500854], [127.01247316375449, 37.60186109848646], [127.01254891983812, 37.60189054279769], [127.01261087852643, 37.601914621173265], [127.01298448374479, 37.601952217178294], [127.01308046674956, 37.601944438041635], [127.0131431708272, 37.60193935176454], [127.013241908454, 37.601891311868755], [127.01347355353491, 37.60165566457284], [127.01385990161944, 37.601150251312], [127.01408157595094, 37.60081316063695]]]]}}, {"type": "Feature", "properties": {"adm_cd": "11080830", "공식adm_nm": "서울특별시 성북구 동선동", "행정동": "동선동", "주센터번호": 9021, "주센터명": "정릉", "운영센터": "9021+9011", "분할비중": "9021(61.6%)+9011(38.4%)", "센터수": 2, "단독": 5716, "공동": 4494, "영업": 1167, "합계": 11377, "is_downtown": false, "난이도점수": 19427}, "geometry": {"type": "MultiPolygon", "coordinates": [[[[127.01972251507519, 37.59728835527324], [127.0214774279756, 37.59710456087421], [127.02197100358329, 37.59698199710696], [127.02207817191095, 37.596600436220314], [127.02253071700534, 37.595700973547814], [127.02256905109591, 37.59563882321949], [127.02448729667191, 37.594303902427306], [127.0247919443478, 37.5941575342839], [127.02499323891088, 37.59412913921373], [127.02446432747603, 37.59357372102119], [127.0238820568131, 37.592512293961256], [127.02384042695978, 37.59239523065813], [127.02378817012075, 37.59224827193234], [127.0237074925849, 37.59124294718458], [127.02372981599027, 37.59096249373137], [127.02211361923382, 37.58907327628792], [127.02190105884209, 37.58910170920575], [127.02162614447617, 37.589138902493296], [127.02132571618698, 37.58918049839718], [127.02017856845785, 37.58933695605252], [127.0196613301812, 37.589406961660174], [127.0189641329387, 37.588828332448735], [127.01860352659924, 37.58910182653417], [127.01798245664055, 37.589573624559364], [127.01779463684363, 37.5897170725523], [127.01772070165158, 37.58977529839365], [127.01769217351526, 37.58979777493047], [127.01707885980073, 37.5902857428878], [127.01699343037727, 37.590353715246344], [127.016960343256, 37.59042797682391], [127.0168613565029, 37.5908466968867], [127.01681788593869, 37.59103336404458], [127.01676805505627, 37.591257678633326], [127.01670171449533, 37.591559232095946], [127.01664388477568, 37.591823118927486], [127.01658353857918, 37.59209842896341], [127.01651185255926, 37.59242322046817], [127.01542396489253, 37.592415904558294], [127.01499591484675, 37.592375839277395], [127.0144122754883, 37.59230921788967], [127.01408028361094, 37.59219405686954], [127.01403309920686, 37.592177575316356], [127.01379632991078, 37.59209486633395], [127.01338203281786, 37.59187057203551], [127.01326149841545, 37.591805311647704], [127.01154474348851, 37.5939659879073], [127.01342334727089, 37.59523113291316], [127.01306602366157, 37.59578915031513], [127.01266980804769, 37.59668031379479], [127.01288712800577, 37.59820560966027], [127.01333991388289, 37.59825817630806], [127.01401693001189, 37.59833035139047], [127.01505646260509, 37.59841135863238], [127.01615186547413, 37.59688166875826], [127.01823464416789, 37.596907089006834], [127.01948795282968, 37.597104860427315], [127.01972251507519, 37.59728835527324]]]]}}, {"type": "Feature", "properties": {"adm_cd": "11080810", "공식adm_nm": "서울특별시 성북구 성북동", "행정동": "성북동", "주센터번호": 9021, "주센터명": "정릉", "운영센터": "9021", "분할비중": "9021(100.0%)", "센터수": 1, "단독": 4896, "공동": 3321, "영업": 679, "합계": 8896, "is_downtown": false, "난이도점수": 15150}, "geometry": {"type": "MultiPolygon", "coordinates": [[[[126.99955928591825, 37.601607725014446], [126.99979923907401, 37.60167149279376], [127.00064456776684, 37.60165272823399], [127.00094356949178, 37.60150081885615], [127.00096448002331, 37.60147572377177], [127.00114842601522, 37.60125494246454], [127.00292572951854, 37.59889641712006], [127.00293906047429, 37.597956823340056], [127.00470052771641, 37.59676892968124], [127.00592046635414, 37.596675913691655], [127.00694833153273, 37.59659233112157], [127.00724635168568, 37.59649217460776], [127.00785074442034, 37.595989944109135], [127.00810279184311, 37.59555947666733], [127.00841913813329, 37.59460987722787], [127.00850173470265, 37.5941077221173], [127.00842256983653, 37.59312042099191], [127.0081830693211, 37.59272170527141], [127.00815068931004, 37.592693403345564], [127.00782827414697, 37.59252193068152], [127.00769550033311, 37.592472929717374], [127.00765736060053, 37.59245925047056], [127.00748601155009, 37.59224784644478], [127.00746989055321, 37.592224118895345], [127.00722507080704, 37.59185751731858], [127.00748865703551, 37.59163156262305], [127.009531179565, 37.59206377620859], [127.01154474348851, 37.5939659879073], [127.01326149841545, 37.591805311647704], [127.0069579281718, 37.58869992213672], [127.00620704096526, 37.58837540521808], [127.00504469519163, 37.5879286409916], [127.00419481761703, 37.587950483032536], [127.00341987943762, 37.58835502962636], [127.00243049193739, 37.589057291639655], [127.0023856324952, 37.58910399946758], [127.00233781877856, 37.58915379544608], [127.00165825184047, 37.59010184631106], [127.0016981053348, 37.59060226050967], [127.00178699201844, 37.59086177213], [127.00191184305814, 37.591248750276485], [127.00168122801887, 37.591752530323944], [127.00158128513877, 37.591889637168485], [127.00155976727513, 37.5919187660639], [127.00094219429026, 37.59239265541499], [127.0007859970764, 37.59244503534296], [127.0006245265884, 37.592453365719116], [126.99937200507327, 37.59236681171857], [126.99897415865684, 37.59247115853041], [126.99874517862277, 37.592516379265064], [126.99853215476769, 37.59250646095414], [126.98913590308945, 37.59130668631862], [126.98907504810013, 37.59139446162827], [126.98947579208668, 37.5917950211998], [126.98910945071732, 37.59195341550092], [126.9887608091341, 37.59210400307576], [126.98752622820251, 37.592246800190104], [126.98647984078382, 37.59250646566558], [126.9857592771792, 37.59279401160435], [126.98532872580722, 37.59300572621492], [126.98528680814083, 37.593026356335294], [126.98522535985275, 37.5930571567418], [126.98467876724008, 37.593331231471026], [126.98427349619085, 37.593581837353476], [126.9840115836973, 37.59375538189762], [126.98386809792802, 37.59385046812643], [126.98337258456999, 37.59435192551688], [126.98268938649305, 37.5950655194224], [126.98265231541407, 37.59510477354859], [126.98235011484135, 37.59545290805664], [126.98219342381577, 37.59563342662802], [126.98201142589032, 37.59584331683295], [126.98156684734501, 37.59716526193013], [126.98156645105354, 37.59803838498007], [126.98156656448, 37.599143655277665], [126.98222759868916, 37.599284012692436], [126.98267369503064, 37.599378355563736], [126.98272390667428, 37.59938871484211], [126.98289737359873, 37.59939269279065], [126.98490852653961, 37.59943882994709], [126.98637468543951, 37.60007953917752], [126.98774119171668, 37.601215535765455], [126.98788760566613, 37.601336703119], [126.98947047115519, 37.602526594580475], [126.99392546573192, 37.60274858491162], [126.99443546365418, 37.60257387336773], [126.99493786520853, 37.60266278764521], [126.99513800530073, 37.60269744430057], [126.99520405592085, 37.60270034072641], [126.99525197435915, 37.602702438494426], [126.99541926878969, 37.60267386025694], [126.99728191432865, 37.602079036683456], [126.99955928591825, 37.601607725014446]]]]}}, {"type": "Feature", "properties": {"adm_cd": "11080620", "공식adm_nm": "서울특별시 성북구 정릉1동", "행정동": "정릉제1동", "주센터번호": 9021, "주센터명": "정릉", "운영센터": "9021", "분할비중": "9021(100.0%)", "센터수": 1, "단독": 2264, "공동": 5213, "영업": 277, "합계": 7754, "is_downtown": false, "난이도점수": 10572}, "geometry": {"type": "MultiPolygon", "coordinates": [[[[127.02163932983338, 37.60156623588291], [127.01878314483186, 37.598476537689045], [127.01392471559858, 37.600677979362494], [127.01408157595094, 37.60081316063695], [127.0134931245287, 37.60268109372458], [127.01348006351891, 37.602722654869176], [127.01342290189581, 37.60293770488041], [127.01331176819454, 37.60335628166465], [127.01474724839524, 37.605375567036994], [127.01579384556857, 37.607340725563844], [127.0158426014877, 37.60767736048324], [127.0154295478764, 37.609458068485864], [127.0152636978044, 37.60964347835232], [127.01498872977737, 37.60995086968779], [127.01469128663476, 37.61028314230453], [127.01434248015168, 37.61067153751501], [127.01357360784779, 37.61151675830042], [127.01341576729882, 37.611614128444266], [127.01443272929195, 37.613571909215075], [127.01460117025832, 37.61194574642967], [127.01576500552208, 37.609964384207935], [127.01640422452637, 37.607661636402554], [127.01777220607043, 37.603835402932035], [127.01948731621277, 37.602378951455194], [127.02163932983338, 37.60156623588291]]]]}}, {"type": "Feature", "properties": {"adm_cd": "11080630", "공식adm_nm": "서울특별시 성북구 정릉2동", "행정동": "정릉제2동", "주센터번호": 9021, "주센터명": "정릉", "운영센터": "9021", "분할비중": "9021(100.0%)", "센터수": 1, "단독": 2422, "공동": 7560, "영업": 311, "합계": 10293, "is_downtown": false, "난이도점수": 13337}, "geometry": {"type": "MultiPolygon", "coordinates": [[[[127.01408157595094, 37.60081316063695], [127.01385990161944, 37.601150251312], [127.01347355353491, 37.60165566457284], [127.013241908454, 37.601891311868755], [127.0131431708272, 37.60193935176454], [127.01308046674956, 37.601944438041635], [127.01298448374479, 37.601952217178294], [127.01261087852643, 37.601914621173265], [127.01254891983812, 37.60189054279769], [127.01247316375449, 37.60186109848646], [127.01155497022782, 37.60118805500854], [127.01134127623209, 37.600843533485055], [127.01122775336367, 37.60019742251565], [127.01129758729975, 37.599729067470655], [127.00672392599866, 37.59873096114865], [127.00639060243255, 37.59838705272425], [127.00625637092953, 37.59823664297898], [127.00573355762742, 37.59763956826671], [127.00565565668349, 37.59742855305785], [127.00566189255696, 37.597340409793844], [127.00566742360748, 37.597262912945105], [127.00592046635414, 37.596675913691655], [127.00470052771641, 37.59676892968124], [127.00293906047429, 37.597956823340056], [127.00292572951854, 37.59889641712006], [127.00114842601522, 37.60125494246454], [127.00096448002331, 37.60147572377177], [127.00094356949178, 37.60150081885615], [127.00064456776684, 37.60165272823399], [126.99979923907401, 37.60167149279376], [126.99955928591825, 37.601607725014446], [126.99930346133814, 37.602175511273174], [126.99913220028412, 37.60258489523706], [126.99910955562677, 37.60275021342902], [126.99908901901198, 37.60290018169072], [126.99906808673474, 37.60327640313356], [127.00027248549195, 37.60370970514013], [127.00272381122275, 37.60444670784714], [127.00460262767106, 37.60482127540113], [127.0042161763158, 37.606939562426064], [127.00363234813247, 37.607738175565345], [127.00352578573074, 37.60789771541886], [127.00352341847416, 37.60804079341101], [127.00396437488355, 37.60847527352081], [127.00418973899393, 37.60868129375246], [127.00439205233559, 37.608606656229654], [127.00669357249438, 37.60729696154859], [127.00713008137446, 37.60703401626618], [127.00747470787941, 37.606796186679425], [127.00757823381625, 37.606679833644996], [127.00771051823514, 37.606311985511624], [127.00774782057854, 37.60623890708593], [127.00776790642523, 37.60619955715894], [127.00796192660859, 37.60598404419698], [127.00935132175299, 37.606157703727455], [127.00937512191555, 37.606653540701], [127.00936233811592, 37.60698360398919], [127.009355585595, 37.60714919746507], [127.00918957466642, 37.60795070125595], [127.00899869123883, 37.608660840385575], [127.00982889799623, 37.608349642294115], [127.01053049211727, 37.60809597840574], [127.01158142612012, 37.60840969646697], [127.01161483302529, 37.60957302861352], [127.01197591563262, 37.610277137854744], [127.01341576729882, 37.611614128444266], [127.01357360784779, 37.61151675830042], [127.01434248015168, 37.61067153751501], [127.01469128663476, 37.61028314230453], [127.01498872977737, 37.60995086968779], [127.0152636978044, 37.60964347835232], [127.0154295478764, 37.609458068485864], [127.0158426014877, 37.60767736048324], [127.01579384556857, 37.607340725563844], [127.01474724839524, 37.605375567036994], [127.01331176819454, 37.60335628166465], [127.01342290189581, 37.60293770488041], [127.01348006351891, 37.602722654869176], [127.0134931245287, 37.60268109372458], [127.01408157595094, 37.60081316063695]]]]}}, {"type": "Feature", "properties": {"adm_cd": "11080640", "공식adm_nm": "서울특별시 성북구 정릉3동", "행정동": "정릉제3동", "주센터번호": 9021, "주센터명": "정릉", "운영센터": "9021", "분할비중": "9021(100.0%)", "센터수": 1, "단독": 4380, "공동": 3899, "영업": 381, "합계": 8660, "is_downtown": false, "난이도점수": 13802}, "geometry": {"type": "MultiPolygon", "coordinates": [[[[127.00899869123883, 37.608660840385575], [127.00918957466642, 37.60795070125595], [127.009355585595, 37.60714919746507], [127.00936233811592, 37.60698360398919], [127.00937512191555, 37.606653540701], [127.00935132175299, 37.606157703727455], [127.00796192660859, 37.60598404419698], [127.00776790642523, 37.60619955715894], [127.00774782057854, 37.60623890708593], [127.00771051823514, 37.606311985511624], [127.00757823381625, 37.606679833644996], [127.00747470787941, 37.606796186679425], [127.00713008137446, 37.60703401626618], [127.00669357249438, 37.60729696154859], [127.00439205233559, 37.608606656229654], [127.00418973899393, 37.60868129375246], [127.00396437488355, 37.60847527352081], [127.00352341847416, 37.60804079341101], [127.00352578573074, 37.60789771541886], [127.00363234813247, 37.607738175565345], [127.0042161763158, 37.606939562426064], [127.00460262767106, 37.60482127540113], [127.00272381122275, 37.60444670784714], [127.00027248549195, 37.60370970514013], [126.99906808673474, 37.60327640313356], [126.99908901901198, 37.60290018169072], [126.99910955562677, 37.60275021342902], [126.99913220028412, 37.60258489523706], [126.99930346133814, 37.602175511273174], [126.99955928591825, 37.601607725014446], [126.99728191432865, 37.602079036683456], [126.99541926878969, 37.60267386025694], [126.99525197435915, 37.602702438494426], [126.99520405592085, 37.60270034072641], [126.99513800530073, 37.60269744430057], [126.99493786520853, 37.60266278764521], [126.99443546365418, 37.60257387336773], [126.99392546573192, 37.60274858491162], [126.98947047115519, 37.602526594580475], [126.98788760566613, 37.601336703119], [126.98774119171668, 37.601215535765455], [126.98658928177832, 37.605125556935], [126.98619440532723, 37.60627838883232], [126.98590060366917, 37.607136114327645], [126.9859576470348, 37.60810754856135], [126.9859737283335, 37.60837689415817], [126.98599891423133, 37.608798380636635], [126.98627148445792, 37.60993863667942], [126.98677169878638, 37.610401056555325], [126.98695966068111, 37.610574822159755], [126.98706809277698, 37.61355197137194], [126.98669703273053, 37.61468379283732], [126.98534132186184, 37.61554542739917], [126.9845404034313, 37.6158716506272], [126.9839756453184, 37.61610167384227], [126.98324329383502, 37.61631929720405], [126.98280587465077, 37.61669368915809], [126.982019193894, 37.61871274006239], [126.98180053290709, 37.619305416285336], [126.98208449776982, 37.61992295343913], [126.98137361379459, 37.62173377522716], [126.9808700629808, 37.62275225912288], [126.98017111102541, 37.623552567336695], [126.97920868855883, 37.62457121153248], [126.97943770306833, 37.62695639142639], [126.97948350377727, 37.62716032283383], [126.97966645720429, 37.62797478525103], [126.98013297406834, 37.6283510868893], [126.98120299018146, 37.628348844508416], [126.98216314775037, 37.62747200481313], [126.9856071643942, 37.62362596235604], [126.98649486866171, 37.623073247868085], [126.99224556920258, 37.619225219954764], [126.99268236172747, 37.618871610412874], [126.9935266963475, 37.618118112253036], [126.99299339147534, 37.61780936662154], [126.9926346774356, 37.617029292750146], [126.99312417592095, 37.61492338783302], [126.99430293029094, 37.61330152612908], [126.99455517093703, 37.61317754582168], [126.99512704745094, 37.61322393422048], [126.99545649297622, 37.61341011800197], [126.99546740842571, 37.61349838786001], [126.99548603738334, 37.61364909949461], [126.99756056869847, 37.61549555785055], [126.99789716495414, 37.615673878514606], [126.99970865322636, 37.61663135946261], [127.00047716694482, 37.616717989121895], [127.00069381416729, 37.61672679274133], [127.000821269686, 37.61672958532287], [127.00251540177132, 37.61638859707697], [127.00275732728524, 37.61632940722625], [127.00291830810008, 37.61629002088515], [127.00575503827947, 37.61525976153065], [127.00799949757052, 37.612212402371455], [127.00899869123883, 37.608660840385575]]]]}}, {"type": "Feature", "properties": {"adm_cd": "11080650", "공식adm_nm": "서울특별시 성북구 정릉4동", "행정동": "정릉제4동", "주센터번호": 9021, "주센터명": "정릉", "운영센터": "9021", "분할비중": "9021(100.0%)", "센터수": 1, "단독": 2416, "공동": 8506, "영업": 426, "합계": 11348, "is_downtown": false, "난이도점수": 14616}, "geometry": {"type": "MultiPolygon", "coordinates": [[[[126.9931943091371, 37.63202771759241], [126.99324770843108, 37.63183462810404], [126.99333591642657, 37.63151569010014], [126.9940447945922, 37.62998634090821], [126.99410181928864, 37.62991910226745], [126.994156661622, 37.629898777885835], [126.99433331102733, 37.62983334083841], [126.99454937304873, 37.62982863325569], [126.99893594081585, 37.626878560602265], [127.00173864110356, 37.62570967564925], [127.00235772345248, 37.625595114238784], [127.0028982093342, 37.62537318900672], [127.00450145926443, 37.624438046883746], [127.00643574945495, 37.62434248169435], [127.00756885227354, 37.62402952543562], [127.00787567662418, 37.62390909317403], [127.00782360504725, 37.62331962548838], [127.00764719194864, 37.6228997667589], [127.00754328035329, 37.622653718169715], [127.00747692742655, 37.62255648415718], [127.0074422694983, 37.622505702244666], [127.0074066285229, 37.622471672116504], [127.0073747156479, 37.62244109615154], [127.00750592046539, 37.621016504456904], [127.00804582873634, 37.61936930494955], [127.00849368915605, 37.618574612104936], [127.00855682934258, 37.6185636263597], [127.00943902959517, 37.61816727344713], [127.01147023020268, 37.6164192501986], [127.0147523815127, 37.61559229237353], [127.01494118413659, 37.615418433841576], [127.01525314051852, 37.61480787300652], [127.01443272929195, 37.613571909215075], [127.01341576729882, 37.611614128444266], [127.01197591563262, 37.610277137854744], [127.01161483302529, 37.60957302861352], [127.01158142612012, 37.60840969646697], [127.01053049211727, 37.60809597840574], [127.00982889799623, 37.608349642294115], [127.00899869123883, 37.608660840385575], [127.00799949757052, 37.612212402371455], [127.00575503827947, 37.61525976153065], [127.00291830810008, 37.61629002088515], [127.00275732728524, 37.61632940722625], [127.00251540177132, 37.61638859707697], [127.000821269686, 37.61672958532287], [127.00069381416729, 37.61672679274133], [127.00047716694482, 37.616717989121895], [126.99970865322636, 37.61663135946261], [126.99789716495414, 37.615673878514606], [126.99756056869847, 37.61549555785055], [126.99548603738334, 37.61364909949461], [126.99546740842571, 37.61349838786001], [126.99545649297622, 37.61341011800197], [126.99512704745094, 37.61322393422048], [126.99455517093703, 37.61317754582168], [126.99430293029094, 37.61330152612908], [126.99312417592095, 37.61492338783302], [126.9926346774356, 37.617029292750146], [126.99299339147534, 37.61780936662154], [126.9935266963475, 37.618118112253036], [126.99268236172747, 37.618871610412874], [126.99224556920258, 37.619225219954764], [126.98649486866171, 37.623073247868085], [126.9856071643942, 37.62362596235604], [126.98216314775037, 37.62747200481313], [126.98120299018146, 37.628348844508416], [126.98013297406834, 37.6283510868893], [126.98049687592524, 37.62864543417669], [126.98050819494199, 37.62905446496829], [126.98009231237339, 37.62927233505253], [126.97952403531336, 37.6292022293406], [126.97821335697138, 37.62843593611979], [126.97667206133512, 37.6288448527654], [126.97635458028533, 37.629271579388], [126.97648554431467, 37.63008899733446], [126.97507466788086, 37.63138628651299], [126.97671708946329, 37.632625032711154], [126.97853512979675, 37.63384988645762], [126.98359478613389, 37.636454469730175], [126.98365727713588, 37.63646335550443], [126.98462538828213, 37.63656487056026], [126.98494619602492, 37.6361708227445], [126.985216797121, 37.63586329599211], [126.98560361977488, 37.63544473496523], [126.98605595915467, 37.63519545055517], [126.99182495642678, 37.63230811044217], [126.9931943091371, 37.63202771759241]]]]}}, {"type": "Feature", "properties": {"adm_cd": "11010600", "공식adm_nm": "서울특별시 종로구 가회동", "행정동": "가회동", "주센터번호": 9022, "주센터명": "서부", "운영센터": "9022", "분할비중": "9022(100.0%)", "센터수": 1, "단독": 1982, "공동": 261, "영업": 381, "합계": 2624, "is_downtown": false, "난이도점수": 5368}, "geometry": {"type": "MultiPolygon", "coordinates": [[[[126.98913590308945, 37.59130668631862], [126.98830836760723, 37.587469119033116], [126.98803085507372, 37.58554745777863], [126.98885909648946, 37.585495326154245], [126.98938671011977, 37.58369942750756], [126.98977235780139, 37.582320911004366], [126.98977388297557, 37.58225342940237], [126.98930023627912, 37.57738738356293], [126.98896557564436, 37.577374669331654], [126.98824012155258, 37.577367019793876], [126.98553316382565, 37.57667402546202], [126.98463962427503, 37.577342343203], [126.98403469536836, 37.578433706719785], [126.9829917870471, 37.58205705864077], [126.98286481989483, 37.5826063226581], [126.98284210401096, 37.58271776362089], [126.98283620716704, 37.58285406704333], [126.98284931592738, 37.58322799314754], [126.98291838651029, 37.583458326946825], [126.98371421781621, 37.5849704355389], [126.98446533234532, 37.585373689951126], [126.98497436228654, 37.58563328549675], [126.98533710003068, 37.586145890121195], [126.98579012895927, 37.58707512222899], [126.98595696428241, 37.587418359612826], [126.98601087423725, 37.588020241414476], [126.9860138742825, 37.58820164992095], [126.98621002796946, 37.58901596665143], [126.98789849580885, 37.5905567152052], [126.98907504810013, 37.59139446162827], [126.98913590308945, 37.59130668631862]]]]}}, {"type": "Feature", "properties": {"adm_cd": "11010580", "공식adm_nm": "서울특별시 종로구 교남동", "행정동": "교남동", "주센터번호": 9022, "주센터명": "서부", "운영센터": "9022", "분할비중": "9022(100.0%)", "센터수": 1, "단독": 1464, "공동": 3019, "영업": 179, "합계": 4662, "is_downtown": false, "난이도점수": 6484}, "geometry": {"type": "MultiPolygon", "coordinates": [[[[126.96904837001854, 37.56819441770833], [126.96801027119919, 37.567182514221514], [126.96792521742005, 37.56709695369099], [126.96733567672948, 37.56650376640693], [126.96729746629627, 37.56646554636408], [126.96719305150863, 37.56636085699477], [126.96713423029, 37.56630119278387], [126.96718646998274, 37.566255827643815], [126.96677353826367, 37.56579436403005], [126.9658121875202, 37.566669014627266], [126.96189826008306, 37.57065058360019], [126.9595707378107, 37.572961218450786], [126.96041454461106, 37.573029851720705], [126.9606917293308, 37.57322005562149], [126.96178383085044, 37.57513908653102], [126.96284099051198, 37.57666158609274], [126.9630860043451, 37.57648592001554], [126.96365922052196, 37.57517466066037], [126.96601094018429, 37.571548395577466], [126.96592699822128, 37.570318805686206], [126.96572852922577, 37.570183936115114], [126.9660973270804, 37.569856509723714], [126.96628175024485, 37.569700734798694], [126.9666499598212, 37.56949165520658], [126.96854493603384, 37.56842767961275], [126.96904837001854, 37.56819441770833]]]]}}, {"type": "Feature", "properties": {"adm_cd": "11020550", "공식adm_nm": "서울특별시 중구 명동", "행정동": "명동", "주센터번호": 9022, "주센터명": "서부", "운영센터": "9022+9003", "분할비중": "9022(89.5%)+9003(10.5%)", "센터수": 2, "단독": 556, "공동": 372, "영업": 1934, "합계": 2862, "is_downtown": true, "난이도점수": 7286}, "geometry": {"type": "MultiPolygon", "coordinates": [[[[126.9770344988775, 37.56919453005456], [126.97758408247257, 37.56924090399486], [126.97780271779051, 37.569249758081796], [126.98269213866654, 37.56889046468609], [126.98273180965134, 37.56888500509866], [126.98397029538161, 37.568687623946246], [126.98442232884796, 37.5686152378588], [126.98571700615338, 37.568376393740806], [126.98659924319325, 37.56821348455565], [126.98678729990505, 37.56820459472247], [126.98686118820655, 37.56820110321031], [126.9888983161631, 37.5681085386568], [126.98951624173209, 37.56814951948802], [126.99059203232972, 37.56822401178576], [126.99086878245063, 37.56824324248876], [126.99082883318091, 37.566826826740055], [126.99059547464512, 37.566182484345205], [126.98976070787944, 37.56613381211588], [126.98859336353007, 37.565248755936544], [126.98850770623399, 37.564736934192865], [126.9885087769927, 37.56458032970966], [126.98857856305997, 37.56358464298665], [126.98876050863389, 37.56290728134311], [126.98941431771651, 37.56286628177801], [126.98988622037419, 37.56288048898898], [126.99031773914612, 37.56295551238242], [126.99032541582211, 37.56289322092851], [126.9903390524704, 37.56278211837493], [126.99048001924683, 37.56162454704497], [126.99049048120555, 37.56150819211315], [126.9905181656508, 37.56119884635328], [126.98854450653435, 37.56038921814461], [126.9873813993399, 37.55838547378224], [126.98691508344605, 37.55745389208485], [126.98676888338825, 37.55732490462495], [126.98582159983376, 37.55676185772457], [126.9854233267172, 37.5566418205995], [126.98508907210125, 37.55657726894294], [126.98485958967991, 37.5562991032275], [126.98476422948958, 37.55616040222243], [126.9847383914529, 37.556122811390125], [126.98475704516987, 37.55588506294212], [126.98478894966813, 37.55579796062881], [126.9848579735725, 37.55560956445577], [126.98536412773345, 37.5542383883403], [126.98501388984263, 37.554174341870684], [126.98384189938538, 37.553960165346915], [126.98358268660122, 37.554199016031916], [126.983448311028, 37.55470093019694], [126.98342500487225, 37.5551053084878], [126.98339155493973, 37.55574737306878], [126.98337105991433, 37.55605047903622], [126.98327827179193, 37.55729494431391], [126.98325482875988, 37.55751229200868], [126.98325038055626, 37.55754472017956], [126.98324663837906, 37.557571969588594], [126.98323472531855, 37.557657545539676], [126.98315200348596, 37.55795462838923], [126.98306922929139, 37.55815594358479], [126.98285764029531, 37.558668785472044], [126.98273673542943, 37.55896119397855], [126.98262923210093, 37.55920313059683], [126.98251981691409, 37.559448169277644], [126.98235578821416, 37.559813551644105], [126.98227674037922, 37.559984613479344], [126.98222699652324, 37.56009225603973], [126.98126138975584, 37.5612630369372], [126.98108737734889, 37.56180104199569], [126.98140894887835, 37.562163040856774], [126.98203817295538, 37.56295736377829], [126.98227510611267, 37.56367472366295], [126.98240527395096, 37.564068828076664], [126.98263367648507, 37.56557663390231], [126.98264461070681, 37.56589959842637], [126.98264628375576, 37.56594928530391], [126.98059360360978, 37.56595007074266], [126.97971711380663, 37.56588370468477], [126.97835066896093, 37.56543985096956], [126.97563614739646, 37.56775642220666], [126.97529367787995, 37.56865839132112], [126.9752753631349, 37.56873421770358], [126.97537470991254, 37.56931556702156], [126.97597472821249, 37.56933629942578], [126.9770344988775, 37.56919453005456]]]]}}, {"type": "Feature", "properties": {"adm_cd": "11010570", "공식adm_nm": "서울특별시 종로구 무악동", "행정동": "무악동", "주센터번호": 9022, "주센터명": "서부", "운영센터": "9022", "분할비중": "9022(100.0%)", "센터수": 1, "단독": 1099, "공동": 1839, "영업": 126, "합계": 3064, "is_downtown": false, "난이도점수": 4415}, "geometry": {"type": "MultiPolygon", "coordinates": [[[[126.96067353273895, 37.58079784202974], [126.96281041047263, 37.57944880965677], [126.96284099051198, 37.57666158609274], [126.96178383085044, 37.57513908653102], [126.9606917293308, 37.57322005562149], [126.96041454461106, 37.573029851720705], [126.9595707378107, 37.572961218450786], [126.95392395620553, 37.578490716235244], [126.95355601666945, 37.57887566580947], [126.95416175053352, 37.57889874854087], [126.9548098422277, 37.57892481797071], [126.95495287262696, 37.57893057107094], [126.95545514457034, 37.578970069604246], [126.95555710960068, 37.57908687190313], [126.95574645955674, 37.57930378371988], [126.95576855122015, 37.58002395123694], [126.95576933368164, 37.5800494854105], [126.95579483992938, 37.58072925682743], [126.9564576046438, 37.58128325688558], [126.95700188847026, 37.58158320532254], [126.9571248221667, 37.581615317794835], [126.95826882631235, 37.58169718780316], [126.95877706184434, 37.58161817291028], [126.96067353273895, 37.58079784202974]]]]}}, {"type": "Feature", "properties": {"adm_cd": "11010530", "공식adm_nm": "서울특별시 종로구 사직동", "행정동": "사직동", "주센터번호": 9022, "주센터명": "서부", "운영센터": "9022", "분할비중": "9022(100.0%)", "센터수": 1, "단독": 1596, "공동": 3838, "영업": 2010, "합계": 7444, "is_downtown": false, "난이도점수": 13060}, "geometry": {"type": "MultiPolygon", "coordinates": [[[[126.97688884274817, 37.575650779448786], [126.9770344988775, 37.56919453005456], [126.97597472821249, 37.56933629942578], [126.97537470991254, 37.56931556702156], [126.97433193562325, 37.56926180051753], [126.96904837001854, 37.56819441770833], [126.96854493603384, 37.56842767961275], [126.9666499598212, 37.56949165520658], [126.96628175024485, 37.569700734798694], [126.9660973270804, 37.569856509723714], [126.96572852922577, 37.570183936115114], [126.96592699822128, 37.570318805686206], [126.96601094018429, 37.571548395577466], [126.96365922052196, 37.57517466066037], [126.9630860043451, 37.57648592001554], [126.96284099051198, 37.57666158609274], [126.96281041047263, 37.57944880965677], [126.96742431584332, 37.57960153712449], [126.96742176302651, 37.579263521441646], [126.9674300601846, 37.579192577998604], [126.9674570900956, 37.57897525058544], [126.96806604699626, 37.57824678046788], [126.96895511695477, 37.577935262340276], [126.96921284296906, 37.57793529930939], [126.96941453886579, 37.57812112414217], [126.9696644266947, 37.578531136682216], [126.96966721914872, 37.57873620513493], [126.96966877353309, 37.57899287900988], [126.96966949910363, 37.57911252674958], [126.96990457361626, 37.57930175362873], [126.97135197544759, 37.57951327793981], [126.97381925784454, 37.57937214030262], [126.97391736338342, 37.57848707304101], [126.97393961998088, 37.57824042997809], [126.97433153835757, 37.57574990629986], [126.97580378997804, 37.57564946882421], [126.97688884274817, 37.575650779448786]]]]}}, {"type": "Feature", "properties": {"adm_cd": "11010540", "공식adm_nm": "서울특별시 종로구 삼청동", "행정동": "삼청동", "주센터번호": 9022, "주센터명": "서부", "운영센터": "9022", "분할비중": "9022(100.0%)", "센터수": 1, "단독": 1299, "공동": 28, "영업": 534, "합계": 1861, "is_downtown": false, "난이도점수": 4228}, "geometry": {"type": "MultiPolygon", "coordinates": [[[[126.98268938649305, 37.5950655194224], [126.98337258456999, 37.59435192551688], [126.98386809792802, 37.59385046812643], [126.9840115836973, 37.59375538189762], [126.98427349619085, 37.593581837353476], [126.98467876724008, 37.593331231471026], [126.98522535985275, 37.5930571567418], [126.98528680814083, 37.593026356335294], [126.98532872580722, 37.59300572621492], [126.9857592771792, 37.59279401160435], [126.98647984078382, 37.59250646566558], [126.98752622820251, 37.592246800190104], [126.9887608091341, 37.59210400307576], [126.98910945071732, 37.59195341550092], [126.98947579208668, 37.5917950211998], [126.98907504810013, 37.59139446162827], [126.98789849580885, 37.5905567152052], [126.98621002796946, 37.58901596665143], [126.9860138742825, 37.58820164992095], [126.98601087423725, 37.588020241414476], [126.98595696428241, 37.587418359612826], [126.98579012895927, 37.58707512222899], [126.98533710003068, 37.586145890121195], [126.98497436228654, 37.58563328549675], [126.98446533234532, 37.585373689951126], [126.98371421781621, 37.5849704355389], [126.98291838651029, 37.583458326946825], [126.98284931592738, 37.58322799314754], [126.98283620716704, 37.58285406704333], [126.98284210401096, 37.58271776362089], [126.98286481989483, 37.5826063226581], [126.9829917870471, 37.58205705864077], [126.98403469536836, 37.578433706719785], [126.98463962427503, 37.577342343203], [126.98553316382565, 37.57667402546202], [126.98494884418297, 37.5763358803659], [126.98434478868091, 37.5760645251064], [126.98314665239185, 37.57552636292861], [126.97983903605082, 37.575943353839534], [126.9795924891094, 37.57597727455634], [126.97960579128436, 37.57660704191863], [126.97961751615897, 37.577161447995685], [126.97968954034279, 37.57860955110071], [126.97974112529974, 37.579131431874536], [126.98002822496196, 37.580086995769], [126.9803037016248, 37.580986173619735], [126.97941793890371, 37.58590023032471], [126.9789736688563, 37.587178178288674], [126.9788795757727, 37.58727127731593], [126.97656681181762, 37.589296953371566], [126.97615022517256, 37.589545227974334], [126.97569334351333, 37.58968403424009], [126.97363965976345, 37.59259411899389], [126.97358726355343, 37.593289023280704], [126.97585113775686, 37.5965642222441], [126.98105808767329, 37.59506510110589], [126.98268938649305, 37.5950655194224]]]]}}, {"type": "Feature", "properties": {"adm_cd": "11020520", "공식adm_nm": "서울특별시 중구 소공동", "행정동": "소공동", "주센터번호": 9022, "주센터명": "서부", "운영센터": "9022", "분할비중": "9022(100.0%)", "센터수": 1, "단독": 45, "공동": 1547, "영업": 1758, "합계": 3350, "is_downtown": true, "난이도점수": 6911}, "geometry": {"type": "MultiPolygon", "coordinates": [[[[126.98108737734889, 37.56180104199569], [126.98050124037191, 37.56151683916289], [126.98030881374004, 37.56142591791701], [126.97407477304803, 37.55982652702356], [126.9728718496518, 37.55971525405377], [126.97200617661218, 37.55963626305379], [126.9719362103378, 37.55963220503932], [126.97139923762587, 37.559602732847], [126.96959246175626, 37.56201362245151], [126.96677353826367, 37.56579436403005], [126.96718646998274, 37.566255827643815], [126.96713423029, 37.56630119278387], [126.96719305150863, 37.56636085699477], [126.96729746629627, 37.56646554636408], [126.96733567672948, 37.56650376640693], [126.96792521742005, 37.56709695369099], [126.96801027119919, 37.567182514221514], [126.96904837001854, 37.56819441770833], [126.97433193562325, 37.56926180051753], [126.97537470991254, 37.56931556702156], [126.9752753631349, 37.56873421770358], [126.97529367787995, 37.56865839132112], [126.97563614739646, 37.56775642220666], [126.97835066896093, 37.56543985096956], [126.97971711380663, 37.56588370468477], [126.98059360360978, 37.56595007074266], [126.98264628375576, 37.56594928530391], [126.98264461070681, 37.56589959842637], [126.98263367648507, 37.56557663390231], [126.98240527395096, 37.564068828076664], [126.98227510611267, 37.56367472366295], [126.98203817295538, 37.56295736377829], [126.98140894887835, 37.562163040856774], [126.98108737734889, 37.56180104199569]]]]}}, {"type": "Feature", "properties": {"adm_cd": "11140780", "공식adm_nm": "서울특별시 마포구 아현동", "행정동": "아현동", "주센터번호": 9022, "주센터명": "서부", "운영센터": "9022", "분할비중": "9022(100.0%)", "센터수": 1, "단독": 11, "공동": 10, "영업": 4, "합계": 25, "is_downtown": false, "난이도점수": 44}, "geometry": {"type": "MultiPolygon", "coordinates": [[[[126.95870842292932, 37.55665982191486], [126.9577678217168, 37.55513109989602], [126.9539896828331, 37.54807647310308], [126.95357738903446, 37.54746271683134], [126.9522102482157, 37.54558559216117], [126.95205711812339, 37.54564452933743], [126.95167854039813, 37.54514460537914], [126.95046569954623, 37.5435415502895], [126.9506424895186, 37.54342232220396], [126.94968160411595, 37.54381892668303], [126.94787922697955, 37.544643208927596], [126.94776913807816, 37.54536935349683], [126.94803735475463, 37.545548637494754], [126.9484843836123, 37.54595293967385], [126.94997700075642, 37.54762514721392], [126.95058706268898, 37.55232400913784], [126.9506029073966, 37.55249218424723], [126.95060871915999, 37.55255395361907], [126.95064808788027, 37.55297439022646], [126.95040652887673, 37.55397488873458], [126.94962613414467, 37.55502091425022], [126.94876270921579, 37.55542740855991], [126.94884695155683, 37.556970794758904], [126.9519528966659, 37.55712665080523], [126.9520101818502, 37.5571302967514], [126.95320542502945, 37.557218086173194], [126.95431580000968, 37.55729983786602], [126.95498444985667, 37.557434435629155], [126.95529661081466, 37.5574422027591], [126.95620668351982, 37.55746483494935], [126.95683965497368, 37.557475374899845], [126.95706931441661, 37.55747914787436], [126.95848525886001, 37.55723682283254], [126.95868476831676, 37.55684337204226], [126.95870842292932, 37.55665982191486]]]]}}, {"type": "Feature", "properties": {"adm_cd": "11020680", "공식adm_nm": "서울특별시 중구 중림동", "행정동": "중림동", "주센터번호": 9022, "주센터명": "서부", "운영센터": "9022", "분할비중": "9022(100.0%)", "센터수": 1, "단독": 1252, "공동": 4562, "영업": 751, "합계": 6565, "is_downtown": false, "난이도점수": 9319}, "geometry": {"type": "MultiPolygon", "coordinates": [[[[126.97139923762587, 37.559602732847], [126.97057199866777, 37.55931400389027], [126.96930300710652, 37.55802050617245], [126.96848897086406, 37.555383763681306], [126.96572001807336, 37.55411165026642], [126.96520182876334, 37.55374763829929], [126.9648491386671, 37.55349478944745], [126.96238687439413, 37.551503993982486], [126.96213622159183, 37.55192200380381], [126.96206857575635, 37.552079431603445], [126.961707249935, 37.55296638811462], [126.96166184027142, 37.553341718799274], [126.96170270446936, 37.55534292838133], [126.96183803921899, 37.555406608122205], [126.96198419860437, 37.55535206667223], [126.96202087010798, 37.55533783023146], [126.96205018456746, 37.55532645358582], [126.96292711127765, 37.55622661812477], [126.96309806743865, 37.55642298000917], [126.96321591360271, 37.557150258987356], [126.96303662082667, 37.5581825818219], [126.96148348639608, 37.55885377187588], [126.96206790104068, 37.559260916560895], [126.96360950482229, 37.55930961772834], [126.96365824755723, 37.559322233592916], [126.96371040778432, 37.559336531552084], [126.96375853610846, 37.55934972955887], [126.96387416639526, 37.55940884226382], [126.96418215321245, 37.559567417363624], [126.96432828751375, 37.55965012922717], [126.96523801390319, 37.56017103262458], [126.96553859719009, 37.560383834459664], [126.96618746790537, 37.5608457063168], [126.96653501986285, 37.56108049991978], [126.96661249068693, 37.561132677408004], [126.96690143193265, 37.56130638041185], [126.9673819387459, 37.561495553407404], [126.96792228036736, 37.56164334197116], [126.96808195972467, 37.56167898870059], [126.96889944696413, 37.56186068414217], [126.96959246175626, 37.56201362245151], [126.97139923762587, 37.559602732847]]]]}}, {"type": "Feature", "properties": {"adm_cd": "11130520", "공식adm_nm": "서울특별시 서대문구 천연동", "행정동": "천연동", "주센터번호": 9022, "주센터명": "서부", "운영센터": "9022", "분할비중": "9022(100.0%)", "센터수": 1, "단독": 2019, "공동": 5427, "영업": 412, "합계": 7858, "is_downtown": false, "난이도점수": 10701}, "geometry": {"type": "MultiPolygon", "coordinates": [[[[126.9595707378107, 37.572961218450786], [126.96189826008306, 37.57065058360019], [126.9658121875202, 37.566669014627266], [126.96551427902892, 37.566667621198306], [126.96340906626818, 37.56633921113185], [126.96295459873684, 37.56624585627303], [126.96274223029599, 37.56616604925539], [126.96258014913302, 37.5659715220914], [126.962543247685, 37.56589506505377], [126.95893644708865, 37.56554026072098], [126.95641228057032, 37.566777029665715], [126.95366744047068, 37.56934444310724], [126.95369487548783, 37.5705264762909], [126.95177510245556, 37.571733265864246], [126.95081800073399, 37.57388190465645], [126.95078084454342, 37.57489349106998], [126.95222244446195, 37.57742846023881], [126.9526406526693, 37.57795340509015], [126.95278572811449, 37.57812511675393], [126.95280986815693, 37.578153684089095], [126.95288093069516, 37.57823347867264], [126.95329207421652, 37.57838095692694], [126.95375565106458, 37.578484504227454], [126.95392395620553, 37.578490716235244], [126.9595707378107, 37.572961218450786]]]]}}, {"type": "Feature", "properties": {"adm_cd": "11010720", "공식adm_nm": "서울특별시 종로구 청운효자동", "행정동": "청운효자동", "주센터번호": 9022, "주센터명": "서부", "운영센터": "9022", "분할비중": "9022(100.0%)", "센터수": 1, "단독": 3441, "공동": 2016, "영업": 617, "합계": 6074, "is_downtown": false, "난이도점수": 10749}, "geometry": {"type": "MultiPolygon", "coordinates": [[[[126.97358726355343, 37.593289023280704], [126.97363965976345, 37.59259411899389], [126.97569334351333, 37.58968403424009], [126.97615022517256, 37.589545227974334], [126.97656681181762, 37.589296953371566], [126.9788795757727, 37.58727127731593], [126.9789736688563, 37.587178178288674], [126.97941793890371, 37.58590023032471], [126.9803037016248, 37.580986173619735], [126.98002822496196, 37.580086995769], [126.97974112529974, 37.579131431874536], [126.97968954034279, 37.57860955110071], [126.97961751615897, 37.577161447995685], [126.97960579128436, 37.57660704191863], [126.9795924891094, 37.57597727455634], [126.97688884274817, 37.575650779448786], [126.97580378997804, 37.57564946882421], [126.97433153835757, 37.57574990629986], [126.97393961998088, 37.57824042997809], [126.97391736338342, 37.57848707304101], [126.97381925784454, 37.57937214030262], [126.97135197544759, 37.57951327793981], [126.96990457361626, 37.57930175362873], [126.96966949910363, 37.57911252674958], [126.96966877353309, 37.57899287900988], [126.96966721914872, 37.57873620513493], [126.9696644266947, 37.578531136682216], [126.96941453886579, 37.57812112414217], [126.96921284296906, 37.57793529930939], [126.96895511695477, 37.577935262340276], [126.96806604699626, 37.57824678046788], [126.9674570900956, 37.57897525058544], [126.9674300601846, 37.579192577998604], [126.96742176302651, 37.579263521441646], [126.96742431584332, 37.57960153712449], [126.96281041047263, 37.57944880965677], [126.96067353273895, 37.58079784202974], [126.95789532461893, 37.583811410465415], [126.9577538691774, 37.584868680012], [126.95780467132904, 37.58498834135819], [126.95804842695327, 37.58521114524582], [126.95886514945398, 37.58595764505004], [126.95917912366734, 37.58610217226464], [126.95931127025352, 37.58606121583167], [126.95946929878956, 37.586012240450074], [126.95968214656355, 37.586044761977305], [126.96050597525429, 37.586263725012984], [126.96171066793023, 37.58667821129155], [126.96197714399632, 37.58683265456152], [126.96203639678752, 37.58686814731631], [126.96223300535345, 37.58698592219034], [126.96317388302286, 37.58786338117127], [126.96342248723037, 37.58814167454556], [126.96411590996077, 37.5889785669954], [126.96423724410882, 37.58913797948431], [126.96424002171672, 37.5893430475863], [126.96414204211857, 37.58958033196943], [126.96413760526842, 37.589635008911145], [126.96411161383803, 37.58998139049233], [126.96457451385055, 37.59097261926833], [126.96468814573528, 37.59112072592575], [126.9664337494751, 37.59293244072924], [126.96804392436819, 37.59359205532072], [126.96813865294972, 37.59361163575198], [126.96847201317486, 37.593525256602454], [126.96853059868413, 37.59350459936502], [126.96864235289421, 37.59346518297949], [126.96870727402127, 37.59341836116727], [126.96877898326484, 37.59336665034414], [126.96887189227614, 37.593364914263915], [126.96892484394625, 37.59336392580811], [126.96984441311325, 37.59347509519625], [126.97154760196382, 37.593701308790735], [126.97193752649407, 37.59388578222589], [126.97358726355343, 37.593289023280704]]]]}}, {"type": "Feature", "properties": {"adm_cd": "11130730", "공식adm_nm": "서울특별시 서대문구 충현동", "행정동": "충현동", "주센터번호": 9022, "주센터명": "서부", "운영센터": "9022", "분할비중": "9022(100.0%)", "센터수": 1, "단독": 1514, "공동": 3452, "영업": 635, "합계": 5601, "is_downtown": false, "난이도점수": 8385}, "geometry": {"type": "MultiPolygon", "coordinates": [[[[126.9658121875202, 37.566669014627266], [126.96677353826367, 37.56579436403005], [126.96959246175626, 37.56201362245151], [126.96889944696413, 37.56186068414217], [126.96808195972467, 37.56167898870059], [126.96792228036736, 37.56164334197116], [126.9673819387459, 37.561495553407404], [126.96690143193265, 37.56130638041185], [126.96661249068693, 37.561132677408004], [126.96653501986285, 37.56108049991978], [126.96618746790537, 37.5608457063168], [126.96553859719009, 37.560383834459664], [126.96523801390319, 37.56017103262458], [126.96432828751375, 37.55965012922717], [126.96418215321245, 37.559567417363624], [126.96387416639526, 37.55940884226382], [126.96375853610846, 37.55934972955887], [126.96371040778432, 37.559336531552084], [126.96365824755723, 37.559322233592916], [126.96360950482229, 37.55930961772834], [126.96206790104068, 37.559260916560895], [126.95928870552194, 37.561881802949365], [126.95922693669245, 37.56197000525246], [126.95819296938126, 37.561880763464664], [126.95805229479846, 37.56185983749907], [126.95546864767014, 37.561463750326226], [126.95343073769926, 37.56115125561123], [126.95252930270297, 37.56093976926214], [126.95068378950539, 37.560256313686395], [126.94986477053976, 37.55980973975571], [126.9495954779298, 37.560198958851934], [126.94951129000108, 37.560533650971955], [126.94921542773328, 37.56515617738945], [126.94968030023024, 37.56613067300719], [126.9500011058816, 37.56647511112877], [126.9496922384648, 37.56845618588185], [126.95366744047068, 37.56934444310724], [126.95641228057032, 37.566777029665715], [126.95893644708865, 37.56554026072098], [126.962543247685, 37.56589506505377], [126.96258014913302, 37.5659715220914], [126.96274223029599, 37.56616604925539], [126.96295459873684, 37.56624585627303], [126.96340906626818, 37.56633921113185], [126.96551427902892, 37.566667621198306], [126.9658121875202, 37.566669014627266]]]]}}, {"type": "Feature", "properties": {"adm_cd": "11020540", "공식adm_nm": "서울특별시 중구 회현동", "행정동": "회현동", "주센터번호": 9022, "주센터명": "서부", "운영센터": "9022", "분할비중": "9022(100.0%)", "센터수": 1, "단독": 1624, "공동": 1346, "영업": 964, "합계": 3934, "is_downtown": true, "난이도점수": 7486}, "geometry": {"type": "MultiPolygon", "coordinates": [[[[126.98536412773345, 37.5542383883403], [126.98542709369815, 37.553744426992886], [126.98487525605842, 37.553304439191265], [126.98446914066939, 37.55309310303041], [126.98414724485824, 37.553067703203126], [126.98374355150712, 37.55303585175674], [126.9830674398687, 37.55340364998983], [126.9825657931835, 37.553595166057264], [126.98148019856227, 37.55392390264949], [126.98083910613144, 37.55392559223424], [126.97982937775562, 37.55341526609197], [126.97841458160923, 37.55427319275102], [126.97715435141639, 37.554981937605824], [126.97705080029189, 37.55501640626198], [126.97695661934674, 37.55504659887737], [126.97692598220111, 37.555056414039605], [126.97673372437902, 37.55502626831344], [126.97662802818523, 37.55496270544252], [126.97657849539856, 37.55486322576352], [126.97656322762094, 37.554614029850704], [126.97655435903368, 37.554468891442106], [126.97649505680934, 37.553242861939424], [126.97649010238855, 37.55313461051958], [126.97665865287809, 37.55270834462548], [126.97236231894502, 37.55439110472889], [126.96907271591886, 37.553896930097174], [126.96848897086406, 37.555383763681306], [126.96930300710652, 37.55802050617245], [126.97057199866777, 37.55931400389027], [126.97139923762587, 37.559602732847], [126.9719362103378, 37.55963220503932], [126.97200617661218, 37.55963626305379], [126.9728718496518, 37.55971525405377], [126.97407477304803, 37.55982652702356], [126.98030881374004, 37.56142591791701], [126.98050124037191, 37.56151683916289], [126.98108737734889, 37.56180104199569], [126.98126138975584, 37.5612630369372], [126.98222699652324, 37.56009225603973], [126.98227674037922, 37.559984613479344], [126.98235578821416, 37.559813551644105], [126.98251981691409, 37.559448169277644], [126.98262923210093, 37.55920313059683], [126.98273673542943, 37.55896119397855], [126.98285764029531, 37.558668785472044], [126.98306922929139, 37.55815594358479], [126.98315200348596, 37.55795462838923], [126.98323472531855, 37.557657545539676], [126.98324663837906, 37.557571969588594], [126.98325038055626, 37.55754472017956], [126.98325482875988, 37.55751229200868], [126.98327827179193, 37.55729494431391], [126.98337105991433, 37.55605047903622], [126.98339155493973, 37.55574737306878], [126.98342500487225, 37.5551053084878], [126.983448311028, 37.55470093019694], [126.98358268660122, 37.554199016031916], [126.98384189938538, 37.553960165346915], [126.98501388984263, 37.554174341870684], [126.98536412773345, 37.5542383883403]]]]}}]}